session_id,auction_tier,date,hour,continuous_game_number,mode,schema_version,duration_seconds,termination_reason,round_count_observed,parse_quality_status,parse_limitation_count,protocol_status,protocol_parser_version,protocol_event_count,protocol_valid_event_count,protocol_unknown_event_count,protocol_schema_mismatch_count,protocol_settlement_valid,settlement_total,settlement_confidence,treasure_count,detected_value_sum,value_sum_difference,value_sum_matches,catalog_assignment_found,catalog_assignment_mode,catalog_independent_of_settlement_total,geometry_source,geometry_settlement_independent,final_occupied_cells,identity_review_item_count,clue_quality_conflict_count,treasure_blue_count,treasure_purple_count,treasure_gold_count,treasure_other_quality_count,treasure_1x1_count,treasure_1x2_count,treasure_2x1_count,treasure_2x2_count,treasure_other_size_count,treasure_value_min,treasure_value_median,treasure_value_mean,treasure_value_max,postgame_review_status,postgame_value_gate_status,postgame_value_gate_matches,final_treasure_review_status
session_c7d8f84b4cfebfdb,S,2026-07-27,15,1,adb-observer,1,168.484,final-capture-complete,4,complete_with_identity_review,3,,,,,,,,6060401,0.998892,30,6060401,0,true,true,classifier,true,yolo26n_background_catalog_scored,true,112,1,0,4,8,12,6,5,4,1,4,16,2360,88911.5,202013.366667,2685114,pending_round_clue_review,matched,true,auto_confirmed
session_6cbca280d57717dc,S,2026-07-27,16,1,adb-observer,1,73.656,final-capture-complete,1,complete,3,,,,,,,,3244642,0.982823,31,3244642,0,true,true,classifier,true,yolo26n_background_catalog_scored,true,99,0,0,8,9,12,2,8,4,3,5,11,2446,71497,104665.870968,706471,pending_round_clue_review,matched,true,auto_confirmed
session_92c4820076101c21,S,2026-07-27,16,2,adb-observer,1,229.172,final-capture-complete,5,needs_review,3,,,,,,,,4930394,0.977682,43,4930394,0,true,true,classifier,true,yolo26n_background_catalog_scored,true,144,1,1,5,15,17,6,10,1,3,9,20,2446,85093,114660.325581,713390,pending_round_clue_review,matched,true,auto_confirmed
session_808df8ce3ddb5546,S,2026-07-27,16,1,adb-observer,1,239.187,final-capture-complete,5,complete_with_identity_review,3,,,,,,,,6606490,0.990297,46,6606490,0,true,true,classifier,true,yolo26n_background_catalog_scored,true,142,1,0,7,20,14,5,10,4,6,7,19,9053,79737.0,143619.347826,2539483,pending_round_clue_review,matched,true,auto_confirmed
session_49cf44d925e41143,S,2026-07-27,16,2,adb-observer,1,260.203,final-capture-complete,5,needs_review,3,,,,,,,,6483532,0.965905,51,6272758,-210774,false,true,classifier,true,yolo26n_background_catalog_scored,true,162,2,0,14,19,10,8,13,5,5,6,22,2446,60018,122995.254902,2539483,pending_final_treasure_review,mismatched,false,pending
session_f4eac3ebd9e32690,S,2026-07-27,16,3,adb-observer,1,105.672,final-capture-complete,2,complete,3,,,,,,,,4581478,0.992015,33,4581478,0,true,true,classifier,true,yolo26n_background_catalog_scored,true,115,0,0,6,13,8,6,6,4,4,6,13,1814,73106,138832.666667,1587435,pending_round_clue_review,matched,true,auto_confirmed
session_50437c00cacd137d,S,2026-07-27,16,4,adb-observer,1,279.468,final-capture-complete,5,complete,3,,,,,,,,5546482,0.97749,60,5546482,0,true,true,classifier,true,yolo26n_background_catalog_scored,true,198,0,0,15,19,21,5,12,5,7,9,27,2360,70620.5,92441.366667,438654,pending_round_clue_review,matched,true,auto_confirmed
session_f6fb023e4e346d07,S,2026-07-27,16,5,adb-observer,1,165.688,final-capture-complete,4,complete,3,,,,,,,,4254507,0.969626,27,4254507,0,true,true,classifier,true,yolo26n_background_catalog_scored,true,86,0,0,5,10,10,2,5,2,5,4,11,6271,93012,157574.333333,1680426,pending_round_clue_review,matched,true,auto_confirmed
session_18c86c99f8d9dfc4,S,2026-07-27,16,6,adb-observer,1,55.234,final-capture-complete,1,needs_review,3,,,,,,,,2853359,0.985714,29,3003610,150251,false,true,classifier,true,yolo26n_background_catalog_scored,true,86,1,0,3,7,15,4,5,3,2,2,17,1814,79737,103572.758621,221819,pending_final_treasure_review,mismatched,false,pending
session_61091e55489bdeb1,S,2026-07-27,16,7,adb-observer,1,221.172,final-capture-complete,2,complete_with_identity_review,3,,,,,,,,4330926,0.988658,49,4330926,0,true,true,classifier,true,yolo26n_background_catalog_scored,true,158,1,0,8,19,15,7,5,8,9,11,16,3747,85093,88386.244898,247007,pending_round_clue_review,matched,true,auto_confirmed
session_6f5da02ed18180f0,S,2026-07-27,16,8,adb-observer,1,253.078,final-capture-complete,4,needs_review,3,,,,,,,,4853945,0.993434,60,4853945,0,true,true,classifier,true,yolo26n_background_catalog_scored,true,206,0,3,13,22,15,10,12,6,7,6,29,1420,64279.0,80899.083333,364855,pending_round_clue_review,matched,true,auto_confirmed
session_d757a583b1a91a39,S,2026-07-27,16,9,adb-observer,1,233.484,final-capture-complete,5,complete,3,,,,,,,,3439485,0.981035,36,3439485,0,true,true,classifier,true,yolo26n_background_catalog_scored,true,104,0,0,10,15,5,6,10,4,3,2,17,1814,46464.0,95541.25,706471,pending_round_clue_review,matched,true,auto_confirmed
session_da2b746c1b5fb352,S,2026-07-27,16,10,adb-observer,1,191.609,final-capture-complete,3,complete_with_identity_review,3,,,,,,,,4778949,0.985601,53,4778949,0,true,true,classifier,true,yolo26n_background_catalog_scored,true,198,1,0,9,17,20,7,7,5,2,15,24,2360,79737,90168.849057,281034,pending_round_clue_review,matched,true,auto_confirmed
session_b5d95fa1f5586c99,S,2026-07-27,16,11,adb-observer,1,151.547,final-capture-complete,4,needs_review,3,,,,,,,,2173121,0.998024,16,2180400,7279,false,true,classifier,true,yolo26n_background_catalog_scored,true,41,1,0,1,5,7,3,3,3,3,2,5,7279,117531.5,136275.0,489972,pending_final_treasure_review,mismatched,false,pending
session_eb1ec7b642389665,S,2026-07-27,16,12,adb-observer,1,185.093,final-capture-complete,2,needs_review,3,,,,,,,,3996507,0.980153,39,4479794,483287,false,true,classifier,true,yolo26n_background_catalog_scored,true,109,2,0,9,10,13,7,11,8,3,4,13,7982,85093,114866.512821,659511,pending_final_treasure_review,mismatched,false,pending
session_1c09bbfbb02cc26e,S,2026-07-27,17,13,adb-observer,1,123.25,final-capture-complete,1,complete_with_identity_review,3,,,,,,,,5896111,0.998168,60,5896111,0,true,true,classifier,true,yolo26n_background_catalog_scored,true,205,1,0,15,19,22,4,10,11,4,6,29,2360,73106.0,98268.516667,385956,pending_round_clue_review,matched,true,auto_confirmed
session_3643fef85c5d2f1d,S,2026-07-27,17,14,adb-observer,1,63.203,final-capture-complete,1,complete,3,,,,,,,,3071217,0.99467,45,3071217,0,true,true,classifier,true,yolo26n_background_catalog_scored,true,129,0,0,8,19,9,9,11,7,6,11,10,1420,42261,68249.266667,247007,pending_round_clue_review,matched,true,auto_confirmed
session_8cb17dbc8c196f0e,S,2026-07-27,17,15,adb-observer,1,156.343,final-capture-complete,4,complete,3,,,,,,,,3798915,0.991061,25,3798915,0,true,true,classifier,true,yolo26n_background_catalog_scored,true,100,0,0,5,7,7,6,3,1,2,7,12,3747,98067,151956.6,971708,pending_round_clue_review,matched,true,auto_confirmed
session_52176d588ef25cbe,S,2026-07-27,17,16,adb-observer,1,186.782,final-capture-complete,5,complete,3,,,,,,,,4196760,0.943945,30,4196760,0,true,true,classifier,true,yolo26n_background_catalog_scored,true,97,0,0,5,14,7,4,6,4,4,6,10,5567,62431.0,139892.0,1635681,pending_round_clue_review,matched,true,auto_confirmed
session_106ff61c57bde0e8,S,2026-07-27,17,17,adb-observer,1,267.219,final-capture-complete,5,complete_with_identity_review,3,,,,,,,,5052251,0.992178,39,5052251,0,true,true,classifier,true,yolo26n_background_catalog_scored,true,118,1,0,11,10,12,6,7,4,6,4,18,2446,67435,129544.897436,1561430,pending_round_clue_review,matched,true,auto_confirmed
session_94b64ed42b8a59cb,S,2026-07-27,17,18,adb-observer,1,80.907,final-capture-complete,1,complete_with_identity_review,3,,,,,,,,6739423,0.985592,45,6739423,0,true,true,classifier,true,yolo26n_background_catalog_scored,true,150,1,0,6,16,15,8,10,4,4,7,20,2446,98067,149764.955556,878245,pending_round_clue_review,matched,true,auto_confirmed
session_f6ae2b96f8a3f73e,S,2026-07-27,17,19,adb-observer,1,65.64,final-capture-complete,1,complete,3,,,,,,,,1310376,0.984997,20,1310376,0,true,true,classifier,true,yolo26n_background_catalog_scored,true,69,0,0,3,9,5,3,6,1,1,2,10,1814,56185.0,65518.8,225664,pending_round_clue_review,matched,true,auto_confirmed
session_d2324e7d80fb1ded,S,2026-07-27,17,20,adb-observer,1,72.0,final-capture-complete,1,complete,3,,,,,,,,7418418,0.990183,60,7418418,0,true,true,classifier,true,yolo26n_background_catalog_scored,true,208,0,0,12,22,16,10,8,7,8,8,29,1420,70887.5,123640.3,1486670,pending_round_clue_review,matched,true,auto_confirmed
session_9ed0a054dc86af1c,S,2026-07-27,17,21,adb-observer,1,109.704,final-capture-complete,3,complete,3,,,,,,,,2470126,0.9951,17,2470126,0,true,true,classifier,true,yolo26n_background_catalog_scored,true,57,0,0,4,4,5,4,2,2,3,3,7,2446,106949,145301.529412,659511,pending_round_clue_review,matched,true,auto_confirmed
session_86d2ebaaf76123f3,S,2026-07-27,17,22,adb-observer,1,197.265,final-capture-complete,4,needs_review,3,,,,,,,,6062138,0.992744,46,9059777,2997639,false,true,classifier,true,yolo26n_background_catalog_scored,true,148,1,0,13,11,14,8,10,6,5,11,14,2360,60868.5,196951.673913,2999999,pending_final_treasure_review,mismatched,false,pending
session_725156bd9a749365,S,2026-07-27,17,23,adb-observer,1,246.265,final-capture-complete,5,needs_review,3,,,,,,,,6063243,0.975659,34,6063243,0,true,true,classifier,true,yolo26n_background_catalog_scored,true,110,0,2,6,11,10,7,8,3,5,5,13,3797,86233.5,178330.676471,2394967,pending_round_clue_review,matched,true,auto_confirmed
session_9b539def46afb4d3,S,2026-07-27,17,24,adb-observer,1,269.282,final-capture-complete,4,complete,3,,,,,,,,6232105,0.994901,45,6232105,0,true,true,classifier,true,yolo26n_background_catalog_scored,true,143,0,0,14,15,9,7,12,2,5,6,20,2446,61123,138491.222222,1635681,pending_round_clue_review,matched,true,auto_confirmed
session_98edab3e88657055,S,2026-07-27,17,25,adb-observer,1,158.172,final-capture-complete,2,complete,3,,,,,,,,4131007,0.994158,53,4131007,0,true,true,classifier,true,yolo26n_background_catalog_scored,true,173,0,0,11,21,18,3,9,10,1,4,29,1420,67435,77943.528302,225664,pending_round_clue_review,matched,true,auto_confirmed
session_305a030ef23d6eb7,S,2026-07-27,17,26,adb-observer,1,180.532,final-capture-complete,5,complete,3,,,,,,,,3126298,0.995975,25,3126298,0,true,true,classifier,true,yolo26n_background_catalog_scored,true,87,0,0,7,9,6,3,5,2,4,4,10,2446,61123,125051.92,630423,pending_round_clue_review,matched,true,auto_confirmed
session_40dd56dbaf72cfc0,S,2026-07-27,17,27,adb-observer,1,142.297,final-capture-complete,1,needs_review,3,,,,,,,,6437249,0.987957,42,6465381,28132,false,true,classifier,true,yolo26n_background_catalog_scored,true,143,2,0,11,16,7,8,7,5,4,4,22,2446,71497.0,153937.642857,1080961,pending_final_treasure_review,mismatched,false,pending
session_d5818f3d0481e84b,S,2026-07-27,17,28,adb-observer,1,157.891,final-capture-complete,4,complete,3,,,,,,,,2527644,0.990396,33,2527644,0,true,true,classifier,true,yolo26n_background_catalog_scored,true,113,0,0,8,15,6,4,4,2,5,8,14,4507,47954,76595.272727,281034,pending_round_clue_review,matched,true,auto_confirmed
session_32b7abf8da97d168,S,2026-07-27,17,29,adb-observer,1,122.407,final-capture-complete,3,complete,3,,,,,,,,2439786,0.986057,25,2439786,0,true,true,classifier,true,yolo26n_background_catalog_scored,true,71,0,0,6,6,11,2,7,6,1,2,9,4507,67435,97591.44,364855,pending_round_clue_review,matched,true,auto_confirmed
session_d31665139f7807dd,S,2026-07-27,17,30,adb-observer,1,49.61,final-capture-complete,1,complete,3,,,,,,,,1780818,0.988396,18,1780818,0,true,true,classifier,true,yolo26n_background_catalog_scored,true,71,0,0,3,6,8,1,1,2,2,5,8,7982,94369.0,98934.333333,302326,pending_round_clue_review,matched,true,auto_confirmed
session_24d7528882980c54,S,2026-07-27,17,31,adb-observer,1,109.906,final-capture-complete,1,complete_with_identity_review,3,,,,,,,,4027489,0.943121,39,4027489,0,true,true,classifier,true,yolo26n_background_catalog_scored,true,140,1,0,12,14,9,4,8,4,3,4,20,2446,51756,103268.948718,992601,pending_round_clue_review,matched,true,auto_confirmed
session_04fd3bd62c827f26,S,2026-07-27,17,32,adb-observer,1,51.859,final-capture-complete,1,complete,3,,,,,,,,1887746,0.978794,21,1887746,0,true,true,classifier,true,yolo26n_background_catalog_scored,true,70,0,0,3,6,8,4,4,0,2,5,10,6685,60614,89892.666667,281034,pending_round_clue_review,matched,true,auto_confirmed
session_2bb8b627b615f56b,S,2026-07-27,17,33,adb-observer,1,142.328,final-capture-complete,4,complete_with_identity_review,3,,,,,,,,4067282,0.981859,18,4067282,0,true,true,classifier,true,yolo26n_background_catalog_scored,true,63,1,0,2,7,4,5,0,3,2,5,8,1420,87872.5,225960.111111,1293299,pending_round_clue_review,matched,true,auto_confirmed
session_f7c91c69b13acf69,S,2026-07-27,17,34,adb-observer,1,166.328,final-capture-complete,2,complete,3,,,,,,,,6604817,0.991919,44,6604817,0,true,true,classifier,true,yolo26n_background_catalog_scored,true,138,0,0,10,10,13,11,8,7,8,4,17,1420,60316.0,150109.477273,1587435,pending_round_clue_review,matched,true,auto_confirmed
session_ce2e8895ef1d7a9f,S,2026-07-27,17,35,adb-observer,1,181.172,final-capture-complete,3,complete,3,,,,,,,,5448601,0.987536,34,5448601,0,true,true,classifier,true,yolo26n_background_catalog_scored,true,97,0,0,7,10,12,5,8,7,2,2,15,1420,82918.0,160252.970588,2394967,pending_round_clue_review,matched,true,auto_confirmed
session_08040f9e160dc0c8,S,2026-07-27,18,36,adb-observer,1,159.594,final-capture-complete,3,complete_with_identity_review,3,,,,,,,,3354014,0.985312,33,3354014,0,true,true,classifier,true,yolo26n_background_catalog_scored,true,105,1,0,7,12,10,4,3,5,4,3,18,3747,79737,101636.787879,381262,pending_round_clue_review,matched,true,auto_confirmed
session_f9ff292d1ef6fc0b,S,2026-07-27,18,37,adb-observer,1,175.719,final-capture-complete,4,needs_review,3,,,,,,,,2044833,0.99186,21,1869777,-175056,false,true,classifier,true,yolo26n_background_catalog_scored,true,65,0,0,4,5,10,2,5,3,1,1,11,1814,60018,89037.0,225664,pending_final_treasure_review,mismatched,false,pending
session_55b1c93af2d31d45,S,2026-07-27,18,38,adb-observer,1,151.468,final-capture-complete,4,needs_review,3,,,,,,,,2953145,0.986799,21,2778089,-175056,false,true,classifier,true,yolo26n_background_catalog_scored,true,66,0,0,5,6,8,2,6,4,0,4,7,7279,98067,132289.952381,878245,pending_final_treasure_review,mismatched,false,pending
session_da8e622013d9087c,S,2026-07-27,18,39,adb-observer,1,246.563,final-capture-complete,5,needs_review,3,,,,,,,,6790385,0.984687,41,6790385,0,true,true,classifier,true,yolo26n_background_catalog_scored,true,146,1,1,7,12,13,9,5,5,4,3,24,1420,93012,165619.146341,1956574,pending_round_clue_review,matched,true,auto_confirmed
session_d6a52c612f652da8,S,2026-07-27,18,40,adb-observer,1,103.015,final-capture-complete,2,complete_with_identity_review,3,,,,,,,,4077390,0.982696,39,4077390,0,true,true,classifier,true,yolo26n_background_catalog_scored,true,119,1,0,5,14,14,6,10,4,4,6,15,3797,85093,104548.461538,438654,pending_round_clue_review,matched,true,auto_confirmed
session_e1eb91494c33f40f,S,2026-07-27,18,41,adb-observer,1,247.828,final-capture-complete,5,complete_with_identity_review,3,,,,,,,,4610276,0.996231,41,4610276,0,true,true,classifier,true,yolo26n_background_catalog_scored,true,126,1,0,7,15,8,11,14,3,2,6,16,1814,71497,112445.756098,540336,pending_round_clue_review,matched,true,auto_confirmed
session_6204851eec9eb3c5,S,2026-07-27,18,42,adb-observer,1,289.235,final-capture-complete,5,complete,3,,,,,,,,5986133,0.991075,41,5986133,0,true,true,classifier,true,yolo26n_background_catalog_scored,true,139,0,0,6,13,16,6,6,6,6,7,16,3747,96819,146003.243902,1878833,pending_round_clue_review,matched,true,auto_confirmed
session_446322114cec4b5a,S,2026-07-27,18,43,adb-observer,1,85.015,final-capture-complete,1,complete,3,,,,,,,,6718722,0.986,41,6718722,0,true,true,classifier,true,yolo26n_background_catalog_scored,true,141,0,0,10,10,14,7,6,8,4,6,17,1814,92730,163871.268293,2539483,pending_round_clue_review,matched,true,auto_confirmed
session_bc555066c489d37b,S,2026-07-27,18,44,adb-observer,1,177.468,final-capture-complete,5,complete_with_identity_review,3,,,,,,,,4619785,0.987722,21,4619785,0,true,true,classifier,true,yolo26n_background_catalog_scored,true,52,1,0,1,7,8,5,9,1,2,4,5,3797,115115,219989.761905,1307336,pending_round_clue_review,matched,true,auto_confirmed
session_f43534ae3972037a,S,2026-07-27,18,45,adb-observer,1,220.672,final-capture-complete,5,complete,3,,,,,,,,6592713,0.980985,53,6592713,0,true,true,classifier,true,yolo26n_background_catalog_scored,true,184,0,0,13,18,17,5,13,3,5,5,27,3747,79737,124390.811321,1486670,pending_round_clue_review,matched,true,auto_confirmed
session_77d7a5b7d472f37c,S,2026-07-27,18,46,adb-observer,1,180.329,final-capture-complete,3,needs_review,3,,,,,,,,5523932,0.978551,53,6293978,770046,false,true,classifier,true,yolo26n_background_catalog_scored,true,171,1,1,14,17,14,8,10,9,9,2,23,1420,67435,118754.301887,776546,pending_final_treasure_review,mismatched,false,pending
session_5a565ef12db12680,S,2026-07-27,18,47,adb-observer,1,180.828,final-capture-complete,5,complete,3,,,,,,,,2274337,0.987881,16,2274337,0,true,true,classifier,true,yolo26n_background_catalog_scored,true,65,0,0,2,8,4,2,2,1,1,2,10,5567,102508.0,142146.0625,776546,pending_round_clue_review,matched,true,auto_confirmed
session_e6eab468587921a1,S,2026-07-27,18,48,adb-observer,1,94.454,final-capture-complete,2,complete,3,,,,,,,,2197319,0.992043,25,2197319,0,true,true,classifier,true,yolo26n_background_catalog_scored,true,81,0,0,6,8,8,3,6,3,2,2,12,3747,60614,87892.76,302326,pending_round_clue_review,matched,true,auto_confirmed
session_5df300d92035d05b,S,2026-07-27,18,49,adb-observer,1,154.016,final-capture-complete,4,complete,3,,,,,,,,3828247,0.98382,27,3828247,0,true,true,classifier,true,yolo26n_background_catalog_scored,true,80,0,0,10,8,4,5,6,3,3,5,10,3797,44974,141786.925926,1878833,pending_round_clue_review,matched,true,auto_confirmed
session_70529810fcc8ecb3,S,2026-07-27,18,50,adb-observer,1,150.562,final-capture-complete,4,complete_with_identity_review,3,,,,,,,,5152816,0.996687,20,5152816,0,true,true,classifier,true,yolo26n_background_catalog_scored,true,73,1,0,4,5,5,6,3,3,3,1,10,1814,76672.0,257640.8,2557820,pending_round_clue_review,matched,true,auto_confirmed
session_4d46c5f009dbf4a2,S,2026-07-27,18,51,adb-observer,1,168.157,final-capture-complete,4,complete,3,,,,,,,,3940600,0.989731,24,3940600,0,true,true,classifier,true,yolo26n_background_catalog_scored,true,77,0,0,5,7,9,3,4,3,1,8,8,6271,91580.0,164191.666667,1293299,pending_round_clue_review,matched,true,auto_confirmed
session_32d6a4c715783ee6,S,2026-07-27,18,52,adb-observer,1,167.937,final-capture-complete,4,complete,3,,,,,,,,3629305,0.97883,30,3629305,0,true,true,classifier,true,yolo26n_background_catalog_scored,true,90,0,0,4,8,15,3,11,1,4,3,11,6271,93720.0,120976.833333,659511,pending_round_clue_review,matched,true,auto_confirmed
session_bf517dc8474bff5c,S,2026-07-27,18,53,adb-observer,1,47.25,final-capture-complete,1,complete,3,,,,,,,,1462518,0.997845,17,1462518,0,true,true,classifier,true,yolo26n_background_catalog_scored,true,47,0,0,2,8,5,2,3,3,2,1,8,1420,73106,86030.470588,281034,pending_round_clue_review,matched,true,auto_confirmed
session_665799e5f8b9c64d,S,2026-07-27,18,54,adb-observer,1,218.563,final-capture-complete,5,complete,3,,,,,,,,5009194,0.994554,38,5009194,0,true,true,classifier,true,yolo26n_background_catalog_scored,true,148,0,0,14,12,9,3,5,4,3,9,17,2360,60018.0,131820.894737,2539483,pending_round_clue_review,matched,true,auto_confirmed
session_22776f177f9c2df7,S,2026-07-27,18,55,adb-observer,1,134.797,final-capture-complete,2,complete,3,,,,,,,,4716312,0.975093,34,4716312,0,true,true,classifier,true,yolo26n_background_catalog_scored,true,107,0,0,8,15,7,4,3,6,5,7,13,2446,76421.5,138715.058824,1878833,pending_round_clue_review,matched,true,auto_confirmed
session_67ea12fed60840cb,S,2026-07-27,18,56,adb-observer,1,165.657,final-capture-complete,4,needs_review,3,,,,,,,,3692692,0.988111,42,3692692,0,true,true,classifier,true,yolo26n_background_catalog_scored,true,146,0,1,8,13,14,7,4,6,5,9,18,2446,70620.5,87921.238095,381262,pending_round_clue_review,matched,true,auto_confirmed
session_d1b5cc235615b44e,S,2026-07-27,19,57,adb-observer,1,101.172,final-capture-complete,2,complete_with_identity_review,3,,,,,,,,6380099,0.974741,50,6380099,0,true,true,classifier,true,yolo26n_background_catalog_scored,true,178,2,0,9,20,13,8,6,6,4,8,26,1420,71692.0,127601.98,1080961,pending_round_clue_review,matched,true,auto_confirmed
session_fbc9b9f5022aa0d8,S,2026-07-27,19,58,adb-observer,1,182.546,final-capture-complete,5,complete,3,,,,,,,,3287215,0.998994,19,3287215,0,true,true,classifier,true,yolo26n_background_catalog_scored,true,75,0,0,4,6,7,2,1,1,4,1,12,4507,71497,173011.315789,1587435,pending_round_clue_review,matched,true,auto_confirmed
session_f8d37c48ed4adc6a,S,2026-07-27,19,59,adb-observer,1,42.703,final-capture-complete,1,complete,3,,,,,,,,1153190,0.999301,10,1153190,0,true,true,classifier,true,yolo26n_background_catalog_scored,true,34,0,0,1,4,4,1,1,2,2,1,4,1420,119370.5,115319.0,225664,pending_round_clue_review,matched,true,auto_confirmed
session_a0de1d3b2c50fe3b,S,2026-07-27,19,60,adb-observer,1,281.75,final-capture-complete,5,needs_review,3,,,,,,,,6375854,0.985487,52,6861319,485465,false,true,classifier,true,yolo26n_background_catalog_scored,true,169,1,1,11,16,15,10,11,5,6,7,23,2446,94510.0,131948.442308,1083805,pending_final_treasure_review,mismatched,false,pending
session_5c8b755852540180,S,2026-07-27,19,61,adb-observer,1,226.89,final-capture-complete,4,complete_with_identity_review,3,,,,,,,,3856525,0.97123,49,3856525,0,true,true,classifier,true,yolo26n_background_catalog_scored,true,150,1,0,9,20,14,6,13,5,4,5,22,1420,67435,78704.591837,283538,pending_round_clue_review,matched,true,auto_confirmed
session_37d41c7ce65e79b9,S,2026-07-27,19,62,adb-observer,1,148.546,final-capture-complete,3,complete_with_identity_review,3,,,,,,,,3940713,0.987138,34,3940713,0,true,true,classifier,true,yolo26n_background_catalog_scored,true,105,1,0,8,8,15,3,5,6,4,5,14,2360,94510.0,115903.323529,302326,pending_round_clue_review,matched,true,auto_confirmed
session_3c6feb13e1869053,S,2026-07-27,19,63,adb-observer,1,212.422,final-capture-complete,4,complete_with_identity_review,3,,,,,,,,3848036,0.987517,28,3848036,0,true,true,classifier,true,yolo26n_background_catalog_scored,true,116,1,0,8,9,6,5,3,3,1,6,15,2360,57694.5,137429.857143,1486670,pending_round_clue_review,matched,true,auto_confirmed
session_7db59d865570d6cf,S,2026-07-27,19,64,adb-observer,1,175.859,final-capture-complete,4,complete,3,,,,,,,,1862324,0.998458,24,1862324,0,true,true,classifier,true,yolo26n_background_catalog_scored,true,85,0,0,5,9,6,4,2,2,4,2,14,3747,60614.0,77596.833333,247007,pending_round_clue_review,matched,true,auto_confirmed
session_8542f6bc5b91f583,S,2026-07-27,19,65,adb-observer,1,123.344,final-capture-complete,3,complete,3,,,,,,,,755156,0.987007,10,755156,0,true,true,classifier,true,yolo26n_background_catalog_scored,true,32,0,0,3,3,3,1,3,1,1,1,4,4507,71425.0,75515.6,175056,pending_round_clue_review,matched,true,auto_confirmed
session_3844eb726ccaf8ec,S,2026-07-27,19,66,adb-observer,1,114.578,final-capture-complete,1,complete,3,,,,,,,,4563581,0.978065,32,4563581,0,true,true,classifier,true,yolo26n_background_catalog_scored,true,101,0,0,8,11,10,3,8,4,2,3,15,1814,67114.5,142611.90625,1956574,pending_round_clue_review,matched,true,auto_confirmed
session_9c8b9e4d8991be1e,S,2026-07-27,19,67,adb-observer,1,126.703,final-capture-complete,4,complete,3,,,,,,,,2312010,0.998497,13,2312010,0,true,true,classifier,true,yolo26n_background_catalog_scored,true,43,0,0,2,4,5,2,2,1,1,1,8,9053,79737,177846.923077,878245,pending_round_clue_review,matched,true,auto_confirmed
session_3b0899c031184ae4,S,2026-07-27,19,68,adb-observer,1,238.922,final-capture-complete,4,complete,3,,,,,,,,5236030,0.969439,54,5236030,0,true,true,classifier,true,yolo26n_background_catalog_scored,true,174,0,0,14,15,20,5,12,5,7,6,24,2446,83059.0,96963.518519,364855,pending_round_clue_review,matched,true,auto_confirmed
session_99888fe11897da34,S,2026-07-27,19,69,adb-observer,1,116.907,final-capture-complete,1,complete,3,,,,,,,,3973498,0.990581,40,3973498,0,true,true,classifier,true,yolo26n_background_catalog_scored,true,137,0,0,7,11,21,1,7,6,3,4,20,9053,97679.5,99337.45,224110,pending_round_clue_review,matched,true,auto_confirmed
session_0c69dcb60b2ee62b,S,2026-07-27,19,70,adb-observer,1,117.578,final-capture-complete,2,needs_review,3,,,,,,,,4907092,0.995603,60,4716895,-190197,false,true,classifier,true,yolo26n_background_catalog_scored,true,218,1,0,12,18,18,12,6,10,7,10,27,1420,47954.0,78614.916667,281034,pending_final_treasure_review,mismatched,false,pending
session_f4dab93f846d624f,S,2026-07-27,19,71,adb-observer,1,218.688,final-capture-complete,5,complete_with_identity_review,3,,,,,,,,5165723,0.972461,29,5165723,0,true,true,classifier,true,yolo26n_background_catalog_scored,true,88,1,0,2,10,11,6,4,2,6,5,12,3747,106949,178128.37931,1293299,pending_round_clue_review,matched,true,auto_confirmed
session_947333d73700aa4f,S,2026-07-27,19,72,adb-observer,1,220.969,final-capture-complete,5,complete_with_identity_review,3,,,,,,,,3392859,0.983746,33,3392859,0,true,true,classifier,true,yolo26n_background_catalog_scored,true,109,1,0,6,10,11,6,8,6,0,5,14,3797,69744,102813.909091,776546,pending_round_clue_review,matched,true,auto_confirmed
session_b5c5cecaeb7abc1f,S,2026-07-27,19,73,adb-observer,1,117.531,final-capture-complete,3,complete_with_identity_review,3,,,,,,,,3626963,0.98663,23,3626963,0,true,true,classifier,true,yolo26n_background_catalog_scored,true,73,1,0,3,9,6,5,5,3,2,1,12,1814,71497,157694.043478,1080961,pending_round_clue_review,matched,true,auto_confirmed
session_14a5e3e5e813d9c5,S,2026-07-27,19,74,adb-observer,1,55.015,final-capture-complete,1,complete_with_identity_review,3,,,,,,,,2128011,0.998883,13,2128011,0,true,true,classifier,true,yolo26n_background_catalog_scored,true,51,1,0,1,6,4,2,3,0,3,0,7,8454,92730,163693.153846,1080961,pending_round_clue_review,matched,true,auto_confirmed
session_55e1704cbc24c74c,S,2026-07-27,19,75,adb-observer,1,122.344,final-capture-complete,3,complete,3,,,,,,,,3348249,0.984427,25,3348249,0,true,true,classifier,true,yolo26n_background_catalog_scored,true,84,0,0,4,6,11,4,4,1,4,1,15,2446,96819,133929.96,706471,pending_round_clue_review,matched,true,auto_confirmed
session_25240947d9c2a3f4,S,2026-07-27,19,76,adb-observer,1,175.734,final-capture-complete,3,complete,3,,,,,,,,6722927,0.976485,30,6722927,0,true,true,classifier,true,yolo26n_background_catalog_scored,true,94,0,0,5,9,11,5,8,2,5,3,12,3797,104648.0,224097.566667,1680426,pending_round_clue_review,matched,true,auto_confirmed
session_16535aad56af9b1e,S,2026-07-27,19,77,adb-observer,1,283.547,final-capture-complete,5,needs_review,3,,,,,,,,6598878,0.976177,60,7897161,1298283,false,true,classifier,true,yolo26n_background_catalog_scored,true,188,3,0,13,23,17,7,11,4,9,10,26,1814,70278.0,131619.35,1307336,pending_final_treasure_review,mismatched,false,pending
session_e783af6ffa579e48,S,2026-07-27,20,78,adb-observer,1,179.609,final-capture-complete,3,complete,3,,,,,,,,4156006,0.991062,24,4156006,0,true,true,classifier,true,yolo26n_background_catalog_scored,true,81,0,0,2,9,8,5,4,4,3,3,10,8454,121147.5,173166.916667,799999,pending_final_treasure_review,mismatched,false,pending
session_8b7c9656193e7fbf,S,2026-07-27,20,79,adb-observer,1,202.422,final-capture-complete,4,complete_with_identity_review,3,,,,,,,,5851506,0.984173,37,5851506,0,true,true,classifier,true,yolo26n_background_catalog_scored,true,109,2,0,10,8,11,8,11,4,5,5,12,1814,61123,158148.810811,2557820,pending_round_clue_review,matched,true,auto_confirmed
session_62d49ed346ce47cd,S,2026-07-27,20,80,adb-observer,1,144.344,final-capture-complete,3,needs_review,3,,,,,,,,4597249,0.983786,48,4604528,7279,false,true,classifier,true,yolo26n_background_catalog_scored,true,168,1,0,11,15,17,5,8,5,7,7,21,3747,73106.0,95927.666667,302326,pending_final_treasure_review,mismatched,false,pending
session_d26649c4b5ac2803,S,2026-07-27,20,81,adb-observer,1,699.281,keyboard-interrupt,4,,,,,,,,,,,,,,,,,,,,,,,,0,0,0,0,0,0,0,0,0,,,,,,,,
session_2915434baad287b0,S,2026-07-27,20,1,adb-observer,1,209.797,final-capture-complete,4,complete,3,,,,,,,,6666451,0.987789,47,6666451,0,true,true,classifier,true,yolo26n_background_catalog_scored,true,146,0,0,13,13,17,4,8,9,7,4,19,2360,70278,141839.382979,1878833,pending_round_clue_review,matched,true,auto_confirmed
session_5c2dcad74f24bbf6,S,2026-07-27,20,2,adb-observer,1,256.281,final-capture-complete,5,complete,3,,,,,,,,3501249,0.997452,46,3501249,0,true,true,classifier,true,yolo26n_background_catalog_scored,true,147,0,0,8,20,12,6,8,6,4,11,17,2446,70011.0,76114.108696,226538,pending_round_clue_review,matched,true,auto_confirmed
session_39d4f1c02b7deb5e,S,2026-07-27,20,3,adb-observer,1,200.0,final-capture-complete,5,complete,3,,,,,,,,5406545,0.980305,41,5406545,0,true,true,classifier,true,yolo26n_background_catalog_scored,true,149,0,0,9,9,16,7,9,4,2,2,24,2446,71497,131866.95122,1486670,pending_round_clue_review,matched,true,auto_confirmed
session_ed8700cf291af08d,S,2026-07-27,20,4,adb-observer,1,60.469,final-capture-complete,1,complete,3,,,,,,,,3497619,0.99096,31,3497619,0,true,true,classifier,true,yolo26n_background_catalog_scored,true,106,0,0,5,9,14,3,7,2,3,2,17,1814,79737,112826.419355,438654,pending_round_clue_review,matched,true,auto_confirmed
session_eea99abd9120d183,S,2026-07-27,20,5,adb-observer,1,54.906,final-capture-complete,1,complete,3,,,,,,,,3705679,0.982605,30,3705679,0,true,true,classifier,true,yolo26n_background_catalog_scored,true,87,0,0,7,8,7,8,9,5,3,5,8,1814,42389.0,123522.633333,1956574,pending_round_clue_review,matched,true,auto_confirmed
session_bda79a417ea841d1,S,2026-07-27,20,6,adb-observer,1,77.891,final-capture-complete,2,complete,3,,,,,,,,1737707,0.99245,18,1737707,0,true,true,classifier,true,yolo26n_background_catalog_scored,true,62,0,0,2,8,4,4,4,0,2,3,9,3747,68856.5,96539.277778,364855,pending_round_clue_review,matched,true,auto_confirmed
session_e38d73e6a21b418d,S,2026-07-27,20,7,adb-observer,1,253.656,final-capture-complete,5,complete_with_identity_review,3,,,,,,,,4410994,0.991559,26,4410994,0,true,true,classifier,true,yolo26n_background_catalog_scored,true,92,1,0,2,12,6,6,5,3,1,7,10,3797,108262.5,169653.615385,1080961,pending_final_treasure_review,mismatched,false,pending
session_581a4a5b395c4334,S,2026-07-27,20,8,adb-observer,1,196.578,final-capture-complete,4,complete,3,,,,,,,,3012367,0.993184,29,3012367,0,true,true,classifier,true,yolo26n_background_catalog_scored,true,110,0,0,8,8,10,3,2,4,3,4,16,5567,71497,103874.724138,438654,pending_round_clue_review,matched,true,auto_confirmed
session_101caf0fbdbc1b12,S,2026-07-27,20,9,adb-observer,1,47.234,final-capture-complete,1,complete,3,,,,,,,,1154018,0.991466,10,1154018,0,true,true,classifier,true,yolo26n_background_catalog_scored,true,31,0,0,1,4,4,1,2,2,1,2,3,7982,99839.5,115401.8,302326,pending_round_clue_review,matched,true,auto_confirmed
session_3b17097dde649460,S,2026-07-27,20,10,adb-observer,1,65.688,final-capture-complete,1,complete,3,,,,,,,,1058253,0.995149,10,1058253,0,true,true,classifier,true,yolo26n_background_catalog_scored,true,34,0,0,1,4,4,1,2,1,1,1,5,2446,93343.0,105825.3,226538,pending_round_clue_review,matched,true,auto_confirmed
session_abd5f8ae2e6a4709,S,2026-07-27,20,11,adb-observer,1,230.547,final-capture-complete,5,complete_with_identity_review,3,,,,,,,,5843866,0.974046,33,5843866,0,true,true,classifier,true,yolo26n_background_catalog_scored,true,114,1,0,7,10,10,6,5,3,2,3,20,1814,85093,177086.848485,3061687,pending_round_clue_review,matched,true,auto_confirmed
session_a4b1366da0a1c416,S,2026-07-27,20,12,adb-observer,1,215.875,final-capture-complete,4,complete,3,,,,,,,,4296914,0.992446,60,4296914,0,true,true,classifier,true,yolo26n_background_catalog_scored,true,192,0,0,16,20,14,10,16,10,3,3,28,1420,53986.0,71615.233333,302326,pending_round_clue_review,matched,true,auto_confirmed
session_78a5d282572eb5bc,S,2026-07-27,20,13,adb-observer,1,179.484,final-capture-complete,4,complete,3,,,,,,,,6060960,0.987702,35,6060960,0,true,true,classifier,true,yolo26n_background_catalog_scored,true,117,0,0,5,12,15,3,8,4,3,2,18,6271,79737,173170.285714,2685114,pending_round_clue_review,matched,true,auto_confirmed
session_9e6ec652d6ca7809,S,2026-07-27,20,14,adb-observer,1,48.344,final-capture-complete,1,complete,3,,,,,,,,1944021,0.998307,22,1944021,0,true,true,classifier,true,yolo26n_background_catalog_scored,true,67,0,0,5,8,7,2,7,2,2,1,10,1814,64024.5,88364.590909,452757,pending_round_clue_review,matched,true,auto_confirmed
session_c98b6881207a9a56,S,2026-07-27,20,15,adb-observer,1,213.984,final-capture-complete,5,complete,3,,,,,,,,6295717,0.989925,37,6295717,0,true,true,classifier,true,yolo26n_background_catalog_scored,true,135,0,0,5,17,9,6,8,4,0,5,20,1814,73106,170154.513514,2539483,pending_round_clue_review,matched,true,auto_confirmed
session_ceedecf50e759c4a,S,2026-07-27,21,16,adb-observer,1,123.203,final-capture-complete,1,complete_with_identity_review,3,,,,,,,,5745155,0.936133,60,5745155,0,true,true,classifier,true,yolo26n_background_catalog_scored,true,173,1,0,14,22,15,9,20,7,5,6,22,2446,70278.0,95752.583333,659511,pending_round_clue_review,matched,true,auto_confirmed
session_4d4dec4ad7dbb051,S,2026-07-27,21,17,adb-observer,1,130.093,final-capture-complete,3,complete_with_identity_review,3,,,,,,,,4491223,0.991445,32,4491223,0,true,true,classifier,true,yolo26n_background_catalog_scored,true,99,1,0,7,6,13,6,9,2,3,5,13,2446,93012.0,140350.71875,1733281,pending_round_clue_review,matched,true,auto_confirmed
session_e983856d6c17cba4,S,2026-07-27,21,18,adb-observer,1,203.86,final-capture-complete,3,complete,3,,,,,,,,6738973,0.990154,53,6738973,0,true,true,classifier,true,yolo26n_background_catalog_scored,true,145,0,0,12,20,14,7,16,5,2,4,26,1420,67435,127150.433962,1293299,pending_round_clue_review,matched,true,auto_confirmed
session_ba605fab7401659c,S,2026-07-27,21,19,adb-observer,1,163.297,final-capture-complete,2,complete_with_identity_review,3,,,,,,,,5538937,0.975721,42,5538937,0,true,true,classifier,true,yolo26n_background_catalog_scored,true,136,1,0,6,15,14,7,9,4,5,7,17,3747,71425.0,131879.452381,1080961,pending_round_clue_review,matched,true,auto_confirmed
session_d4ec56b278a4438b,S,2026-07-27,21,20,adb-observer,1,239.532,final-capture-complete,5,complete,3,,,,,,,,6327245,0.987259,46,6327245,0,true,true,classifier,true,yolo26n_background_catalog_scored,true,153,0,0,11,14,15,6,8,7,5,7,19,7982,71692.0,137548.804348,1486670,pending_round_clue_review,matched,true,auto_confirmed
session_6dd9ced3e1c9d294,S,2026-07-27,21,21,adb-observer,1,91.546,final-capture-complete,2,needs_review,3,,,,,,,,842561,0.998244,11,940628,98067,false,true,classifier,true,yolo26n_background_catalog_scored,true,31,1,0,2,5,3,1,3,0,2,0,6,2446,98067,85511.636364,183981,pending_final_treasure_review,mismatched,false,pending
session_b2631d2b47094156,S,2026-07-27,21,22,adb-observer,1,168.453,final-capture-complete,4,needs_review,3,,,,,,,,5013193,0.989033,45,5013193,0,true,true,classifier,true,yolo26n_background_catalog_scored,true,145,0,1,9,17,8,11,13,4,4,8,16,1420,60614,111404.288889,878245,pending_round_clue_review,matched,true,auto_confirmed
session_b7f0853fd36348b9,S,2026-07-27,21,23,adb-observer,1,47.125,final-capture-complete,1,complete,3,,,,,,,,3433092,0.988817,19,3433092,0,true,true,classifier,true,yolo26n_background_catalog_scored,true,71,0,0,3,7,6,3,0,1,2,5,11,2446,71497,180689.052632,1878833,pending_round_clue_review,matched,true,auto_confirmed
session_44a06fb407e59cd7,S,2026-07-27,21,24,adb-observer,1,139.625,final-capture-complete,3,complete_with_identity_review,3,,,,,,,,6073195,0.991658,41,6073195,0,true,true,classifier,true,yolo26n_background_catalog_scored,true,123,1,0,5,16,12,8,14,3,3,4,17,1420,79737,148126.707317,1878833,pending_round_clue_review,matched,true,auto_confirmed
session_2735ca112268a551,S,2026-07-27,21,25,adb-observer,1,200.531,final-capture-complete,5,complete,3,,,,,,,,5911221,0.996779,35,5911221,0,true,true,classifier,true,yolo26n_background_catalog_scored,true,118,0,0,7,15,10,3,5,2,6,4,18,7982,73106,168892.028571,1635681,pending_round_clue_review,matched,true,auto_confirmed
session_ce97887a57b080ca,S,2026-07-27,21,26,adb-observer,1,264.86,final-capture-complete,5,complete,3,,,,,,,,5903545,0.981891,43,5903545,0,true,true,classifier,true,yolo26n_background_catalog_scored,true,141,0,0,3,20,9,11,3,10,7,2,21,6271,73106,137291.744186,1293299,pending_round_clue_review,matched,true,auto_confirmed
session_2e5d382d238dae6c,S,2026-07-27,21,27,adb-observer,1,196.875,final-capture-complete,4,complete,3,,,,,,,,5321814,0.98944,30,5321814,0,true,true,classifier,true,yolo26n_background_catalog_scored,true,91,0,0,6,6,13,5,8,3,2,1,16,1420,106425.0,177393.8,992601,pending_round_clue_review,matched,true,auto_confirmed
session_13197160a2ebdd12,S,2026-07-27,21,28,adb-observer,1,186.453,final-capture-complete,4,needs_review,3,,,,,,,,5720200,0.978512,57,6076002,355802,false,true,classifier,true,yolo26n_background_catalog_scored,true,198,1,0,8,18,22,9,14,6,2,6,29,2360,93012,106596.526316,489972,pending_final_treasure_review,mismatched,false,pending
session_e423a7445b56b8a0,S,2026-07-27,21,29,adb-observer,1,63.828,final-capture-complete,1,complete,3,,,,,,,,946249,0.988309,10,946249,0,true,true,classifier,true,yolo26n_background_catalog_scored,true,29,0,0,2,3,4,1,2,2,1,0,5,3844,82415.0,94624.9,302326,pending_round_clue_review,matched,true,auto_confirmed
session_09fd8ead7275507b,S,2026-07-27,21,30,adb-observer,1,150.89,final-capture-complete,3,needs_review,3,,,,,,,,4043844,0.990267,51,4043844,0,true,true,classifier,true,yolo26n_background_catalog_scored,true,161,1,4,11,19,16,5,12,4,6,9,20,2446,69744,79291.058824,302326,pending_round_clue_review,matched,true,auto_confirmed
session_ce48758b3e5c5dbc,S,2026-07-27,21,31,adb-observer,1,43.282,final-capture-complete,1,complete,3,,,,,,,,638932,0.992422,10,638932,0,true,true,classifier,true,yolo26n_background_catalog_scored,true,35,0,0,1,5,3,1,1,1,2,1,5,4507,60316.0,63893.2,142861,pending_round_clue_review,matched,true,auto_confirmed
session_3ac5f6fc47116314,S,2026-07-27,21,32,adb-observer,1,15.968,collector-error,1,,,,,,,,,,,,,,,,,,,,,,,,0,0,0,0,0,0,0,0,0,,,,,,,,
session_1136f555593caa17,S,2026-07-28,0,1,adb-observer,1,234.203,final-capture-complete,5,complete,3,,,,,,,,5073650,0.974558,32,5073650,0,true,true,classifier,true,yolo26n_background_catalog_scored,true,104,0,0,5,10,10,7,5,3,4,7,13,3797,74740.5,158551.5625,1878833,reviewed,matched,true,auto_confirmed
session_57b786c1b21f7951,S,2026-07-28,0,2,adb-observer,1,189.062,final-capture-complete,5,complete_with_identity_review,3,,,,,,,,5004508,0.967765,29,5004508,0,true,true,classifier,true,yolo26n_background_catalog_scored,true,86,1,0,3,9,9,8,6,6,3,8,6,3844,85093,172569.241379,2394967,failed,,,
session_2c455ecc9d4bd525,S,2026-07-28,1,1,adb-observer,1,75.047,final-capture-complete,2,complete,3,,,,,,,,1124716,0.993395,15,1124716,0,true,true,classifier,true,yolo26n_background_catalog_scored,true,50,0,0,3,7,4,1,2,2,1,6,4,11087,51756,74981.066667,225664,reviewed,matched,true,auto_confirmed
session_a22183b374caaf48,S,2026-07-28,1,2,adb-observer,1,127.546,final-capture-complete,3,complete,3,,,,,,,,4331522,0.977491,34,4331522,0,true,true,classifier,true,yolo26n_background_catalog_scored,true,120,0,0,6,11,13,4,6,4,0,7,17,3747,78295.0,127397.705882,630423,reviewed,matched,true,auto_confirmed
session_539bd7bca70f82f5,S,2026-07-28,1,3,adb-observer,1,62.016,final-capture-complete,1,complete,3,,,,,,,,4807674,0.992191,18,4807674,0,true,true,classifier,true,yolo26n_background_catalog_scored,true,66,0,0,5,3,5,5,1,5,1,5,6,1420,94369.0,267093.0,1878833,reviewed,matched,true,auto_confirmed
session_9f81a08131bc7d05,S,2026-07-28,1,4,adb-observer,1,56.734,final-capture-complete,1,complete_with_identity_review,3,,,,,,,,4852663,0.984771,24,4852663,0,true,true,classifier,true,yolo26n_background_catalog_scored,true,82,1,0,7,4,8,5,4,5,1,3,11,3844,96413.5,202194.291667,2557820,reviewed,matched,true,auto_confirmed
session_9596399c751599b1,S,2026-07-28,1,5,adb-observer,1,151.718,final-capture-complete,3,needs_review,3,,,,,,,,5920938,0.988526,35,5237753,-683185,false,true,classifier,true,yolo26n_background_catalog_scored,true,99,1,0,7,11,10,7,10,5,0,7,13,1420,92730,149650.085714,1307336,final_total_conflict,mismatched,false,conflict
session_4f968302f1d77d32,S,2026-07-28,1,6,adb-observer,1,58.532,final-capture-complete,1,needs_review,3,,,,,,,,2586657,0.986526,12,2593936,7279,false,true,classifier,true,yolo26n_background_catalog_scored,true,44,1,0,1,4,4,3,3,2,0,1,6,7279,85349.5,216161.333333,1561430,final_total_conflict,mismatched,false,conflict
session_11a85ea1c609219e,S,2026-07-28,1,7,adb-observer,1,180.0,final-capture-complete,4,complete,3,,,,,,,,4213654,0.989873,37,4213654,0,true,true,classifier,true,yolo26n_background_catalog_scored,true,133,0,0,5,13,14,5,6,5,4,4,18,1420,92730,113882.540541,776546,reviewed,matched,true,auto_confirmed
session_586c6cfd0899624b,S,2026-07-28,1,8,adb-observer,1,130.172,final-capture-complete,2,complete,3,,,,,,,,4229425,0.996345,42,4229425,0,true,true,classifier,true,yolo26n_background_catalog_scored,true,131,0,0,12,16,9,5,6,4,7,7,18,3844,64024.5,100700.595238,971708,reviewed,matched,true,auto_confirmed
session_ec01daec483ab35e,S,2026-07-28,1,9,adb-observer,1,239.734,final-capture-complete,5,complete,3,,,,,,,,5947256,0.985567,37,5947256,0,true,true,classifier,true,yolo26n_background_catalog_scored,true,127,0,0,9,9,16,3,8,5,1,2,21,2446,98067,160736.648649,1561430,reviewed,matched,true,auto_confirmed
session_0da5384c421972b8,S,2026-07-28,1,10,adb-observer,1,220.171,final-capture-complete,4,needs_review,3,,,,,,,,3535590,0.970104,35,3465312,-70278,false,true,classifier,true,yolo26n_background_catalog_scored,true,117,0,1,9,10,10,6,6,3,5,5,16,2360,67435,99008.914286,971708,final_total_conflict,mismatched,false,conflict
session_fd1e53937bbb98a6,S,2026-07-28,1,11,adb-observer,1,75.266,final-capture-complete,1,needs_review,3,,,,,,,,6832258,0.9738,38,7315545,483287,false,true,classifier,true,yolo26n_background_catalog_scored,true,122,2,0,5,11,13,9,10,6,4,2,16,1814,71497.0,192514.342105,2539483,final_total_conflict,mismatched,false,conflict
session_07b64631714bdadd,S,2026-07-28,1,12,adb-observer,1,157.516,final-capture-complete,3,complete_with_identity_review,3,,,,,,,,5575042,0.987249,36,5575042,0,true,true,classifier,true,yolo26n_background_catalog_scored,true,105,1,0,8,13,10,5,10,1,5,5,15,1420,96008.0,154862.277778,2394967,reviewed,matched,true,auto_confirmed
session_45dcf2defbb7a6c1,S,2026-07-28,1,13,adb-observer,1,248.406,final-capture-complete,5,complete,3,,,,,,,,6020271,0.99801,37,6020271,0,true,true,classifier,true,yolo26n_background_catalog_scored,true,124,0,0,4,11,15,7,7,1,5,9,15,3797,96008,162710.027027,1307336,reviewed,matched,true,auto_confirmed
session_7f39e05ae1860ee3,S,2026-07-28,1,14,adb-observer,1,119.406,final-capture-complete,3,complete,3,,,,,,,,2331084,0.994547,14,2331084,0,true,true,classifier,true,yolo26n_background_catalog_scored,true,47,0,0,1,5,6,2,3,0,2,4,5,4507,131792.0,166506.0,799999,reviewed,matched,true,auto_confirmed
session_7cf5f4728f640116,S,2026-07-28,1,15,adb-observer,1,206.156,final-capture-complete,3,needs_review,3,,,,,,,,6057686,0.99035,60,6057686,0,true,true,classifier,true,yolo26n_background_catalog_scored,true,195,0,1,8,29,17,6,9,8,3,5,35,1420,70278.0,100961.433333,706471,reviewed,matched,true,auto_confirmed
session_a3f8826cf93ce931,S,2026-07-28,1,16,adb-observer,1,220.765,final-capture-complete,5,complete,3,,,,,,,,6974472,0.990615,45,6974472,0,true,true,classifier,true,yolo26n_background_catalog_scored,true,129,0,0,8,15,14,8,6,8,11,10,10,4507,93012,154988.266667,1635681,reviewed,matched,true,auto_confirmed
session_051fdda86f55f51c,S,2026-07-28,1,17,adb-observer,1,196.968,final-capture-complete,4,needs_review,3,,,,,,,,5941915,0.994573,60,7021923,1080008,false,true,classifier,true,yolo26n_background_catalog_scored,true,195,2,0,9,30,15,6,12,4,6,7,31,2446,76421.5,117032.05,1083805,final_total_conflict,mismatched,false,conflict
session_121b94c691621b28,S,2026-07-28,1,18,adb-observer,1,276.547,final-capture-complete,5,needs_review,3,,,,,,,,6776916,0.991406,49,9160296,2383380,false,true,classifier,true,yolo26n_background_catalog_scored,true,177,2,3,11,14,14,10,9,6,5,8,21,1420,71497,186944.816327,2999999,final_total_conflict,mismatched,false,conflict
session_07c890c8ac5f1c10,S,2026-07-28,1,19,adb-observer,1,215.625,final-capture-complete,4,complete_with_identity_review,3,,,,,,,,6781314,0.985006,37,6781314,0,true,true,classifier,true,yolo26n_background_catalog_scored,true,131,2,0,6,9,15,7,8,2,1,9,17,2446,109576,183278.756757,1561430,reviewed,matched,true,auto_confirmed
session_8196c76477ee3e27,S,2026-07-28,2,20,adb-observer,1,77.359,final-capture-complete,1,needs_review,3,,,,,,,,5809931,0.992105,60,7108214,1298283,false,true,classifier,true,yolo26n_background_catalog_scored,true,182,1,0,12,19,20,9,14,8,7,3,28,1420,72301.5,118470.233333,1307336,final_total_conflict,mismatched,false,conflict
session_90dba5b93b60043f,S,2026-07-28,2,21,adb-observer,1,185.313,final-capture-complete,3,complete,3,,,,,,,,4856769,0.983999,44,4856769,0,true,true,classifier,true,yolo26n_background_catalog_scored,true,128,0,0,7,15,18,4,11,4,3,4,22,1420,97037.5,110381.113636,489972,reviewed,matched,true,auto_confirmed
session_9428b7cbcf4a6870,S,2026-07-28,2,22,adb-observer,1,137.546,final-capture-complete,1,complete_with_identity_review,3,,,,,,,,6903682,0.983758,58,6903682,0,true,true,classifier,true,yolo26n_background_catalog_scored,true,200,1,0,20,15,15,8,10,7,3,11,27,1420,46464.0,119029.0,1733281,reviewed,matched,true,auto_confirmed
session_100ff0196e79a53a,S,2026-07-28,2,23,adb-observer,1,82.187,final-capture-complete,2,needs_review,3,,,,,,,,1844609,0.993625,24,1702845,-141764,false,true,classifier,true,yolo26n_background_catalog_scored,true,73,0,0,5,9,7,3,4,3,3,3,11,1420,68856.5,70951.875,188499,final_total_conflict,mismatched,false,conflict
session_fe8aaba11e305131,S,2026-07-28,2,24,adb-observer,1,237.375,final-capture-complete,4,needs_review,3,,,,,,,,6340944,0.989114,58,7181962,841018,false,true,classifier,true,yolo26n_background_catalog_scored,true,177,7,0,9,19,18,12,10,5,10,11,22,1814,92730.0,123826.931034,776546,final_total_conflict,mismatched,false,conflict
session_8c3660c08f443383,S,2026-07-28,2,25,adb-observer,1,72.813,final-capture-complete,1,needs_review,3,,,,,,,,5405579,0.975696,31,5437314,31735,false,true,classifier,true,yolo26n_background_catalog_scored,true,117,1,0,8,5,14,4,4,5,0,7,15,2446,85093,175397.225806,1587435,final_total_conflict,mismatched,false,conflict
session_857d77c277122a18,S,2026-07-28,2,26,adb-observer,1,138.234,final-capture-complete,4,complete,3,,,,,,,,2308175,0.98337,23,2308175,0,true,true,classifier,true,yolo26n_background_catalog_scored,true,74,0,0,5,5,9,4,6,3,2,1,11,3747,60018,100355.434783,540336,reviewed,matched,true,auto_confirmed
session_556976fe6d6e79a5,S,2026-07-28,2,27,adb-observer,1,192.437,final-capture-complete,3,complete_with_identity_review,3,,,,,,,,11090712,0.997951,58,11090712,0,true,true,classifier,true,yolo26n_background_catalog_scored,true,203,1,0,10,27,13,8,9,5,5,12,27,1420,97037.5,191219.172414,3061687,reviewed,matched,true,auto_confirmed
session_21f915c3bdc97d59,S,2026-07-28,2,28,adb-observer,1,223.188,final-capture-complete,5,needs_review,3,,,,,,,,5811451,0.997823,60,5811451,0,true,true,classifier,true,yolo26n_background_catalog_scored,true,215,0,2,16,20,15,9,14,5,2,10,29,3797,71497.0,96857.516667,799999,reviewed,matched,true,auto_confirmed
session_ea1e42c01d3b54b2,S,2026-07-28,2,29,adb-observer,1,249.969,final-capture-complete,5,needs_review,3,,,,,,,,5823845,0.98421,54,5823845,0,true,true,classifier,true,yolo26n_background_catalog_scored,true,175,0,1,13,14,19,8,9,9,5,12,19,1814,79099.5,107848.981481,776546,reviewed,matched,true,auto_confirmed
session_8583ee1808de55eb,S,2026-07-28,2,30,adb-observer,1,212.922,final-capture-complete,2,complete,3,,,,,,,,5060278,0.993818,45,5060278,0,true,true,classifier,true,yolo26n_background_catalog_scored,true,146,0,0,8,20,10,7,9,4,2,11,19,2446,60614,112450.622222,1733281,reviewed,matched,true,auto_confirmed
session_cb35841b06d26c2f,S,2026-07-28,2,31,adb-observer,1,200.719,final-capture-complete,5,needs_review,3,,,,,,,,4445301,0.990009,36,4452580,7279,false,true,classifier,true,yolo26n_background_catalog_scored,true,126,1,1,4,14,10,8,3,7,0,10,16,1420,76421.5,123682.777778,1293299,final_total_conflict,mismatched,false,conflict
session_52e17e811c1045d0,S,2026-07-28,2,32,adb-observer,1,153.5,final-capture-complete,4,complete_with_identity_review,3,,,,,,,,5790151,0.987614,27,5790151,0,true,true,classifier,true,yolo26n_background_catalog_scored,true,86,1,0,3,5,12,7,6,4,1,7,9,1814,69744,214450.037037,3061687,reviewed,matched,true,auto_confirmed
session_978dcb6c6f882bd7,S,2026-07-28,2,33,adb-observer,1,187.703,final-capture-complete,3,needs_review,3,,,,,,,,6361157,0.996741,36,5677972,-683185,false,true,classifier,true,yolo26n_background_catalog_scored,true,109,0,0,12,13,6,5,8,8,4,5,11,8454,49855.0,157721.444444,1956574,final_total_conflict,mismatched,false,conflict
session_a641a977239e9035,S,2026-07-28,2,34,adb-observer,1,192.625,final-capture-complete,5,complete,3,,,,,,,,4363005,0.976856,28,4363005,0,true,true,classifier,true,yolo26n_background_catalog_scored,true,79,0,0,5,12,7,4,9,2,2,5,10,3797,86233.5,155821.607143,1878833,reviewed,matched,true,auto_confirmed
session_67ea4ae9c84b2531,S,2026-07-28,2,35,adb-observer,1,96.688,final-capture-complete,2,complete,3,,,,,,,,4941526,0.989018,32,4941526,0,true,true,classifier,true,yolo26n_background_catalog_scored,true,109,0,0,7,10,7,8,5,3,2,7,15,2446,56204.5,154422.6875,2394967,reviewed,matched,true,auto_confirmed
session_d10a41543f3ab6c2,S,2026-07-28,2,36,adb-observer,1,56.484,final-capture-complete,1,complete,3,,,,,,,,3263653,0.97127,11,3263653,0,true,true,classifier,true,yolo26n_background_catalog_scored,true,40,0,0,1,3,4,3,2,0,2,1,6,2446,138522,296695.727273,1587435,reviewed,matched,true,auto_confirmed
session_3942433ca3cbc899,S,2026-07-28,2,37,adb-observer,1,178.656,final-capture-complete,4,complete,3,,,,,,,,6040513,0.982659,43,6040513,0,true,true,classifier,true,yolo26n_background_catalog_scored,true,143,0,0,4,17,15,7,9,6,3,2,23,3844,92730,140477.046512,1561430,reviewed,matched,true,auto_confirmed
session_d885ba9f144a5b29,S,2026-07-28,2,38,adb-observer,1,127.735,final-capture-complete,3,complete,3,,,,,,,,1111839,0.999027,10,1111839,0,true,true,classifier,true,yolo26n_background_catalog_scored,true,39,0,0,1,5,3,1,1,1,0,0,8,2446,102792.0,111183.9,240927,reviewed,matched,true,auto_confirmed
session_e2438f0b2985d0f0,S,2026-07-28,2,39,adb-observer,1,77.562,final-capture-complete,2,complete_with_identity_review,3,,,,,,,,2105806,0.976907,23,2105806,0,true,true,classifier,true,yolo26n_background_catalog_scored,true,76,1,0,6,6,8,3,5,0,3,5,10,2446,69744,91556.782609,302326,reviewed,matched,true,auto_confirmed
session_72923b9227bb223d,S,2026-07-28,2,40,adb-observer,1,209.375,final-capture-complete,5,complete_with_identity_review,3,,,,,,,,5839175,0.989128,22,5839175,0,true,true,classifier,true,yolo26n_background_catalog_scored,true,76,2,0,2,6,9,5,3,1,2,4,12,1814,94774.5,265417.045455,2557820,reviewed,matched,true,auto_confirmed
session_60968587628c1d1d,S,2026-07-28,3,41,adb-observer,1,233.594,final-capture-complete,4,needs_review,3,,,,,,,,5215211,0.999285,50,5215211,0,true,true,classifier,true,yolo26n_background_catalog_scored,true,159,0,3,11,15,19,5,12,6,4,4,24,3844,69466.0,104304.22,452757,reviewed,matched,true,auto_confirmed
session_ba8898540546beea,S,2026-07-28,3,42,adb-observer,1,223.782,final-capture-complete,2,needs_review,3,,,,,,,,5727229,0.967882,60,9210333,3483104,false,true,classifier,true,yolo26n_background_catalog_scored,true,201,2,0,14,19,19,8,8,7,12,8,25,2360,73106.0,153505.55,2999999,final_total_conflict,mismatched,false,conflict
session_05dc9607fe0f728f,S,2026-07-28,3,43,adb-observer,1,140.14,final-capture-complete,2,complete_with_identity_review,3,,,,,,,,4823847,0.988108,34,4823847,0,true,true,classifier,true,yolo26n_background_catalog_scored,true,95,1,0,9,12,9,4,7,5,7,4,11,3797,60614.0,141877.852941,1635681,reviewed,matched,true,auto_confirmed
session_ed4f72a9f90a95dc,S,2026-07-28,3,44,adb-observer,1,75.969,final-capture-complete,1,needs_review,3,,,,,,,,5969461,0.995061,56,5997834,28373,false,true,classifier,true,yolo26n_background_catalog_scored,true,215,1,0,9,22,19,6,8,6,2,8,32,1814,65700.5,107104.178571,1083805,final_total_conflict,mismatched,false,conflict
session_78329843a681f5f4,S,2026-07-28,3,45,adb-observer,1,117.516,final-capture-complete,3,complete,3,,,,,,,,3172178,0.995008,18,3172178,0,true,true,classifier,true,yolo26n_background_catalog_scored,true,58,0,0,2,7,6,3,4,2,0,2,10,6271,98067.0,176232.111111,1561430,reviewed,matched,true,auto_confirmed
session_ff6d32f38ce42bc9,S,2026-07-28,3,46,adb-observer,1,60.547,final-capture-complete,1,complete,3,,,,,,,,6405657,0.991345,27,6405657,0,true,true,classifier,true,yolo26n_background_catalog_scored,true,93,0,0,5,7,10,5,4,4,3,6,10,9053,85093,237246.555556,1587435,reviewed,matched,true,auto_confirmed
session_965cbff7d4293067,S,2026-07-28,3,47,adb-observer,1,114.297,final-capture-complete,3,complete,3,,,,,,,,2865435,0.990993,33,2865435,0,true,true,classifier,true,yolo26n_background_catalog_scored,true,115,0,0,6,14,11,2,5,5,4,2,17,2446,73106,86831.363636,220529,reviewed,matched,true,auto_confirmed
session_37ef0e5283454670,S,2026-07-28,3,48,adb-observer,1,50.547,final-capture-complete,1,complete,3,,,,,,,,1415314,0.997874,15,1415314,0,true,true,classifier,true,yolo26n_background_catalog_scored,true,53,0,0,2,7,5,1,1,1,1,3,9,6685,79737,94354.266667,240927,reviewed,matched,true,auto_confirmed
session_212be744ea285329,S,2026-07-28,3,49,adb-observer,1,153.25,final-capture-complete,4,complete_with_identity_review,3,,,,,,,,4065933,0.983729,17,4065933,0,true,true,classifier,true,yolo26n_background_catalog_scored,true,51,1,0,3,4,7,3,5,2,3,3,4,1814,96819,239172.529412,1635681,reviewed,matched,true,auto_confirmed
session_8c1e05c1c5cd2817,S,2026-07-28,3,50,adb-observer,1,59.766,final-capture-complete,1,complete,3,,,,,,,,4141576,0.998463,28,4141576,0,true,true,classifier,true,yolo26n_background_catalog_scored,true,103,0,0,5,12,8,3,3,2,3,6,14,2446,85586.5,147913.428571,1293299,reviewed,matched,true,auto_confirmed
session_9a9a9cfb42748d97,S,2026-07-28,3,51,adb-observer,1,225.188,final-capture-complete,4,complete,3,,,,,,,,6398903,0.986383,40,6398903,0,true,true,classifier,true,yolo26n_background_catalog_scored,true,120,0,0,8,12,14,6,7,2,8,6,17,3747,94915.5,159972.575,2685114,reviewed,matched,true,auto_confirmed
session_534d72bf819fa92a,S,2026-07-28,3,52,adb-observer,1,44.891,final-capture-complete,1,complete,3,,,,,,,,898984,0.994975,10,898984,0,true,true,classifier,true,yolo26n_background_catalog_scored,true,31,0,0,3,3,3,1,1,3,0,3,3,1814,42420.5,89898.4,281034,reviewed,matched,true,auto_confirmed
session_c2e3a24ff5fa4c2c,S,2026-07-28,3,53,adb-observer,1,112.297,final-capture-complete,1,complete,3,,,,,,,,1191203,0.999099,18,1191203,0,true,true,classifier,true,yolo26n_background_catalog_scored,true,66,0,0,4,6,5,3,3,0,1,4,10,2446,49855.0,66177.944444,226538,reviewed,matched,true,auto_confirmed
session_4266efb089407e7e,S,2026-07-28,3,54,adb-observer,1,246.844,final-capture-complete,5,needs_review,3,,,,,,,,6523450,0.982865,31,6523450,0,true,true,classifier,true,yolo26n_background_catalog_scored,true,118,0,1,5,12,8,6,3,4,6,2,16,1420,93012,210433.870968,1956574,reviewed,matched,true,auto_confirmed
session_e378916b4d074918,S,2026-07-28,3,55,adb-observer,1,41.797,final-capture-complete,1,complete,3,,,,,,,,3569275,0.993244,19,3569275,0,true,true,classifier,true,yolo26n_background_catalog_scored,true,55,0,0,2,6,7,4,6,4,1,3,5,3844,109576,187856.578947,971708,reviewed,matched,true,auto_confirmed
session_a00564be0cfc04d5,S,2026-07-28,3,56,adb-observer,1,162.547,final-capture-complete,4,complete_with_identity_review,3,,,,,,,,4271768,0.995653,33,4271768,0,true,true,classifier,true,yolo26n_background_catalog_scored,true,126,1,0,6,10,9,8,5,2,5,2,19,1420,61123,129447.515152,1486670,reviewed,matched,true,auto_confirmed
session_18c34ccec49b8c3e,S,2026-07-28,10,1,adb-observer,1,241.797,final-capture-complete,4,complete_with_identity_review,3,,,,,,,,5543473,0.980866,39,5543473,0,true,true,classifier,true,yolo26n_background_catalog_scored,true,123,1,0,9,11,14,5,8,3,2,9,17,2360,67435,142140.333333,1083805,reviewed,matched,true,auto_confirmed
session_48f8b7999ea75180,S,2026-07-28,10,2,adb-observer,1,202.11,final-capture-complete,5,complete,3,,,,,,,,4608657,0.994882,44,4608657,0,true,true,classifier,true,yolo26n_background_catalog_scored,true,147,0,0,10,14,11,9,9,3,4,10,18,2360,60868.5,104742.204545,1307336,reviewed,matched,true,auto_confirmed
session_d2fd322c1792fd59,S,2026-07-28,10,3,adb-observer,1,107.156,final-capture-complete,2,needs_review,3,,,,,,,,2951408,0.999346,24,2836370,-115038,false,true,classifier,true,yolo26n_background_catalog_scored,true,82,1,0,2,5,12,5,5,2,2,3,12,3797,81645.0,118182.083333,499425,final_total_conflict,mismatched,false,conflict
session_ce0545b5807ca45a,S,2026-07-28,10,4,adb-observer,1,138.047,final-capture-complete,4,complete,3,,,,,,,,2962863,0.996123,14,2962863,0,true,true,classifier,true,yolo26n_background_catalog_scored,true,50,0,0,1,3,5,5,2,2,2,1,7,1420,121622.0,211633.071429,971708,reviewed,matched,true,auto_confirmed
session_6894c925571a31d8,S,2026-07-28,10,5,adb-observer,1,46.36,final-capture-complete,1,complete_with_identity_review,3,,,,,,,,4353154,0.98922,19,4353154,0,true,true,classifier,true,yolo26n_background_catalog_scored,true,62,1,0,3,5,8,3,4,1,2,1,11,2360,96008,229113.368421,2557820,reviewed,matched,true,auto_confirmed
session_2ad36ad5cf60ebfb,S,2026-07-28,10,6,adb-observer,1,154.5,final-capture-complete,2,complete,3,,,,,,,,6953325,0.972334,42,6953325,0,true,true,classifier,true,yolo26n_background_catalog_scored,true,139,0,0,8,11,15,8,6,8,1,7,20,1814,68589.5,165555.357143,2999999,reviewed,matched,true,auto_confirmed
session_05c3122dd3273f62,S,2026-07-28,10,7,adb-observer,1,182.109,final-capture-complete,4,complete,3,,,,,,,,5179375,0.971358,28,5179375,0,true,true,classifier,true,yolo26n_background_catalog_scored,true,83,0,0,6,11,7,4,8,3,2,5,10,2446,69744.0,184977.678571,2999999,reviewed,matched,true,auto_confirmed
session_31a73c1834067a2a,S,2026-07-28,10,8,adb-observer,1,240.172,final-capture-complete,5,complete,3,,,,,,,,4945723,0.972302,40,4945723,0,true,true,classifier,true,yolo26n_background_catalog_scored,true,132,0,0,2,17,13,8,9,3,3,9,16,2446,97037.5,123643.075,886532,reviewed,matched,true,auto_confirmed
session_247c1a2fb32df974,S,2026-07-28,10,9,adb-observer,1,199.609,final-capture-complete,5,complete,3,,,,,,,,3076358,0.938915,38,3076358,0,true,true,classifier,true,yolo26n_background_catalog_scored,true,132,0,0,8,14,12,4,3,3,3,9,20,1420,60868.5,80956.789474,281034,reviewed,matched,true,auto_confirmed
session_31eaacf8ef583f0a,S,2026-07-28,10,10,adb-observer,1,182.563,final-capture-complete,3,complete,3,,,,,,,,3822484,0.990165,38,3822484,0,true,true,classifier,true,yolo26n_background_catalog_scored,true,126,0,0,11,13,8,6,8,4,3,5,18,2446,46464.0,100591.684211,776546,reviewed,matched,true,auto_confirmed
session_655ccac0e12b98d6,S,2026-07-28,10,11,adb-observer,1,154.0,final-capture-complete,3,complete,3,,,,,,,,2088236,0.974788,27,2088236,0,true,true,classifier,true,yolo26n_background_catalog_scored,true,86,0,0,7,8,9,3,5,2,5,1,14,1814,70278,77342.074074,281034,reviewed,matched,true,auto_confirmed
session_d38e891dba171c69,S,2026-07-28,10,12,adb-observer,1,206.015,final-capture-complete,5,complete_with_identity_review,3,,,,,,,,4826292,0.996833,36,4826292,0,true,true,classifier,true,yolo26n_background_catalog_scored,true,136,2,0,8,12,7,9,6,0,3,10,17,2360,60614.0,134063.666667,971708,reviewed,matched,true,auto_confirmed
session_8d56de2f44b0179c,S,2026-07-28,10,13,adb-observer,1,61.547,final-capture-complete,1,complete,3,,,,,,,,6747430,0.985096,33,6747430,0,true,true,classifier,true,yolo26n_background_catalog_scored,true,98,0,0,6,7,11,9,6,6,7,3,11,1420,98067,204467.575758,1680426,reviewed,matched,true,auto_confirmed
session_ddafe1e370941cb2,S,2026-07-28,10,14,adb-observer,1,195.531,final-capture-complete,5,needs_review,3,,,,,,,,3979854,0.985887,28,4130105,150251,false,true,classifier,true,yolo26n_background_catalog_scored,true,99,1,0,6,8,8,6,2,4,4,6,12,2446,75617.0,147503.75,1680426,final_total_conflict,mismatched,false,conflict
session_e095a374f431d61d,S,2026-07-28,11,15,adb-observer,1,52.672,final-capture-complete,1,complete,3,,,,,,,,1523501,0.997921,10,1523501,0,true,true,classifier,true,yolo26n_background_catalog_scored,true,44,0,0,1,4,3,2,1,0,2,0,7,6685,120684.0,152350.1,381262,reviewed,matched,true,auto_confirmed
session_7e9640f4da6170ef,S,2026-07-28,11,16,adb-observer,1,150.422,final-capture-complete,4,complete,3,,,,,,,,2151227,0.99949,21,2151227,0,true,true,classifier,true,yolo26n_background_catalog_scored,true,75,0,0,3,11,5,2,4,3,1,0,13,1814,92730,102439.380952,302326,reviewed,matched,true,auto_confirmed
session_4e9d133bdfea86e1,S,2026-07-28,11,17,adb-observer,1,45.188,final-capture-complete,1,complete,3,,,,,,,,1926476,0.989484,16,1926476,0,true,true,classifier,true,yolo26n_background_catalog_scored,true,55,0,0,4,6,5,1,3,2,1,1,9,5567,98067.0,120404.75,302326,reviewed,matched,true,auto_confirmed
session_15d34c0cdee8706b,S,2026-07-28,11,18,adb-observer,1,117.109,final-capture-complete,2,complete,3,,,,,,,,5424265,0.968984,41,5424265,0,true,true,classifier,true,yolo26n_background_catalog_scored,true,131,0,0,6,13,15,7,5,7,7,5,17,1420,85093,132299.146341,1587435,reviewed,matched,true,auto_confirmed
session_fe3e3475af452d55,S,2026-07-28,11,19,adb-observer,1,126.344,final-capture-complete,3,complete,3,,,,,,,,3366321,0.970519,33,3366321,0,true,true,classifier,true,yolo26n_background_catalog_scored,true,113,0,0,4,14,10,5,10,2,2,2,17,1814,92730,102009.727273,438654,reviewed,matched,true,auto_confirmed
session_f335c63c822b90aa,S,2026-07-28,11,20,adb-observer,1,181.172,final-capture-complete,5,complete,3,,,,,,,,3066597,0.986176,21,3066597,0,true,true,classifier,true,yolo26n_background_catalog_scored,true,72,0,0,3,8,5,5,5,1,2,1,12,2446,92730,146028.428571,971708,reviewed,matched,true,auto_confirmed
session_7c9994b9f291b6e7,S,2026-07-28,11,21,adb-observer,1,185.078,final-capture-complete,3,complete,3,,,,,,,,2725314,0.985751,29,2725314,0,true,true,classifier,true,yolo26n_background_catalog_scored,true,98,0,0,5,11,7,6,9,1,2,5,12,1814,71497,93976.344828,364855,reviewed,matched,true,auto_confirmed
session_6ba78357d85dea7e,S,2026-07-28,11,22,adb-observer,1,191.203,final-capture-complete,5,complete,3,,,,,,,,2423202,0.997335,19,2423202,0,true,true,classifier,true,yolo26n_background_catalog_scored,true,61,0,0,4,5,6,4,5,2,2,0,10,4507,79737,127536.947368,971708,reviewed,matched,true,auto_confirmed
session_0e8fb0c0b37548ee,S,2026-07-28,11,23,adb-observer,1,135.343,final-capture-incomplete,3,,,,,,,,,,,,,,,,,,,,,,,,0,0,0,0,0,0,0,0,0,,,,,,,,
session_f794a8a00fcd0c34,S,2026-07-28,11,1,adb-observer,1,204.094,final-capture-complete,5,complete,3,,,,,,,,5370846,0.979851,45,5370846,0,true,true,classifier,true,yolo26n_background_catalog_scored,true,135,0,0,13,12,13,7,12,4,2,9,18,1814,61123,119352.133333,1561430,reviewed,matched,true,auto_confirmed
session_8008732c088cb9f5,S,2026-07-28,11,2,adb-observer,1,135.812,final-capture-complete,3,needs_review,3,,,,,,,,2970749,0.98691,28,2970749,0,true,true,classifier,true,yolo26n_background_catalog_scored,true,108,0,1,6,13,7,2,2,6,0,7,13,7279,71425.0,106098.178571,659511,reviewed,matched,true,auto_confirmed
session_d40353aa317b9dba,S,2026-07-28,11,3,adb-observer,1,61.594,final-capture-complete,1,complete,3,,,,,,,,2996542,0.987573,31,2996542,0,true,true,classifier,true,yolo26n_background_catalog_scored,true,101,0,0,6,11,11,3,7,1,1,3,19,1814,79737,96662.645161,302326,reviewed,matched,true,auto_confirmed
session_f48f405ebb753f65,S,2026-07-28,11,4,adb-observer,1,128.454,final-capture-complete,3,complete_with_identity_review,3,,,,,,,,5409586,0.979534,42,5409586,0,true,true,classifier,true,yolo26n_background_catalog_scored,true,146,1,0,13,10,8,11,6,7,5,5,19,1420,53986.0,128799.666667,1080961,reviewed,matched,true,auto_confirmed
session_4183d116d66e8b6e,S,2026-07-28,11,5,adb-observer,1,140.359,final-capture-complete,4,complete,3,,,,,,,,4073637,0.985713,17,4073637,0,true,true,classifier,true,yolo26n_background_catalog_scored,true,43,0,0,3,7,4,3,7,0,2,2,6,1814,67435,239625.705882,2685114,reviewed,matched,true,auto_confirmed
session_1f612fb2f9d92c06,S,2026-07-28,11,6,adb-observer,1,151.703,final-capture-complete,3,complete,3,,,,,,,,5987554,0.982409,46,5987554,0,true,true,classifier,true,yolo26n_background_catalog_scored,true,156,0,0,10,14,13,9,8,7,4,6,21,1420,64024.5,130164.217391,1680426,reviewed,matched,true,auto_confirmed
session_e685ece09a79b7f5,S,2026-07-28,11,7,adb-observer,1,45.75,final-capture-complete,1,complete,3,,,,,,,,1347537,0.98276,10,1347537,0,true,true,classifier,true,yolo26n_background_catalog_scored,true,38,0,0,2,3,3,2,1,1,2,1,5,3747,78295.0,134753.7,776546,reviewed,matched,true,auto_confirmed
session_84cb56d78cff3528,S,2026-07-28,11,8,adb-observer,1,165.703,final-capture-complete,3,needs_review,3,,,,,,,,6052311,0.992122,52,6052311,0,true,true,classifier,true,yolo26n_background_catalog_scored,true,170,1,3,7,20,16,9,5,5,8,13,21,1420,74740.5,116390.596154,776546,reviewed,matched,true,auto_confirmed
session_1a88068cf3047ed9,S,2026-07-28,11,9,adb-observer,1,63.797,final-capture-complete,1,complete,3,,,,,,,,2172970,0.998452,27,2172970,0,true,true,classifier,true,yolo26n_background_catalog_scored,true,92,0,0,3,11,7,6,3,2,4,8,10,1420,69744,80480.37037,225664,reviewed,matched,true,auto_confirmed
session_ff23671777bd6b97,S,2026-07-28,11,10,adb-observer,1,137.532,final-capture-complete,4,complete,3,,,,,,,,884520,0.989293,10,884520,0,true,true,classifier,true,yolo26n_background_catalog_scored,true,35,0,0,2,3,4,1,3,1,0,0,6,3747,76515.0,88452.0,226538,reviewed,matched,true,auto_confirmed
session_8c76f28a9ff04566,S,2026-07-28,11,11,adb-observer,1,47.422,final-capture-complete,1,complete,3,,,,,,,,1779332,0.987821,14,1779332,0,true,true,classifier,true,yolo26n_background_catalog_scored,true,40,0,0,1,5,5,3,2,2,4,2,4,3797,82918.0,127095.142857,381262,reviewed,matched,true,auto_confirmed
session_aa39503db7cedadc,S,2026-07-28,11,12,adb-observer,1,82.078,final-capture-complete,2,complete,3,,,,,,,,1134911,0.998747,12,1134911,0,true,true,classifier,true,yolo26n_background_catalog_scored,true,37,0,0,2,4,5,1,1,2,1,3,5,4507,74740.5,94575.916667,302326,reviewed,matched,true,auto_confirmed
session_ec1e8ced16842d10,S,2026-07-28,11,13,adb-observer,1,198.985,final-capture-complete,5,complete,3,,,,,,,,4355537,0.963789,25,4355537,0,true,true,classifier,true,yolo26n_background_catalog_scored,true,104,0,0,5,11,7,2,3,1,1,4,16,3844,71497,174221.48,2394967,reviewed,matched,true,auto_confirmed
session_798dc3e9f2cc040b,S,2026-07-28,11,14,adb-observer,1,48.953,final-capture-complete,1,complete,3,,,,,,,,934617,0.992541,12,934617,0,true,true,classifier,true,yolo26n_background_catalog_scored,true,45,0,0,4,3,4,1,3,0,0,0,9,2360,52794.0,77884.75,224110,reviewed,matched,true,auto_confirmed
session_eace6464f1c43e96,S,2026-07-28,11,15,adb-observer,1,92.5,final-capture-complete,1,needs_review,3,,,,,,,,5628981,0.990395,38,6112268,483287,false,true,classifier,true,yolo26n_background_catalog_scored,true,127,1,0,6,11,12,9,3,5,6,9,15,1814,70011.0,160849.157895,1587435,final_total_conflict,mismatched,false,conflict
session_3d3391c6d99f89ca,S,2026-07-28,12,16,adb-observer,1,230.532,final-capture-complete,5,complete,3,,,,,,,,4851780,0.995316,33,4851780,0,true,true,classifier,true,yolo26n_background_catalog_scored,true,119,0,0,5,9,15,4,4,6,3,4,16,2360,85093,147023.636364,1878833,reviewed,matched,true,auto_confirmed
session_d1c805166e46e870,S,2026-07-28,12,17,adb-observer,1,142.375,final-capture-complete,3,complete_with_identity_review,3,,,,,,,,4028678,0.991783,37,4028678,0,true,true,classifier,true,yolo26n_background_catalog_scored,true,118,1,0,7,13,14,3,10,4,1,2,20,2446,71497,108883.189189,713390,reviewed,matched,true,auto_confirmed
session_7eec32e964330bd7,S,2026-07-28,12,18,adb-observer,1,250.656,final-capture-complete,5,needs_review,3,,,,,,,,6905776,0.99606,50,7670151,764375,false,true,classifier,true,yolo26n_background_catalog_scored,true,176,2,0,7,22,12,9,9,4,5,8,24,3747,69744.0,153403.02,1680426,final_total_conflict,mismatched,false,conflict
session_67068e35eb5c4aaf,S,2026-07-28,12,19,adb-observer,1,126.89,final-capture-complete,3,complete,3,,,,,,,,4164034,0.980721,33,4164034,0,true,true,classifier,true,yolo26n_background_catalog_scored,true,114,0,0,5,11,12,5,5,0,7,5,16,1814,93012,126182.848485,540336,reviewed,matched,true,auto_confirmed
session_f50e5ba7d551f17d,S,2026-07-28,12,20,adb-observer,1,216.11,final-capture-complete,5,needs_review,3,,,,,,,,5340372,0.978361,52,5340372,0,true,true,classifier,true,yolo26n_background_catalog_scored,true,165,1,1,10,15,16,11,10,5,8,9,20,2360,83059.0,102699.461538,713390,reviewed,matched,true,auto_confirmed
session_432e991bbff0692d,S,2026-07-28,12,21,adb-observer,1,178.797,final-capture-complete,4,complete,3,,,,,,,,6829817,0.994239,49,6829817,0,true,true,classifier,true,yolo26n_background_catalog_scored,true,173,0,0,12,18,13,6,5,5,5,10,24,1420,96008,139384.020408,1878833,reviewed,matched,true,auto_confirmed
session_61f9e4a1c3792a86,S,2026-07-28,12,22,adb-observer,1,126.015,final-capture-complete,2,,,,,,,,,,,,,,,,,,,,,,,,0,0,0,0,0,0,0,0,0,,,,,,,,
session_4ef618f1cd150c5c,S,2026-07-28,12,1,adb-observer,1,198.656,final-capture-complete,5,needs_review,3,complete,auction-protocol-v1,77,17,60,0,true,9048953,0.993099,55,9048953,0,true,true,classifier,true,yolo26n_background_catalog_scored,true,207,1,4,10,19,21,5,8,5,4,10,28,3797,85093,164526.418182,3061687,reviewed,matched,true,auto_confirmed
session_5a5e8dd0c08c0bbe,S,2026-07-28,12,2,adb-observer,1,82.125,final-capture-complete,2,complete,3,complete,auction-protocol-v1,32,8,24,0,true,4555475,0.976577,26,4555475,0,true,true,classifier,true,yolo26n_background_catalog_scored,true,94,0,0,7,7,8,4,4,2,2,4,14,2360,70270.5,175210.576923,2539483,reviewed,matched,true,auto_confirmed
session_20937f134dd31e05,S,2026-07-28,12,3,adb-observer,1,153.672,final-capture-complete,4,complete_with_identity_review,3,complete,auction-protocol-v1,64,14,50,0,true,3345193,0.99717,10,3345193,0,true,true,classifier,true,yolo26n_background_catalog_scored,true,37,1,0,1,3,3,3,2,2,0,1,5,1420,76374.0,334519.3,2557820,reviewed,matched,true,auto_confirmed
session_750a3b2bf72075a1,S,2026-07-28,12,4,adb-observer,1,60.188,final-capture-complete,1,complete,3,complete,auction-protocol-v1,20,5,15,0,true,3900728,0.986309,15,3900728,0,true,true,classifier,true,yolo26n_background_catalog_scored,true,50,0,0,2,6,5,2,3,2,0,1,9,5567,85093,260048.533333,2539483,reviewed,matched,true,auto_confirmed
session_f337621ae2133cae,S,2026-07-28,12,5,adb-observer,1,56.938,final-capture-complete,1,complete_with_identity_review,3,complete,auction-protocol-v1,18,5,13,0,true,3433671,0.992041,35,3433671,0,true,true,classifier,true,yolo26n_background_catalog_scored,true,108,1,0,9,13,8,5,7,6,4,6,12,6685,60018,98104.885714,776546,reviewed,matched,true,auto_confirmed
session_c4390e35f9fc0af3,S,2026-07-28,12,6,adb-observer,1,132.531,final-capture-complete,3,complete,3,complete,auction-protocol-v1,47,11,36,0,true,6563266,0.958492,37,6563266,0,true,true,classifier,true,yolo26n_background_catalog_scored,true,126,0,0,6,11,14,6,9,0,7,4,17,3844,96819,177385.567568,1635681,reviewed,matched,true,auto_confirmed
session_888908fe680651a2,S,2026-07-28,12,7,adb-observer,1,213.907,final-capture-complete,5,complete_with_identity_review,3,complete,auction-protocol-v1,74,17,57,0,true,4315676,0.987126,28,4315676,0,true,true,classifier,true,yolo26n_background_catalog_scored,true,100,1,0,8,9,7,4,4,3,2,2,17,4507,64279.0,154131.285714,1587435,reviewed,matched,true,auto_confirmed
session_b6b5b86e27e78918,S,2026-07-28,12,8,adb-observer,1,74.297,final-capture-complete,2,complete,3,complete,auction-protocol-v1,31,8,23,0,true,812620,0.999584,10,812620,0,true,true,classifier,true,yolo26n_background_catalog_scored,true,34,0,0,1,4,4,1,1,2,1,0,6,9053,79737.0,81262.0,138522,reviewed,matched,true,auto_confirmed
session_3386f4d146d120ec,S,2026-07-28,12,9,adb-observer,1,173.062,final-capture-complete,4,complete,3,complete,auction-protocol-v1,63,14,49,0,true,5382719,0.97549,52,5382719,0,true,true,classifier,true,yolo26n_background_catalog_scored,true,164,0,0,9,13,21,9,11,4,9,7,21,3747,68856.5,103513.826923,281034,reviewed,matched,true,auto_confirmed
session_400cbd28018fd33b,S,2026-07-28,13,1,adb-observer,1,54.516,final-capture-complete,1,needs_review,3,complete,auction-protocol-v1,19,5,14,0,true,5280118,0.987463,22,5235144,-44974,false,true,classifier,true,yolo26n_background_catalog_scored,true,68,0,0,3,7,7,5,6,1,4,1,10,4507,94369.0,237961.090909,2999999,final_total_conflict,mismatched,false,conflict
session_4eb22a98dbd03723,S,2026-07-28,13,2,adb-observer,1,89.109,final-capture-complete,2,complete,3,complete,auction-protocol-v1,33,9,24,0,true,914176,0.994633,10,914176,0,true,true,classifier,true,yolo26n_background_catalog_scored,true,24,0,0,2,3,4,1,5,1,0,2,2,11916,88902.0,91417.6,224110,reviewed,matched,true,auto_confirmed
session_973f2a8db00636ab,S,2026-07-28,13,3,adb-observer,1,113.875,final-capture-complete,3,complete,3,complete,auction-protocol-v1,48,12,36,0,true,3494385,0.9867,20,3494385,0,true,true,classifier,true,yolo26n_background_catalog_scored,true,71,0,0,3,3,9,5,4,0,1,5,10,1814,119287.5,174719.25,1307336,reviewed,matched,true,auto_confirmed
session_90e3951181c0d550,S,2026-07-28,13,4,adb-observer,1,151.172,final-capture-complete,4,complete,3,complete,auction-protocol-v1,63,15,48,0,true,3407045,0.990154,18,3407045,0,true,true,classifier,true,yolo26n_background_catalog_scored,true,58,0,0,4,6,5,3,4,1,1,2,10,5567,75007.5,189280.277778,1561430,reviewed,matched,true,auto_confirmed
session_ec3d591b0061629e,S,2026-07-28,13,5,adb-observer,1,218.938,final-capture-complete,5,complete,3,complete,auction-protocol-v1,79,18,61,0,true,5381828,0.969533,36,5381828,0,true,true,classifier,true,yolo26n_background_catalog_scored,true,113,0,0,5,10,13,8,5,8,4,6,13,1420,82415.0,149495.222222,1680426,reviewed,matched,true,auto_confirmed
session_b81d917edbcc4f95,S,2026-07-28,13,6,adb-observer,1,82.656,final-capture-complete,2,complete,3,complete,auction-protocol-v1,33,9,24,0,true,1440428,0.987995,13,1440428,0,true,true,classifier,true,yolo26n_background_catalog_scored,true,44,0,0,1,6,5,1,0,2,0,4,7,2446,110503,110802.153846,225664,reviewed,matched,true,auto_confirmed
session_09d74c5e1b0347a6,S,2026-07-28,13,7,adb-observer,1,76.594,final-capture-complete,1,needs_review,3,complete,auction-protocol-v1,18,6,12,0,true,3816203,0.973513,48,3823482,7279,false,true,classifier,true,yolo26n_background_catalog_scored,true,151,1,0,9,19,13,7,9,6,5,9,19,1420,60868.5,79655.875,240927,final_total_conflict,mismatched,false,conflict
session_bb5e0fb91a13795b,S,2026-07-28,13,8,adb-observer,1,152.734,final-capture-complete,4,complete,3,complete,auction-protocol-v1,63,15,48,0,true,6694108,0.979467,33,6694108,0,true,true,classifier,true,yolo26n_background_catalog_scored,true,99,0,0,6,10,14,3,7,2,6,4,14,9053,110503,202851.757576,3061687,reviewed,matched,true,auto_confirmed
session_699dde2d4b69e209,S,2026-07-28,13,9,adb-observer,1,134.469,final-capture-complete,3,complete_with_identity_review,3,complete,auction-protocol-v1,49,12,37,0,true,4416580,0.983976,41,4416580,0,true,true,classifier,true,yolo26n_background_catalog_scored,true,146,1,0,9,12,15,5,8,8,3,5,17,1420,93012,107721.463415,713390,reviewed,matched,true,auto_confirmed
session_0024dd3b52d5838c,S,2026-07-28,13,10,adb-observer,1,48.625,final-capture-complete,1,complete,3,complete,auction-protocol-v1,19,6,13,0,true,789185,0.992883,10,789185,0,true,true,classifier,true,yolo26n_background_catalog_scored,true,27,0,0,2,3,3,2,4,1,1,1,3,1814,56879.0,78918.5,281034,reviewed,matched,true,auto_confirmed
session_9e161d592fd74a1b,S,2026-07-28,13,11,adb-observer,1,89.782,final-capture-complete,2,complete,3,complete,auction-protocol-v1,33,9,24,0,true,3546924,0.978809,22,3546924,0,true,true,classifier,true,yolo26n_background_catalog_scored,true,77,0,0,4,7,6,5,5,1,1,2,13,2360,59595.5,161223.818182,971708,reviewed,matched,true,auto_confirmed
session_8ad14ff1c7c9d9d6,S,2026-07-28,13,12,adb-observer,1,218.61,final-capture-complete,5,needs_review,3,complete,auction-protocol-v1,78,18,60,0,true,5969119,0.993472,60,5969119,0,true,true,classifier,true,yolo26n_background_catalog_scored,true,187,1,1,11,21,19,9,15,5,8,8,24,1814,60614.0,99485.316667,1635681,reviewed,matched,true,auto_confirmed
session_eb6c10d1d43a5b51,S,2026-07-28,13,13,adb-observer,1,225.313,final-capture-complete,5,complete,3,complete,auction-protocol-v1,77,17,60,0,true,6806134,0.987859,45,6806134,0,true,true,classifier,true,yolo26n_background_catalog_scored,true,176,0,0,6,19,17,3,10,2,3,6,24,6685,102347,151247.422222,1587435,reviewed,matched,true,auto_confirmed
session_c62c7501e196c2c2,S,2026-07-28,13,14,adb-observer,1,90.188,final-capture-complete,1,complete,3,complete,auction-protocol-v1,17,5,12,0,true,5497059,0.991422,60,5497059,0,true,true,classifier,true,yolo26n_background_catalog_scored,true,181,0,0,17,22,17,4,12,7,9,8,24,6271,67435.0,91617.65,886532,reviewed,matched,true,auto_confirmed
session_2c638af970fff0d9,S,2026-07-28,13,15,adb-observer,1,211.672,final-capture-complete,5,complete,3,complete,auction-protocol-v1,78,18,60,0,true,6517403,0.987828,35,6517403,0,true,true,classifier,true,yolo26n_background_catalog_scored,true,131,0,0,8,10,10,7,6,4,5,2,18,1420,71497,186211.514286,1733281,reviewed,matched,true,auto_confirmed
session_68af14854bfd495d,S,2026-07-28,13,16,adb-observer,1,72.515,final-capture-complete,1,needs_review,3,complete,auction-protocol-v1,18,6,12,0,true,4441968,0.998002,60,4592219,150251,false,true,classifier,true,yolo26n_background_catalog_scored,true,187,1,0,14,18,20,8,13,7,7,11,22,1420,55887.0,76536.983333,240927,final_total_conflict,mismatched,false,conflict
session_12f3a680c5469c17,S,2026-07-28,13,17,adb-observer,1,218.781,final-capture-complete,5,complete,3,complete,auction-protocol-v1,71,18,53,0,true,4796879,0.984884,47,4796879,0,true,true,classifier,true,yolo26n_background_catalog_scored,true,139,0,0,16,11,10,10,15,3,8,9,12,1814,42261,102061.255319,878245,reviewed,matched,true,auto_confirmed
session_a79e37bd31fb9066,S,2026-07-28,13,18,adb-observer,1,140.406,final-capture-complete,3,needs_review,3,complete,auction-protocol-v1,45,11,34,0,true,3464746,0.98048,47,3948033,483287,false,true,classifier,true,yolo26n_background_catalog_scored,true,173,1,0,10,17,13,7,8,5,2,10,22,3797,61123,84000.702128,489972,final_total_conflict,mismatched,false,conflict
session_12c78a69e30ddf51,S,2026-07-28,13,19,adb-observer,1,154.734,final-capture-complete,4,complete,3,complete,auction-protocol-v1,64,15,49,0,true,1800353,0.980603,16,1800353,0,true,true,classifier,true,yolo26n_background_catalog_scored,true,52,0,0,2,4,9,1,0,3,2,3,8,1420,97426.0,112522.0625,281034,reviewed,matched,true,auto_confirmed
session_b1ff9d2373d8d9aa,S,2026-07-28,13,20,adb-observer,1,59.469,final-capture-complete,1,complete_with_identity_review,3,complete,auction-protocol-v1,18,6,12,0,true,5315722,0.984232,31,5315722,0,true,true,classifier,true,yolo26n_background_catalog_scored,true,115,1,0,9,7,8,7,8,3,2,4,14,1814,60614,171474.903226,1878833,reviewed,matched,true,auto_confirmed
session_a794ce7b1b54092d,S,2026-07-28,13,21,adb-observer,1,140.719,final-capture-complete,3,complete,3,complete,auction-protocol-v1,49,12,37,0,true,828635,0.990844,10,828635,0,true,true,classifier,true,yolo26n_background_catalog_scored,true,28,0,0,1,4,4,1,3,1,1,3,2,6271,64881.0,82863.5,188499,reviewed,matched,true,auto_confirmed
session_e96f94e8d9fc6788,S,2026-07-28,13,22,adb-observer,1,192.562,final-capture-complete,5,needs_review,3,complete,auction-protocol-v1,71,18,53,0,true,4419407,0.990706,36,6046634,1627227,false,true,classifier,true,yolo26n_background_catalog_scored,true,114,1,0,4,15,9,8,8,4,4,3,17,1814,96008.0,167962.055556,1635681,final_total_conflict,mismatched,false,conflict
session_ca9c416398c65376,S,2026-07-28,13,23,adb-observer,1,173.141,final-capture-complete,4,complete,3,complete,auction-protocol-v1,72,15,57,0,true,4903038,0.985125,36,4903038,0,true,true,classifier,true,yolo26n_background_catalog_scored,true,127,0,0,7,14,8,7,7,4,4,8,13,3844,76421.5,136195.5,1293299,reviewed,matched,true,auto_confirmed
session_34924bfa89214078,S,2026-07-28,14,24,adb-observer,1,209.36,final-capture-complete,4,needs_review,3,complete,auction-protocol-v1,63,15,48,0,true,3714909,0.986319,37,3743282,28373,false,true,classifier,true,yolo26n_background_catalog_scored,true,122,2,0,10,15,8,4,5,5,2,7,18,1420,67435,101169.783784,971708,final_total_conflict,mismatched,false,conflict
session_7fb1328eec33a812,S,2026-07-28,14,25,adb-observer,1,217.235,final-capture-complete,5,,,complete,auction-protocol-v1,81,18,63,0,true,,,,,,,,,,,,,,,0,0,0,0,0,0,0,0,0,,,,,,,,
session_73120dbbe50bb9a9,S,2026-07-28,14,1,adb-observer,1,114.625,final-capture-complete,3,complete,3,complete,auction-protocol-v2,47,47,0,0,true,981735,0.987828,10,981735,0,true,true,classifier,true,yolo26n_background_catalog_scored,true,43,0,0,1,3,3,3,2,0,0,2,6,3747,59725.5,98173.5,302326,reviewed,matched,true,auto_confirmed
session_8ba71d1f2ed88237,S,2026-07-28,14,2,adb-observer,1,48.11,final-capture-complete,1,complete,3,complete,auction-protocol-v2,19,18,1,0,true,4048631,0.995232,24,4048631,0,true,true,classifier,true,yolo26n_background_catalog_scored,true,77,0,0,4,9,7,4,5,4,2,3,10,1420,75007.5,168692.958333,1293299,reviewed,matched,true,auto_confirmed
session_29bbd9c9f586a33b,S,2026-07-28,14,3,adb-observer,1,207.125,final-capture-complete,5,complete_with_identity_review,3,complete,auction-protocol-v2,80,77,3,0,true,6463309,0.978686,49,6463309,0,true,true,classifier,true,yolo26n_background_catalog_scored,true,154,1,0,13,15,13,8,11,7,7,7,17,1814,60614,131904.265306,2557820,reviewed,matched,true,auto_confirmed
session_b5af75f921ab5641,S,2026-07-28,14,4,adb-observer,1,115.828,final-capture-complete,3,complete,3,complete,auction-protocol-v2,58,47,11,0,true,2945757,0.986102,24,2945757,0,true,true,classifier,true,yolo26n_background_catalog_scored,true,76,0,0,7,6,9,2,6,3,2,3,10,2446,81504.0,122739.875,878245,reviewed,matched,true,auto_confirmed
session_435fc50390d3a703,S,2026-07-28,14,5,adb-observer,1,74.032,final-capture-complete,2,complete,3,complete,auction-protocol-v2,34,33,1,0,true,1464101,0.993427,11,1464101,0,true,true,classifier,true,yolo26n_background_catalog_scored,true,35,0,0,1,4,3,3,2,2,0,2,5,2446,119697,133100.090909,364855,reviewed,matched,true,auto_confirmed
session_d6c390b0bc67bf3b,S,2026-07-28,14,6,adb-observer,1,169.016,final-capture-complete,3,needs_review,3,complete,auction-protocol-v2,49,48,1,0,true,3730072,0.97916,39,3735743,5671,false,true,classifier,true,yolo26n_background_catalog_scored,true,119,0,1,10,15,13,1,4,5,4,7,19,2446,96008,95788.282051,281034,final_total_conflict,mismatched,false,conflict
session_4f98272eae9fd92b,S,2026-07-28,14,1,adb-observer,1,45.937,final-capture-complete,1,complete,3,complete,auction-protocol-v2,17,17,0,0,true,923403,0.993309,12,923403,0,true,true,classifier,true,yolo26n_background_catalog_scored,true,42,0,0,3,4,4,1,1,1,0,3,7,2360,70278.0,76950.25,224110,reviewed,matched,true,auto_confirmed
session_bb92ce127b2e03cf,S,2026-07-28,14,2,adb-observer,1,86.266,final-capture-complete,1,complete_with_identity_review,3,complete,auction-protocol-v2,21,18,3,0,true,5646120,0.987162,55,5646120,0,true,true,classifier,true,yolo26n_background_catalog_scored,true,159,1,0,15,13,11,16,11,6,7,11,20,1814,36824,102656.727273,1293299,reviewed,matched,true,auto_confirmed
session_c2f3995a7f3223d1,S,2026-07-28,14,3,adb-observer,1,190.703,final-capture-complete,3,complete,3,complete,auction-protocol-v2,45,44,1,0,true,4196120,0.987857,20,4196120,0,true,true,classifier,true,yolo26n_background_catalog_scored,true,68,0,0,5,4,6,5,4,4,1,3,8,3747,87726.5,209806.0,1486670,reviewed,matched,true,auto_confirmed
session_dd685ff39b188159,S,2026-07-28,14,4,adb-observer,1,76.296,final-capture-complete,2,complete,3,complete,auction-protocol-v2,37,33,4,0,true,1360750,0.979446,11,1360750,0,true,true,classifier,true,yolo26n_background_catalog_scored,true,38,0,0,2,3,3,3,2,1,1,2,5,6271,60614,123704.545455,381262,reviewed,matched,true,auto_confirmed
session_dd68f6a8ce26fb1a,S,2026-07-28,14,5,adb-observer,1,111.687,final-capture-complete,3,complete,3,complete,auction-protocol-v2,48,48,0,0,true,4319989,0.995339,29,4319989,0,true,true,classifier,true,yolo26n_background_catalog_scored,true,92,0,0,4,10,11,4,7,4,3,2,13,2446,85093,148965.137931,1486670,reviewed,matched,true,auto_confirmed
session_d89bc854cef5ffbe,S,2026-07-28,14,6,adb-observer,1,52.485,final-capture-complete,1,complete,3,complete,auction-protocol-v2,18,18,0,0,true,3156701,0.988161,17,3156701,0,true,true,classifier,true,yolo26n_background_catalog_scored,true,47,0,0,2,7,6,2,3,3,2,1,8,2446,96819,185688.294118,1635681,reviewed,matched,true,auto_confirmed
session_67b3fa60e7ff53a1,S,2026-07-28,14,7,adb-observer,1,53.531,final-capture-complete,1,complete_with_identity_review,3,complete,auction-protocol-v2,19,18,1,0,true,2766352,0.967708,15,2766352,0,true,true,classifier,true,yolo26n_background_catalog_scored,true,56,1,0,2,8,3,2,2,1,0,4,8,2360,79737,184423.466667,1680426,reviewed,matched,true,auto_confirmed
session_816080272fe010a6,S,2026-07-28,14,8,adb-observer,1,170.328,final-capture-complete,3,complete,3,complete,auction-protocol-v2,47,47,0,0,true,6937240,0.99502,52,6937240,0,true,true,classifier,true,yolo26n_background_catalog_scored,true,161,0,0,15,17,11,9,12,3,9,8,20,3747,42261.0,133408.461538,2394967,reviewed,matched,true,auto_confirmed
session_4731e8a89761612e,S,2026-07-28,15,9,adb-observer,1,201.063,final-capture-complete,4,complete_with_identity_review,3,complete,auction-protocol-v2,64,63,1,0,true,6107168,0.986768,43,6107168,0,true,true,classifier,true,yolo26n_background_catalog_scored,true,124,1,0,11,13,15,4,6,13,6,5,13,1420,71497,142027.162791,2557820,reviewed,matched,true,auto_confirmed
session_92e2363080f4a448,S,2026-07-28,15,10,adb-observer,1,225.438,final-capture-complete,5,complete,3,complete,auction-protocol-v2,82,78,4,0,true,3177192,0.983711,34,3177192,0,true,true,classifier,true,yolo26n_background_catalog_scored,true,118,0,0,4,10,14,6,3,5,4,7,15,1420,99980.5,93446.823529,247007,reviewed,matched,true,auto_confirmed
session_964a710c03d3fd7b,S,2026-07-28,15,11,adb-observer,1,47.422,final-capture-complete,1,needs_review,3,complete,auction-protocol-v2,17,17,0,0,true,889869,0.987013,11,897148,7279,false,true,classifier,true,yolo26n_background_catalog_scored,true,31,1,0,1,4,4,2,3,3,0,1,4,1420,60614,81558.909091,221819,final_total_conflict,mismatched,false,conflict
session_5bc61b06d83d7f52,S,2026-07-28,15,12,adb-observer,1,207.328,final-capture-complete,5,complete,3,complete,auction-protocol-v2,78,78,0,0,true,3937969,0.985516,36,3937969,0,true,true,classifier,true,yolo26n_background_catalog_scored,true,124,0,0,8,8,13,7,5,3,3,11,14,1420,98067.0,109388.027778,659511,reviewed,matched,true,auto_confirmed
session_e86f338f7391d8cc,S,2026-07-28,15,13,adb-observer,1,90.829,final-capture-complete,2,complete,3,complete,auction-protocol-v2,32,31,1,0,true,2136976,0.990956,29,2136976,0,true,true,classifier,true,yolo26n_background_catalog_scored,true,73,0,0,8,8,9,4,8,6,5,1,9,1420,60018,73688.827586,225664,reviewed,matched,true,auto_confirmed
session_7fc9823194f40fa6,S,2026-07-28,15,14,adb-observer,1,77.485,final-capture-complete,1,needs_review,3,complete,auction-protocol-v2,19,18,1,0,true,5597402,0.980933,59,5057066,-540336,false,true,classifier,true,yolo26n_background_catalog_scored,true,203,0,0,19,18,13,9,14,4,2,9,30,1814,51756,85712.983051,799999,final_total_conflict,mismatched,false,conflict
session_87d8521a9daaeb24,S,2026-07-28,15,15,adb-observer,1,140.938,final-capture-complete,3,complete,3,complete,auction-protocol-v2,48,48,0,0,true,5509723,0.979617,41,5509723,0,true,true,classifier,true,yolo26n_background_catalog_scored,true,155,0,0,3,17,15,6,6,4,4,7,20,3747,96819,134383.487805,1587435,reviewed,matched,true,auto_confirmed
session_2e624dcccb139f78,S,2026-07-28,15,16,adb-observer,1,193.515,final-capture-complete,5,needs_review,3,complete,auction-protocol-v2,78,78,0,0,true,3148211,0.998194,30,3176584,28373,false,true,classifier,true,yolo26n_background_catalog_scored,true,90,1,0,7,9,9,5,6,3,6,3,12,2446,60570.5,105886.133333,886532,final_total_conflict,mismatched,false,conflict
session_54ff353ad1ba0f01,S,2026-07-28,15,17,adb-observer,1,107.031,final-capture-complete,2,complete,3,complete,auction-protocol-v2,33,33,0,0,true,6306587,0.952693,51,6306587,0,true,true,classifier,true,yolo26n_background_catalog_scored,true,152,0,0,16,12,14,9,13,10,7,3,18,1420,47954,123658.568627,1878833,reviewed,matched,true,auto_confirmed
session_560a9230022f6b31,S,2026-07-28,15,18,adb-observer,1,160.484,final-capture-complete,4,complete,3,complete,auction-protocol-v2,65,63,2,0,true,6180343,0.991992,33,6180343,0,true,true,classifier,true,yolo26n_background_catalog_scored,true,124,0,0,8,11,8,6,4,3,2,5,19,1420,92730,187283.121212,2539483,reviewed,matched,true,auto_confirmed
session_ca378556dbc97011,S,2026-07-28,15,19,adb-observer,1,145.656,final-capture-complete,3,needs_review,3,complete,auction-protocol-v2,48,48,0,0,true,9223705,0.979336,60,9223705,0,true,true,classifier,true,yolo26n_background_catalog_scored,true,201,0,1,14,14,22,10,12,9,7,4,28,1420,78295.0,153728.416667,1587435,reviewed,matched,true,auto_confirmed
session_8227d83af615c41f,S,2026-07-28,15,20,adb-observer,1,62.062,final-capture-complete,1,complete,3,complete,auction-protocol-v2,18,17,1,0,true,2158914,0.997867,35,2158914,0,true,true,classifier,true,yolo26n_background_catalog_scored,true,116,0,0,11,8,10,6,7,3,2,12,11,2446,36887,61683.257143,225664,reviewed,matched,true,auto_confirmed
session_067cbb77f7aad28b,S,2026-07-28,15,21,adb-observer,1,66.187,final-capture-complete,1,complete_with_identity_review,3,complete,auction-protocol-v2,18,18,0,0,true,3171351,0.999577,31,3171351,0,true,true,classifier,true,yolo26n_background_catalog_scored,true,98,1,0,5,10,12,4,7,4,4,3,13,3747,79737,102301.645161,281034,reviewed,matched,true,auto_confirmed
session_5fcaae023f0ce159,S,2026-07-28,15,22,adb-observer,1,243.5,final-capture-complete,5,complete_with_identity_review,3,complete,auction-protocol-v2,80,77,3,0,true,6686226,0.952323,41,6686226,0,true,true,classifier,true,yolo26n_background_catalog_scored,true,133,2,0,10,12,11,8,6,7,2,7,19,2446,67435,163078.682927,1878833,reviewed,matched,true,auto_confirmed
session_cb8a9da8be465b1c,S,2026-07-28,15,23,adb-observer,1,80.219,final-capture-complete,2,complete,3,complete,auction-protocol-v2,35,33,2,0,true,929271,0.997587,11,929271,0,true,true,classifier,true,yolo26n_background_catalog_scored,true,45,0,0,2,4,4,1,1,0,1,3,6,3797,51756,84479.181818,224110,reviewed,matched,true,auto_confirmed
session_fdef5b6679379cdd,S,2026-07-28,15,24,adb-observer,1,179.593,final-capture-complete,5,complete_with_identity_review,3,complete,auction-protocol-v2,78,78,0,0,true,2210584,0.990906,17,2210584,0,true,true,classifier,true,yolo26n_background_catalog_scored,true,53,1,0,2,6,6,3,5,0,2,2,8,1814,70278,130034.352941,713390,reviewed,matched,true,auto_confirmed
session_9f1a4a7f93348c77,S,2026-07-28,15,25,adb-observer,1,62.0,final-capture-complete,1,complete,3,complete,auction-protocol-v2,18,18,0,0,true,3127265,0.972589,42,3127265,0,true,true,classifier,true,yolo26n_background_catalog_scored,true,140,0,0,10,10,16,6,8,4,2,6,22,1420,64024.5,74458.690476,221819,reviewed,matched,true,auto_confirmed
session_8b39e6a945c5033e,S,2026-07-28,15,26,adb-observer,1,54.641,final-capture-complete,1,complete,3,complete,auction-protocol-v2,18,18,0,0,true,3255489,0.978178,21,3255489,0,true,true,classifier,true,yolo26n_background_catalog_scored,true,76,0,0,5,7,4,5,3,2,2,2,12,4507,60614,155023.285714,1561430,reviewed,matched,true,auto_confirmed
session_7e349162d3efb87f,S,2026-07-28,15,27,adb-observer,1,86.954,final-capture-complete,1,complete_with_identity_review,3,complete,auction-protocol-v2,19,18,1,0,true,6759341,0.989974,60,6759341,0,true,true,classifier,true,yolo26n_background_catalog_scored,true,199,1,0,16,28,12,4,12,6,5,12,25,4507,70278.0,112655.683333,1293299,reviewed,matched,true,auto_confirmed
session_6b3fe7641f8e47ba,S,2026-07-28,15,28,adb-observer,1,186.219,final-capture-complete,5,complete,3,complete,auction-protocol-v2,80,78,2,0,true,879849,0.988571,10,879849,0,true,true,classifier,true,yolo26n_background_catalog_scored,true,30,0,0,2,4,3,1,3,1,0,1,5,7279,39574.0,87984.9,302326,reviewed,matched,true,auto_confirmed
session_b892e1e705461c57,S,2026-07-28,15,29,adb-observer,1,151.297,final-capture-complete,2,complete,3,complete,auction-protocol-v2,33,33,0,0,true,6694668,0.972934,52,6694668,0,true,true,classifier,true,yolo26n_background_catalog_scored,true,173,0,0,8,15,19,10,9,10,4,7,22,1420,72301.5,128743.615385,1733281,reviewed,matched,true,auto_confirmed
session_3852cc06f19a4c98,S,2026-07-28,15,30,adb-observer,1,141.047,final-capture-complete,3,needs_review,3,complete,auction-protocol-v2,42,41,1,0,true,4866340,0.983477,55,4806886,-59454,false,true,classifier,true,yolo26n_background_catalog_scored,true,176,2,0,10,20,18,7,12,8,3,10,22,1814,73106,87397.927273,302326,final_total_conflict,mismatched,false,conflict
session_ab4347ed5ae5f401,S,2026-07-28,15,31,adb-observer,1,220.172,final-capture-complete,4,complete_with_identity_review,3,complete,auction-protocol-v2,58,57,1,0,true,4395680,0.975728,42,4395680,0,true,true,classifier,true,yolo26n_background_catalog_scored,true,132,1,0,15,12,12,3,8,8,5,5,16,2446,76421.5,104659.047619,1080961,reviewed,matched,true,auto_confirmed
session_b09c8dac35e2f551,S,2026-07-28,16,32,adb-observer,1,189.625,final-capture-complete,3,complete,3,complete,auction-protocol-v2,48,48,0,0,true,3745622,0.957973,35,3745622,0,true,true,classifier,true,yolo26n_background_catalog_scored,true,108,0,0,9,11,11,4,8,3,4,5,15,3747,61123,107017.771429,799999,reviewed,matched,true,auto_confirmed
session_eb47a95e6fb31941,S,2026-07-28,16,33,adb-observer,1,145.734,final-capture-complete,2,complete,3,complete,auction-protocol-v2,34,31,3,0,true,4296349,0.991377,23,4296349,0,true,true,classifier,true,yolo26n_background_catalog_scored,true,77,0,0,4,7,8,4,5,2,3,2,11,2446,71497,186797.782609,2539483,reviewed,matched,true,auto_confirmed
session_2bc1d42c0bc8eabf,S,2026-07-28,16,34,adb-observer,1,240.094,final-capture-complete,5,complete,3,complete,auction-protocol-v2,80,76,4,0,true,8531406,0.990974,60,8531406,0,true,true,classifier,true,yolo26n_background_catalog_scored,true,189,0,0,9,24,20,7,12,12,3,9,24,2446,88911.5,142190.1,1878833,reviewed,matched,true,auto_confirmed
session_dcca2f85027a0e6f,S,2026-07-28,16,35,adb-observer,1,120.594,final-capture-complete,3,complete,3,complete,auction-protocol-v2,44,43,1,0,true,2009726,0.985388,18,2009726,0,true,true,classifier,true,yolo26n_background_catalog_scored,true,53,0,0,1,9,6,2,3,2,3,1,9,3844,102508.0,111651.444444,499425,reviewed,matched,true,auto_confirmed
session_ece89f5ffbb5fa62,S,2026-07-28,16,36,adb-observer,1,62.516,final-capture-complete,1,needs_review,3,complete,auction-protocol-v2,18,18,0,0,true,2971946,0.99776,25,3122197,150251,false,true,classifier,true,yolo26n_background_catalog_scored,true,89,1,0,6,9,6,4,4,3,2,3,13,2446,60018,124887.88,1307336,final_total_conflict,mismatched,false,conflict
session_2b696a0490ad8e5b,S,2026-07-28,16,37,adb-observer,1,115.593,final-capture-incomplete,3,,,complete,auction-protocol-v2,52,44,8,0,true,,,,,,,,,,,,,,,0,0,0,0,0,0,0,0,0,,,,,,,,
session_a8b9323f198f74ca,S,2026-07-28,16,1,adb-observer,1,212.188,final-capture-complete,5,needs_review,3,complete,auction-protocol-v2,77,77,0,0,true,3126454,0.98182,35,3154586,28132,false,true,classifier,true,yolo26n_background_catalog_scored,true,111,0,0,5,16,11,3,7,6,1,3,18,1814,73106,90131.028571,499425,final_total_conflict,mismatched,false,conflict
session_996ea62f9e211b8e,S,2026-07-28,16,2,adb-observer,1,211.218,final-capture-complete,5,complete_with_identity_review,3,complete,auction-protocol-v2,79,78,1,0,true,3327371,0.974647,39,3327371,0,true,true,classifier,true,yolo26n_background_catalog_scored,true,125,1,0,8,13,12,6,9,5,5,3,17,1420,85093,85317.205128,281034,reviewed,matched,true,auto_confirmed
session_3c24a0f84fd13d45,S,2026-07-28,16,3,adb-observer,1,47.563,final-capture-complete,1,complete,3,complete,auction-protocol-v2,19,18,1,0,true,1293499,0.998212,10,1293499,0,true,true,classifier,true,yolo26n_background_catalog_scored,true,35,0,0,1,4,4,1,0,1,2,2,5,1420,108262.5,129349.9,281034,reviewed,matched,true,auto_confirmed
session_506abfffbd5481dd,S,2026-07-28,16,4,adb-observer,1,157.094,final-capture-complete,4,needs_review,3,complete,auction-protocol-v2,63,63,0,0,true,2172382,0.993704,22,2127408,-44974,false,true,classifier,true,yolo26n_background_catalog_scored,true,68,1,0,4,7,8,3,5,2,2,4,9,4507,79099.5,96700.363636,283538,final_total_conflict,mismatched,false,conflict
session_091c3e994542f16c,S,2026-07-28,16,5,adb-observer,1,94.031,final-capture-complete,2,complete,3,complete,auction-protocol-v2,32,31,1,0,true,1173831,0.998115,10,1173831,0,true,true,classifier,true,yolo26n_background_catalog_scored,true,31,0,0,1,3,4,2,3,1,1,0,5,3747,103821.5,117383.1,226538,reviewed,matched,true,auto_confirmed
session_2293d0d522c05ea9,S,2026-07-28,16,6,adb-observer,1,200.937,final-capture-complete,5,complete,3,complete,auction-protocol-v2,78,78,0,0,true,5314779,0.986592,46,5314779,0,true,true,classifier,true,yolo26n_background_catalog_scored,true,141,0,0,13,13,17,3,10,4,5,8,19,2446,92871.0,115538.673913,1307336,reviewed,matched,true,auto_confirmed
session_8b23c4c2fd8044f9,S,2026-07-28,16,7,adb-observer,1,57.781,final-capture-complete,1,complete,3,complete,auction-protocol-v2,17,17,0,0,true,5469151,0.991036,20,5469151,0,true,true,classifier,true,yolo26n_background_catalog_scored,true,53,0,0,4,4,9,3,4,7,1,0,8,1420,96008.0,273457.55,1878833,reviewed,matched,true,auto_confirmed
session_f23c35358810ea40,S,2026-07-28,16,8,adb-observer,1,111.0,final-capture-complete,1,complete,3,complete,auction-protocol-v2,17,17,0,0,true,3014998,0.986947,34,3014998,0,true,true,classifier,true,yolo26n_background_catalog_scored,true,110,0,0,5,13,10,6,7,4,3,8,12,1420,72301.5,88676.411765,438654,reviewed,matched,true,auto_confirmed
session_0894636ba77892b4,S,2026-07-28,16,9,adb-observer,1,97.125,final-capture-complete,1,complete_with_identity_review,3,complete,auction-protocol-v2,18,18,0,0,true,5362619,0.980392,50,5362619,0,true,true,classifier,true,yolo26n_background_catalog_scored,true,154,1,0,9,14,16,11,7,6,9,6,22,1420,96008.0,107252.38,713390,reviewed,matched,true,auto_confirmed
session_5cfbe047990c1e04,S,2026-07-28,16,10,adb-observer,1,61.719,final-capture-complete,1,complete,3,complete,auction-protocol-v2,18,18,0,0,true,4978654,0.993883,29,4978654,0,true,true,classifier,true,yolo26n_background_catalog_scored,true,101,0,0,3,10,10,6,7,1,4,6,11,1814,109576,171677.724138,1733281,reviewed,matched,true,auto_confirmed
session_a82b63552dfe61f5,S,2026-07-28,16,11,adb-observer,1,112.094,final-capture-complete,1,needs_review,3,complete,auction-protocol-v2,19,17,2,0,true,4212614,0.998824,30,7210253,2997639,false,true,classifier,true,yolo26n_background_catalog_scored,true,120,2,0,8,9,7,6,6,2,2,4,16,5567,60614.0,240341.766667,2999999,final_total_conflict,mismatched,false,conflict
session_a0fa82585789086c,S,2026-07-28,16,12,adb-observer,1,50.359,final-capture-complete,1,complete,3,complete,auction-protocol-v2,18,18,0,0,true,1151802,0.999652,10,1151802,0,true,true,classifier,true,yolo26n_background_catalog_scored,true,35,0,0,1,3,5,1,0,0,2,1,7,8454,111032.0,115180.2,221819,reviewed,matched,true,auto_confirmed
session_8e0f95dc3f8c9f7a,S,2026-07-28,16,13,adb-observer,1,266.265,final-capture-complete,5,complete,3,complete,auction-protocol-v2,78,78,0,0,true,5013312,0.982858,35,5013312,0,true,true,classifier,true,yolo26n_background_catalog_scored,true,140,0,0,6,14,10,5,2,6,4,4,19,2360,92730,143237.485714,992601,reviewed,matched,true,auto_confirmed
session_ce477d18f97b42ff,S,2026-07-28,16,14,adb-observer,1,186.469,final-capture-complete,5,complete,3,complete,auction-protocol-v2,78,77,1,0,true,4828352,0.987566,16,4828352,0,true,true,classifier,true,yolo26n_background_catalog_scored,true,66,0,0,1,6,5,4,3,0,0,0,13,5567,103821.5,301772.0,1561430,reviewed,matched,true,auto_confirmed
session_fcf5207de9c9f91c,S,2026-07-28,16,15,adb-observer,1,222.484,final-capture-complete,5,complete_with_identity_review,3,complete,auction-protocol-v2,87,78,9,0,true,5539340,0.974973,33,5539340,0,true,true,classifier,true,yolo26n_background_catalog_scored,true,108,1,0,11,11,6,5,8,6,3,1,15,1420,36887,167858.787879,2557820,reviewed,matched,true,auto_confirmed
session_25bce2b823c7c2ac,S,2026-07-28,16,16,adb-observer,1,79.219,final-capture-complete,2,complete,3,complete,auction-protocol-v2,31,29,2,0,true,2597083,0.98907,24,2597083,0,true,true,classifier,true,yolo26n_background_catalog_scored,true,86,0,0,5,7,10,2,6,2,0,4,12,1420,64279.0,108211.791667,302326,reviewed,matched,true,auto_confirmed
session_e83e7d4583b11f2d,S,2026-07-28,17,17,adb-observer,1,244.594,final-capture-complete,4,complete,3,complete,auction-protocol-v2,59,56,3,0,true,1382758,0.965217,10,1382758,0,true,true,classifier,true,yolo26n_background_catalog_scored,true,35,0,0,1,4,3,2,1,2,1,1,5,4507,95398.5,138275.8,499425,reviewed,matched,true,auto_confirmed
session_6ca7b6f6754d0303,S,2026-07-28,17,18,adb-observer,1,192.922,final-capture-complete,4,complete,3,complete,auction-protocol-v2,63,63,0,0,true,4766109,0.983602,39,4766109,0,true,true,classifier,true,yolo26n_background_catalog_scored,true,144,0,0,6,11,15,7,6,4,5,3,21,1814,71497,122207.923077,992601,reviewed,matched,true,auto_confirmed
session_eebde2604fd93ba5,S,2026-07-28,17,19,adb-observer,1,179.031,final-capture-complete,4,complete,3,complete,auction-protocol-v2,63,63,0,0,true,4546782,0.979216,36,4546782,0,true,true,classifier,true,yolo26n_background_catalog_scored,true,115,0,0,9,11,11,5,10,3,3,9,11,3747,82918.0,126299.5,886532,reviewed,matched,true,auto_confirmed
session_74d525975a994853,S,2026-07-28,17,20,adb-observer,1,58.687,final-capture-complete,1,complete,3,complete,auction-protocol-v2,19,18,1,0,true,2191202,0.999162,30,2191202,0,true,true,classifier,true,yolo26n_background_catalog_scored,true,89,0,0,8,11,10,1,9,3,3,5,10,6271,51756.0,73040.066667,247007,reviewed,matched,true,auto_confirmed
session_5a1363d494cdab30,S,2026-07-28,17,21,adb-observer,1,191.266,final-capture-complete,5,complete,3,complete,auction-protocol-v2,78,78,0,0,true,4073275,0.986649,24,4073275,0,true,true,classifier,true,yolo26n_background_catalog_scored,true,82,0,0,6,7,7,4,3,4,2,1,14,1420,69877.5,169719.791667,2394967,reviewed,matched,true,auto_confirmed
session_4420677743744ce8,S,2026-07-28,17,22,adb-observer,1,49.828,final-capture-complete,1,complete,3,complete,auction-protocol-v2,18,18,0,0,true,1800769,0.988078,10,1800769,0,true,true,classifier,true,yolo26n_background_catalog_scored,true,45,0,0,1,4,3,2,0,2,1,0,7,7982,71497.0,180076.9,992601,reviewed,matched,true,auto_confirmed
session_9852e4658ae4dd1c,S,2026-07-28,17,23,adb-observer,1,182.093,final-capture-complete,4,needs_review,3,complete,auction-protocol-v2,66,63,3,0,true,5902640,0.990079,49,8874322,2971682,false,true,classifier,true,yolo26n_background_catalog_scored,true,164,1,5,10,18,14,7,9,8,6,4,22,1420,73106,181108.612245,2999999,final_total_conflict,mismatched,false,conflict
session_e5b25342d9cbc76d,S,2026-07-28,17,24,adb-observer,1,171.203,final-capture-complete,4,complete,3,complete,auction-protocol-v2,63,62,1,0,true,5109848,0.992044,44,5109848,0,true,true,classifier,true,yolo26n_background_catalog_scored,true,143,0,0,6,14,18,6,14,3,5,5,17,1814,65433.5,116132.909091,1486670,reviewed,matched,true,auto_confirmed
session_fa29172ff43b8fea,S,2026-07-28,17,25,adb-observer,1,45.859,final-capture-complete,1,complete,3,complete,auction-protocol-v2,18,17,1,0,true,1998711,0.99466,12,1998711,0,true,true,classifier,true,yolo26n_background_catalog_scored,true,37,0,0,3,3,4,2,2,1,4,1,4,8454,70430.0,166559.25,886532,reviewed,matched,true,auto_confirmed
session_e0fb962436cef0f0,S,2026-07-28,17,26,adb-observer,1,155.344,final-capture-complete,4,complete,3,complete,auction-protocol-v2,61,58,3,0,true,4637809,0.991925,26,4637809,0,true,true,classifier,true,yolo26n_background_catalog_scored,true,91,0,0,5,10,5,6,6,4,2,4,10,3747,79099.5,178377.269231,1083805,reviewed,matched,true,auto_confirmed
session_0e854edb01d5697c,S,2026-07-28,17,27,adb-observer,1,136.985,final-capture-complete,3,complete,3,complete,auction-protocol-v2,48,48,0,0,true,4175732,0.977488,31,4175732,0,true,true,classifier,true,yolo26n_background_catalog_scored,true,102,0,0,6,14,6,5,7,2,2,6,14,3797,79737,134701.032258,1635681,reviewed,matched,true,auto_confirmed
session_498c60a32a21e98c,S,2026-07-28,17,28,adb-observer,1,143.953,final-capture-complete,3,complete,3,complete,auction-protocol-v2,48,48,0,0,true,6469788,0.977666,44,6469788,0,true,true,classifier,true,yolo26n_background_catalog_scored,true,159,0,0,8,17,9,10,9,4,4,8,19,1420,65433.5,147040.636364,1878833,reviewed,matched,true,auto_confirmed
session_bd7cab1ac9797c17,S,2026-07-28,17,29,adb-observer,1,199.14,final-capture-complete,4,needs_review,3,complete,auction-protocol-v2,63,63,0,0,true,4711113,0.997295,45,7754225,3043112,false,true,classifier,true,yolo26n_background_catalog_scored,true,171,2,0,14,8,13,10,5,3,7,5,25,2360,44974,172316.111111,2999999,final_total_conflict,mismatched,false,conflict
session_07344fcd4d1965e6,S,2026-07-28,17,30,adb-observer,1,179.078,final-capture-complete,4,complete,3,complete,auction-protocol-v2,63,62,1,0,true,5352878,0.967976,34,5352878,0,true,true,classifier,true,yolo26n_background_catalog_scored,true,130,0,0,3,14,13,4,3,4,1,6,20,1420,83059.0,157437.588235,1956574,reviewed,matched,true,auto_confirmed
session_bf27737d6af39be9,S,2026-07-28,17,31,adb-observer,1,251.093,final-capture-complete,4,needs_review,3,complete,auction-protocol-v2,67,58,9,0,true,5716485,0.986489,51,8688167,2971682,false,true,classifier,true,yolo26n_background_catalog_scored,true,206,1,2,16,16,16,3,5,3,3,6,34,2446,67435,170356.215686,2999999,final_total_conflict,mismatched,false,conflict
session_6d4afddc8c9903a8,S,2026-07-28,17,32,adb-observer,1,115.297,final-capture-complete,3,complete,3,complete,auction-protocol-v2,47,47,0,0,true,2770606,0.989247,28,2770606,0,true,true,classifier,true,yolo26n_background_catalog_scored,true,83,0,0,3,9,10,6,5,2,7,3,11,2446,88278.0,98950.214286,489972,reviewed,matched,true,auto_confirmed
session_fa80e01e8b6df441,S,2026-07-28,17,33,adb-observer,1,88.109,final-capture-complete,1,needs_review,3,complete,auction-protocol-v2,18,18,0,0,true,5708013,0.991144,43,5713684,5671,false,true,classifier,true,yolo26n_background_catalog_scored,true,141,1,0,9,10,17,7,8,4,6,8,17,2360,71497,132876.372093,1080961,final_total_conflict,mismatched,false,conflict
session_d3fb2be3d7f1d5f5,S,2026-07-28,17,34,adb-observer,1,216.157,final-capture-complete,5,complete,3,complete,auction-protocol-v2,80,78,2,0,true,3502947,0.991477,33,3502947,0,true,true,classifier,true,yolo26n_background_catalog_scored,true,98,0,0,7,9,12,5,6,5,6,7,9,1420,92730,106149.909091,540336,reviewed,matched,true,auto_confirmed
session_bc7e7b268f40b0b5,S,2026-07-28,17,35,adb-observer,1,174.359,final-capture-complete,4,complete,3,complete,auction-protocol-v2,63,63,0,0,true,5451035,0.988102,42,5451035,0,true,true,classifier,true,yolo26n_background_catalog_scored,true,133,0,0,7,10,16,9,11,5,3,7,16,1814,81645.0,129786.547619,971708,reviewed,matched,true,auto_confirmed
session_3084e66ceef635ad,S,2026-07-28,17,36,adb-observer,1,122.625,final-capture-complete,2,needs_review,3,complete,auction-protocol-v2,32,31,1,0,true,3531529,0.970509,46,3531529,0,true,true,classifier,true,yolo26n_background_catalog_scored,true,142,0,2,9,22,10,5,12,5,7,4,18,1814,70011.0,76772.369565,240927,reviewed,matched,true,auto_confirmed
session_9fa8a7d8ba2d03d7,S,2026-07-28,18,37,adb-observer,1,50.828,final-capture-complete,1,complete,3,complete,auction-protocol-v2,19,18,1,0,true,2219067,0.995235,12,2219067,0,true,true,classifier,true,yolo26n_background_catalog_scored,true,42,0,0,2,3,4,3,4,1,0,0,7,1814,68856.5,184922.25,1486670,reviewed,matched,true,auto_confirmed
session_4caa73780d9f8777,S,2026-07-28,18,38,adb-observer,1,141.766,final-capture-complete,3,complete_with_identity_review,3,complete,auction-protocol-v2,46,44,2,0,true,5705369,0.957228,42,5705369,0,true,true,classifier,true,yolo26n_background_catalog_scored,true,144,1,0,9,14,12,7,8,5,4,7,18,1420,70011.0,135842.119048,2557820,reviewed,matched,true,auto_confirmed
session_b70c6c3c66c165ab,S,2026-07-28,18,39,adb-observer,1,71.469,final-capture-complete,1,complete,3,complete,auction-protocol-v2,21,17,4,0,true,1639420,0.996203,19,1639420,0,true,true,classifier,true,yolo26n_background_catalog_scored,true,53,0,0,4,6,5,4,7,2,1,1,8,2446,69744,86285.263158,364855,reviewed,matched,true,auto_confirmed
session_03fe185dce616292,S,2026-07-28,18,40,adb-observer,1,61.859,final-capture-complete,1,complete,3,complete,auction-protocol-v2,18,18,0,0,true,5823489,0.979345,27,5823489,0,true,true,classifier,true,yolo26n_background_catalog_scored,true,93,0,0,6,9,8,4,4,2,4,2,15,2446,71497,215684.777778,2685114,reviewed,matched,true,auto_confirmed
session_d80c9cf7456c19de,S,2026-07-28,18,41,adb-observer,1,89.906,final-capture-complete,1,complete_with_identity_review,3,complete,auction-protocol-v2,20,18,2,0,true,5370395,0.970471,60,5370395,0,true,true,classifier,true,yolo26n_background_catalog_scored,true,182,1,0,20,15,13,12,14,9,5,11,21,1420,48365.0,89506.583333,630423,reviewed,matched,true,auto_confirmed
session_cacacfc2b1727f4b,S,2026-07-28,18,42,adb-observer,1,74.922,final-capture-complete,1,needs_review,3,complete,auction-protocol-v2,19,18,1,0,true,5107271,0.988804,47,5139006,31735,false,true,classifier,true,yolo26n_background_catalog_scored,true,147,1,0,8,20,14,5,5,5,10,10,17,3844,79737,109340.553191,971708,final_total_conflict,mismatched,false,conflict
session_f98420ccd204e337,S,2026-07-28,18,43,adb-observer,1,136.172,final-capture-complete,3,complete,3,complete,auction-protocol-v2,44,43,1,0,true,893511,0.996694,10,893511,0,true,true,classifier,true,yolo26n_background_catalog_scored,true,24,0,0,2,3,4,1,3,3,1,1,2,8661,63677.0,89351.1,224110,reviewed,matched,true,auto_confirmed
session_c8bb845f71517e94,S,2026-07-28,18,44,adb-observer,1,47.437,final-capture-complete,1,complete,3,complete,auction-protocol-v2,18,18,0,0,true,2092743,0.988051,17,2092743,0,true,true,classifier,true,yolo26n_background_catalog_scored,true,49,0,0,2,8,4,3,4,0,3,3,7,2446,69744,123102.529412,489972,reviewed,matched,true,auto_confirmed
session_f126c740e74fc980,S,2026-07-28,18,45,adb-observer,1,243.656,final-capture-complete,5,complete,3,complete,auction-protocol-v2,78,78,0,0,true,6404250,0.976234,47,6404250,0,true,true,classifier,true,yolo26n_background_catalog_scored,true,142,0,0,13,15,11,8,11,5,8,6,17,1814,60614,136260.638298,1561430,reviewed,matched,true,auto_confirmed
session_d03ca7f6c9aebe48,S,2026-07-28,18,46,adb-observer,1,165.75,final-capture-complete,3,complete,3,complete,auction-protocol-v2,54,47,7,0,true,6498219,0.996172,39,6498219,0,true,true,classifier,true,yolo26n_background_catalog_scored,true,131,0,0,6,16,11,6,5,5,3,8,18,3797,67435,166621.0,1635681,reviewed,matched,true,auto_confirmed
session_92b02ab28730406a,S,2026-07-28,18,47,adb-observer,1,50.922,final-capture-complete,1,complete,3,complete,auction-protocol-v2,20,18,2,0,true,2849915,0.998742,18,2849915,0,true,true,classifier,true,yolo26n_background_catalog_scored,true,73,0,0,2,8,4,4,1,3,2,2,10,4507,94656.5,158328.611111,706471,reviewed,matched,true,auto_confirmed
session_d97c9c50bca26a95,S,2026-07-28,18,48,adb-observer,1,261.515,final-capture-complete,5,needs_review,3,complete,auction-protocol-v2,84,78,6,0,true,5905359,0.971263,60,6390824,485465,false,true,classifier,true,yolo26n_background_catalog_scored,true,200,1,2,14,24,17,5,12,10,5,8,25,1420,68856.5,106513.733333,489972,final_total_conflict,mismatched,false,conflict
session_52bf3084c56d7700,S,2026-07-28,18,49,adb-observer,1,74.532,final-capture-complete,1,complete,3,complete,auction-protocol-v2,22,17,5,0,true,3307983,0.993185,32,3307983,0,true,true,classifier,true,yolo26n_background_catalog_scored,true,110,0,0,6,13,9,4,9,1,2,2,18,1814,72301.5,103374.46875,540336,reviewed,matched,true,auto_confirmed
session_b9d2be7ab8432a58,S,2026-07-28,18,50,adb-observer,1,241.828,final-capture-complete,5,needs_review,3,complete,auction-protocol-v2,80,76,4,0,true,4168951,0.999179,39,4087205,-81746,false,true,classifier,true,yolo26n_background_catalog_scored,true,119,1,0,6,8,17,8,9,5,3,10,12,1814,70278,104800.128205,438654,final_total_conflict,mismatched,false,conflict
session_c8518a747b326226,S,2026-07-28,18,51,adb-observer,1,195.61,final-capture-complete,5,complete,3,complete,auction-protocol-v2,77,77,0,0,true,2755384,0.979033,19,2755384,0,true,true,classifier,true,yolo26n_background_catalog_scored,true,53,0,0,1,7,6,5,4,2,3,3,7,1814,92730,145020.210526,1083805,reviewed,matched,true,auto_confirmed
session_841016861350aa12,S,2026-07-28,18,52,adb-observer,1,115.156,final-capture-complete,2,needs_review,3,complete,auction-protocol-v2,33,33,0,0,true,6723577,0.977591,42,7206864,483287,false,true,classifier,true,yolo26n_background_catalog_scored,true,145,1,0,12,9,14,7,8,6,5,4,19,1420,76421.5,171592.0,1680426,final_total_conflict,mismatched,false,conflict
session_76a175e1877b7787,S,2026-07-28,18,53,adb-observer,1,142.094,final-capture-complete,3,needs_review,3,complete,auction-protocol-v2,54,48,6,0,true,6463262,0.987404,34,6491394,28132,false,true,classifier,true,yolo26n_background_catalog_scored,true,117,0,0,4,15,7,8,3,4,6,7,14,2446,73106.0,190923.352941,2539483,final_total_conflict,mismatched,false,conflict
session_22c445ca7a804619,S,2026-07-28,18,54,adb-observer,1,66.406,final-capture-complete,1,complete,3,complete,auction-protocol-v2,20,18,2,0,true,4128001,0.996052,40,4128001,0,true,true,classifier,true,yolo26n_background_catalog_scored,true,146,0,0,11,11,13,5,4,6,5,6,19,2446,75617.0,103200.025,540336,reviewed,matched,true,auto_confirmed
session_3490b02130a14867,S,2026-07-28,18,55,adb-observer,1,187.641,final-capture-complete,5,complete,3,complete,auction-protocol-v2,79,78,1,0,true,2811405,0.997424,27,2811405,0,true,true,classifier,true,yolo26n_background_catalog_scored,true,83,0,0,5,12,9,1,6,2,2,3,14,2360,96008,104126.111111,281034,reviewed,matched,true,auto_confirmed
session_bde2e5f5837b17ab,S,2026-07-28,18,56,adb-observer,1,205.953,final-capture-complete,4,complete,3,complete,auction-protocol-v2,62,62,0,0,true,3537215,0.99699,37,3537215,0,true,true,classifier,true,yolo26n_background_catalog_scored,true,117,0,0,5,13,13,6,8,3,5,9,12,4507,71497,95600.405405,283538,reviewed,matched,true,auto_confirmed
session_0fdbc47499cc7aab,S,2026-07-28,18,57,adb-observer,1,155.047,final-capture-complete,4,complete,3,complete,auction-protocol-v2,66,63,3,0,true,1011190,0.999521,11,1011190,0,true,true,classifier,true,yolo26n_background_catalog_scored,true,33,0,0,3,3,4,1,3,2,1,0,5,2446,92730,91926.363636,247007,reviewed,matched,true,auto_confirmed
session_db4898af124d4695,S,2026-07-28,18,58,adb-observer,1,225.125,final-capture-complete,5,complete,3,complete,auction-protocol-v2,78,78,0,0,true,6967865,0.988756,29,6967865,0,true,true,classifier,true,yolo26n_background_catalog_scored,true,99,0,0,3,5,11,10,8,3,0,4,14,1814,109576,240271.206897,1307336,reviewed,matched,true,auto_confirmed
session_fa229b264aee210f,S,2026-07-28,18,59,adb-observer,1,223.125,final-capture-complete,5,needs_review,3,complete,auction-protocol-v2,84,78,6,0,true,6800473,0.992684,35,6806144,5671,false,true,classifier,true,yolo26n_background_catalog_scored,true,122,0,0,3,16,9,7,11,2,1,6,15,3844,73106,194461.257143,2999999,final_total_conflict,mismatched,false,conflict
session_92ab5c44dca61b6b,S,2026-07-28,19,60,adb-observer,1,110.093,final-capture-complete,2,complete,3,complete,auction-protocol-v2,33,32,1,0,true,4796026,0.982905,27,4796026,0,true,true,classifier,true,yolo26n_background_catalog_scored,true,92,0,0,6,9,8,4,8,2,0,5,12,7279,71497,177630.592593,2685114,reviewed,matched,true,auto_confirmed
session_ad1844da03280c90,S,2026-07-28,19,61,adb-observer,1,161.703,final-capture-complete,5,complete,3,complete,auction-protocol-v2,68,67,1,0,true,1643055,0.991094,10,1643055,0,true,true,classifier,true,yolo26n_background_catalog_scored,true,35,0,0,1,3,4,2,4,0,0,1,5,3844,120684.0,164305.5,799999,reviewed,matched,true,auto_confirmed
session_cf9066a17d73c2f0,S,2026-07-28,19,62,adb-observer,1,193.265,final-capture-complete,5,complete,3,complete,auction-protocol-v2,72,70,2,0,true,6348547,0.978969,60,6348547,0,true,true,classifier,true,yolo26n_background_catalog_scored,true,212,0,0,13,22,13,12,14,2,2,7,35,2360,61123.0,105809.116667,878245,reviewed,matched,true,auto_confirmed
session_ec7ffcea683e7770,S,2026-07-28,19,63,adb-observer,1,207.844,final-capture-complete,4,complete_with_identity_review,3,complete,auction-protocol-v2,64,62,2,0,true,5468764,0.972038,56,5468764,0,true,true,classifier,true,yolo26n_background_catalog_scored,true,193,1,0,8,22,16,10,14,5,3,4,30,1814,60868.5,97656.5,971708,reviewed,matched,true,auto_confirmed
session_01dd73b6d210b93e,S,2026-07-28,19,64,adb-observer,1,194.796,final-capture-complete,3,complete,3,complete,auction-protocol-v2,43,42,1,0,true,2798229,0.997423,27,2798229,0,true,true,classifier,true,yolo26n_background_catalog_scored,true,87,0,0,3,8,13,3,4,4,4,4,11,3797,102347,103638.111111,240927,reviewed,matched,true,auto_confirmed
session_6984cc976e5f9e99,S,2026-07-28,19,65,adb-observer,1,226.61,final-capture-complete,5,complete,3,complete,auction-protocol-v2,81,78,3,0,true,6693044,0.987444,39,6693044,0,true,true,classifier,true,yolo26n_background_catalog_scored,true,133,0,0,8,10,15,6,9,4,4,6,16,2360,71497,171616.512821,2999999,reviewed,matched,true,auto_confirmed
session_987ed0666f9b1f26,S,2026-07-28,19,66,adb-observer,1,133.203,final-capture-complete,3,complete,3,complete,auction-protocol-v2,47,47,0,0,true,5445624,0.9785,34,5445624,0,true,true,classifier,true,yolo26n_background_catalog_scored,true,110,0,0,6,11,11,6,3,3,6,8,14,2360,94656.5,160165.411765,1680426,reviewed,matched,true,auto_confirmed
session_880b5050b438ae70,S,2026-07-28,19,67,adb-observer,1,45.172,final-capture-complete,1,complete,3,complete,auction-protocol-v2,17,14,3,0,true,949100,0.99326,10,949100,0,true,true,classifier,true,yolo26n_background_catalog_scored,true,35,0,0,1,5,3,1,3,1,0,0,6,2360,95398.5,94910.0,226538,reviewed,matched,true,auto_confirmed
session_2ff8074e2127f881,S,2026-07-28,19,68,adb-observer,1,196.86,final-capture-complete,4,complete,3,complete,auction-protocol-v2,63,63,0,0,true,4655180,0.993278,38,4655180,0,true,true,classifier,true,yolo26n_background_catalog_scored,true,106,0,0,8,15,11,4,10,7,3,7,11,1420,96008.0,122504.736842,1307336,reviewed,matched,true,auto_confirmed
session_503f6856b362b1d1,S,2026-07-28,19,69,adb-observer,1,215.25,final-capture-complete,5,needs_review,3,complete,auction-protocol-v2,78,78,0,0,true,6641820,0.993819,30,6641820,0,true,true,classifier,true,yolo26n_background_catalog_scored,true,110,1,1,7,7,11,5,4,0,5,3,18,2446,60868.5,221394.0,2557820,reviewed,matched,true,auto_confirmed
session_92acb55acf9f7907,S,2026-07-28,19,70,adb-observer,1,182.297,final-capture-complete,5,complete,3,complete,auction-protocol-v2,77,77,0,0,true,2954620,0.991251,27,2954620,0,true,true,classifier,true,yolo26n_background_catalog_scored,true,79,0,0,3,10,11,3,6,4,3,2,12,7982,93012,109430.37037,540336,reviewed,matched,true,auto_confirmed
session_ef827065ba3fa89d,S,2026-07-28,19,71,adb-observer,1,81.734,final-capture-complete,1,complete,3,complete,auction-protocol-v2,18,18,0,0,true,5306394,0.97556,58,5306394,0,true,true,classifier,true,yolo26n_background_catalog_scored,true,203,0,0,11,23,16,8,10,5,6,9,28,1420,68589.5,91489.551724,776546,reviewed,matched,true,auto_confirmed
session_5572d1950fb9c2df,S,2026-07-28,19,72,adb-observer,1,50.828,final-capture-complete,1,complete,3,complete,auction-protocol-v2,18,18,0,0,true,1087265,0.96472,10,1087265,0,true,true,classifier,true,yolo26n_background_catalog_scored,true,30,0,0,1,4,4,1,3,1,0,1,5,2360,99177.5,108726.5,226538,reviewed,matched,true,auto_confirmed
session_8e58da86311f77d7,S,2026-07-28,19,73,adb-observer,1,153.375,final-capture-complete,4,complete_with_identity_review,3,complete,auction-protocol-v2,64,63,1,0,true,2167795,0.991034,16,2167795,0,true,true,classifier,true,yolo26n_background_catalog_scored,true,49,1,0,3,6,5,2,3,2,3,3,5,8454,90027.5,135487.1875,713390,reviewed,matched,true,auto_confirmed
session_654cf037619a6f1c,S,2026-07-28,19,74,adb-observer,1,171.219,final-capture-complete,5,complete,3,complete,auction-protocol-v2,78,78,0,0,true,1269331,0.998055,10,1269331,0,true,true,classifier,true,yolo26n_background_catalog_scored,true,29,0,0,2,3,4,1,2,2,2,1,3,3844,96401.5,126933.1,302326,reviewed,matched,true,auto_confirmed
session_d067664480fb6b18,S,2026-07-28,19,75,adb-observer,1,209.25,final-capture-complete,5,complete,3,complete,auction-protocol-v2,78,78,0,0,true,2497716,0.986241,10,2497716,0,true,true,classifier,true,yolo26n_background_catalog_scored,true,45,0,0,1,4,3,2,3,0,0,0,7,3844,102792.0,249771.6,1486670,reviewed,matched,true,auto_confirmed
session_db4bc6c103a6590f,S,2026-07-28,19,76,adb-observer,1,78.859,final-capture-complete,2,complete,3,complete,auction-protocol-v2,33,33,0,0,true,2169058,0.990346,19,2169058,0,true,true,classifier,true,yolo26n_background_catalog_scored,true,57,0,0,8,6,3,2,3,2,2,1,11,1814,36887,114160.947368,878245,reviewed,matched,true,auto_confirmed
session_7d8000e4b5c4da45,S,2026-07-28,19,77,adb-observer,1,76.532,final-capture-complete,1,complete,3,complete,auction-protocol-v2,18,18,0,0,true,3941702,0.988049,32,3941702,0,true,true,classifier,true,yolo26n_background_catalog_scored,true,103,0,0,11,8,7,6,7,5,4,6,10,1420,79099.5,123178.1875,776546,reviewed,matched,true,auto_confirmed
session_1b1f5ce399694775,S,2026-07-28,19,78,adb-observer,1,88.922,final-capture-complete,2,complete,3,complete,auction-protocol-v2,34,33,1,0,true,2074859,0.987211,19,2074859,0,true,true,classifier,true,yolo26n_background_catalog_scored,true,65,0,0,4,9,4,2,2,1,4,2,10,2360,79737,109203.105263,438654,reviewed,matched,true,auto_confirmed
session_9705685d5e26f609,S,2026-07-28,19,79,adb-observer,1,82.547,final-capture-complete,2,complete,3,complete,auction-protocol-v2,33,33,0,0,true,1862832,0.993329,17,1862832,0,true,true,classifier,true,yolo26n_background_catalog_scored,true,51,0,0,3,6,7,1,5,0,4,2,6,4507,98067,109578.352941,302326,reviewed,matched,true,auto_confirmed
session_09fb3ff0537f0c3e,S,2026-07-28,19,80,adb-observer,1,54.031,final-capture-complete,1,complete,3,complete,auction-protocol-v2,18,18,0,0,true,4230610,0.993659,21,4230610,0,true,true,classifier,true,yolo26n_background_catalog_scored,true,67,0,0,3,7,5,6,4,3,2,2,10,5567,47954,201457.619048,2539483,reviewed,matched,true,auto_confirmed
session_64cd78b3abceca36,S,2026-07-28,19,81,adb-observer,1,156.828,final-capture-complete,4,complete,3,complete,auction-protocol-v2,63,63,0,0,true,3270468,0.989487,26,3270468,0,true,true,classifier,true,yolo26n_background_catalog_scored,true,89,0,0,5,8,8,5,2,3,5,5,11,2446,86233.5,125787.230769,799999,reviewed,matched,true,auto_confirmed
session_93d9daca7f387434,S,2026-07-28,20,82,adb-observer,1,59.609,final-capture-complete,1,complete_with_identity_review,3,complete,auction-protocol-v2,19,18,1,0,true,5935792,0.980778,26,5935792,0,true,true,classifier,true,yolo26n_background_catalog_scored,true,92,1,0,4,10,6,6,3,2,2,6,13,3797,79737.0,228299.692308,2999999,reviewed,matched,true,auto_confirmed
session_39e4beb244d22ca1,S,2026-07-28,20,83,adb-observer,1,140.625,final-capture-complete,3,needs_review,3,complete,auction-protocol-v2,51,48,3,0,true,4597354,0.978661,57,7569036,2971682,false,true,classifier,true,yolo26n_background_catalog_scored,true,179,2,0,14,10,18,15,17,5,4,9,22,1420,42261,132790.105263,2999999,final_total_conflict,mismatched,false,conflict
session_aed1e6920ce33325,S,2026-07-28,20,84,adb-observer,1,168.703,final-capture-complete,3,complete,3,complete,auction-protocol-v2,47,47,0,0,true,5844560,0.978643,49,5844560,0,true,true,classifier,true,yolo26n_background_catalog_scored,true,155,0,0,9,13,19,8,14,6,3,6,20,2360,71497,119276.734694,886532,reviewed,matched,true,auto_confirmed
session_37406350ddd18d77,S,2026-07-28,20,85,adb-observer,1,167.719,final-capture-complete,4,complete,3,complete,auction-protocol-v2,65,63,2,0,true,3236676,0.98869,33,3236676,0,true,true,classifier,true,yolo26n_background_catalog_scored,true,109,0,0,5,13,12,3,4,4,4,5,16,2360,106949,98081.090909,247007,reviewed,matched,true,auto_confirmed
session_df7e415af09fdb2c,S,2026-07-28,20,86,adb-observer,1,185.64,final-capture-complete,4,complete,3,complete,auction-protocol-v2,76,63,13,0,true,4176698,0.988766,60,4176698,0,true,true,classifier,true,yolo26n_background_catalog_scored,true,213,0,0,12,24,14,10,10,9,5,10,26,1420,60018.0,69611.633333,302326,reviewed,matched,true,auto_confirmed
session_92eda1ccd7b13ba3,S,2026-07-28,20,87,adb-observer,1,268.609,final-capture-complete,5,needs_review,3,complete,auction-protocol-v2,79,77,2,0,true,6506929,0.975226,61,6610667,103738,false,true,classifier,true,yolo26n_background_catalog_scored,true,184,1,0,11,24,20,6,11,8,6,7,29,1420,70278,108371.590164,1733281,final_total_conflict,mismatched,false,conflict
session_ece5ed6e9bebd735,S,2026-07-28,20,88,adb-observer,1,166.766,final-capture-complete,3,needs_review,3,complete,auction-protocol-v2,48,46,2,0,true,1760475,0.990314,16,1767754,7279,false,true,classifier,true,yolo26n_background_catalog_scored,true,58,1,0,5,3,4,4,3,2,2,2,7,1814,35534.0,110484.625,499425,final_total_conflict,mismatched,false,conflict
session_2e20bdf48a1d6eb0,S,2026-07-28,20,89,adb-observer,1,124.687,final-capture-complete,3,complete_with_identity_review,3,complete,auction-protocol-v2,49,48,1,0,true,4468101,0.993012,20,4468101,0,true,true,classifier,true,yolo26n_background_catalog_scored,true,66,1,0,5,5,7,3,3,2,2,4,9,2446,75007.5,223405.05,2685114,reviewed,matched,true,auto_confirmed
session_fb0451acc6790892,S,2026-07-28,20,90,adb-observer,1,178.532,final-capture-complete,5,complete,3,complete,auction-protocol-v2,78,78,0,0,true,3067440,0.996473,30,3067440,0,true,true,classifier,true,yolo26n_background_catalog_scored,true,82,0,0,4,12,11,3,8,7,1,1,13,1420,70175.5,102248.0,452757,reviewed,matched,true,auto_confirmed
session_b725cf1552221d07,S,2026-07-28,20,91,adb-observer,1,65.25,final-capture-complete,1,complete,3,complete,auction-protocol-v2,18,18,0,0,true,6656250,0.968002,35,6656250,0,true,true,classifier,true,yolo26n_background_catalog_scored,true,113,0,0,7,15,9,4,8,4,2,6,15,2360,71497,190178.571429,2394967,reviewed,matched,true,auto_confirmed
session_11af2be088dd9253,S,2026-07-28,20,92,adb-observer,1,137.86,final-capture-complete,4,complete,3,complete,auction-protocol-v2,63,63,0,0,true,2831805,0.996844,20,2831805,0,true,true,classifier,true,yolo26n_background_catalog_scored,true,65,0,0,3,4,9,4,4,1,2,4,9,1814,108095.0,141590.25,499425,reviewed,matched,true,auto_confirmed
session_f5fb6c6bfa965637,S,2026-07-28,20,93,adb-observer,1,260.25,final-capture-complete,5,complete,3,complete,auction-protocol-v2,78,74,4,0,true,2702906,0.99581,29,2702906,0,true,true,classifier,true,yolo26n_background_catalog_scored,true,92,0,0,7,10,7,5,6,5,2,6,10,1814,69744,93203.655172,540336,reviewed,matched,true,auto_confirmed
session_f423e3ed1a9e7bb0,S,2026-07-28,20,94,adb-observer,1,99.25,final-capture-complete,1,complete_with_identity_review,3,complete,auction-protocol-v2,19,18,1,0,true,3749734,0.968151,39,3749734,0,true,true,classifier,true,yolo26n_background_catalog_scored,true,115,1,0,10,13,10,6,6,6,6,4,17,3747,73106,96147.025641,713390,reviewed,matched,true,auto_confirmed
session_5bee8aabe68305e5,S,2026-07-28,20,95,adb-observer,1,50.219,final-capture-complete,1,complete,3,complete,auction-protocol-v2,18,18,0,0,true,4654320,0.976996,13,4654320,0,true,true,classifier,true,yolo26n_background_catalog_scored,true,40,0,0,2,4,3,4,1,3,3,3,3,6685,109576,358024.615385,1956574,reviewed,matched,true,auto_confirmed
session_fc1f1a943fa443ea,S,2026-07-28,20,96,adb-observer,1,119.375,final-capture-complete,3,complete,3,complete,auction-protocol-v2,43,41,2,0,true,1281351,0.998421,15,1281351,0,true,true,classifier,true,yolo26n_background_catalog_scored,true,48,0,0,3,6,4,2,4,1,1,4,5,3797,71497,85423.4,225664,reviewed,matched,true,auto_confirmed
session_ec4e2d1ddffea321,S,2026-07-28,20,97,adb-observer,1,46.938,final-capture-complete,1,complete,3,complete,auction-protocol-v2,18,18,0,0,true,1914570,0.991918,19,1914570,0,true,true,classifier,true,yolo26n_background_catalog_scored,true,58,0,0,3,6,9,1,2,7,2,2,6,8454,85093,100766.842105,240927,reviewed,matched,true,auto_confirmed
session_0d0e2036266a4ff4,S,2026-07-28,20,98,adb-observer,1,246.391,final-capture-complete,5,complete,3,complete,auction-protocol-v2,78,78,0,0,true,6193123,0.992867,40,6193123,0,true,true,classifier,true,yolo26n_background_catalog_scored,true,129,0,0,6,14,14,6,8,6,5,3,18,1814,82415.0,154828.075,1307336,reviewed,matched,true,auto_confirmed
session_f8cba8aefd6cfa90,S,2026-07-28,20,99,adb-observer,1,281.531,final-capture-complete,4,complete,3,complete,auction-protocol-v2,63,61,2,0,true,6266659,0.968582,46,6266659,0,true,true,classifier,true,yolo26n_background_catalog_scored,true,147,0,0,7,17,13,9,8,7,6,8,17,4507,88911.5,136231.717391,1486670,reviewed,matched,true,auto_confirmed
session_996fc150fc9e84be,S,2026-07-28,20,100,adb-observer,1,200.547,final-capture-complete,4,complete,3,complete,auction-protocol-v2,62,62,0,0,true,6858814,0.990418,60,6858814,0,true,true,classifier,true,yolo26n_background_catalog_scored,true,197,0,0,15,24,11,10,12,6,7,12,23,1814,47954.0,114313.566667,1635681,reviewed,matched,true,auto_confirmed
session_101333325c8f64f3,S,2026-07-28,20,101,adb-observer,1,49.141,final-capture-complete,1,complete,3,complete,auction-protocol-v2,17,17,0,0,true,921767,0.996808,10,921767,0,true,true,classifier,true,yolo26n_background_catalog_scored,true,40,0,0,1,4,4,1,1,0,1,1,7,8454,80082.5,92176.7,198487,reviewed,matched,true,auto_confirmed
session_41e500fa7962e5e4,S,2026-07-28,20,102,adb-observer,1,146.0,final-capture-complete,4,complete_with_identity_review,3,complete,auction-protocol-v2,64,63,1,0,true,3698502,0.960505,18,3698502,0,true,true,classifier,true,yolo26n_background_catalog_scored,true,71,1,0,5,5,5,3,2,1,0,4,11,2446,76813.0,205472.333333,1733281,reviewed,matched,true,auto_confirmed
session_430d72acf835e035,S,2026-07-28,21,103,adb-observer,1,46.718,final-capture-complete,1,complete,3,complete,auction-protocol-v2,18,18,0,0,true,2447862,0.989045,15,2447862,0,true,true,classifier,true,yolo26n_background_catalog_scored,true,54,0,0,2,4,5,4,2,0,1,5,7,3747,93012,163190.8,776546,reviewed,matched,true,auto_confirmed
session_f77b3bd2f4799852,S,2026-07-28,21,104,adb-observer,1,46.859,final-capture-complete,1,complete_with_identity_review,3,complete,auction-protocol-v2,19,18,1,0,true,3332153,0.992328,10,3332153,0,true,true,classifier,true,yolo26n_background_catalog_scored,true,31,1,0,1,4,3,2,2,3,0,2,3,1814,83059.0,333215.3,2557820,reviewed,matched,true,auto_confirmed
session_ccd5c38f7e791be6,S,2026-07-28,21,105,adb-observer,1,190.406,final-capture-complete,4,complete,3,complete,auction-protocol-v2,63,63,0,0,true,5310155,0.987574,26,5310155,0,true,true,classifier,true,yolo26n_background_catalog_scored,true,99,0,0,4,9,8,5,3,3,3,3,14,2446,76421.5,204236.730769,2539483,reviewed,matched,true,auto_confirmed
session_2df0ba5f176e4e51,S,2026-07-28,21,106,adb-observer,1,73.25,final-capture-complete,1,complete_with_identity_review,3,complete,auction-protocol-v2,18,18,0,0,true,3512640,0.992934,33,3512640,0,true,true,classifier,true,yolo26n_background_catalog_scored,true,118,1,0,6,10,12,5,6,2,3,6,16,2446,71497,106443.636364,713390,reviewed,matched,true,auto_confirmed
session_3ee3e5af65c68ed9,S,2026-07-28,21,107,adb-observer,1,110.406,final-capture-complete,2,complete,3,complete,auction-protocol-v2,33,33,0,0,true,5638657,0.980746,24,5638657,0,true,true,classifier,true,yolo26n_background_catalog_scored,true,77,0,0,5,4,9,6,4,5,4,1,10,1420,85093.0,234944.041667,2394967,reviewed,matched,true,auto_confirmed
session_be7a4a7d9892ea2d,S,2026-07-28,21,108,adb-observer,1,171.047,final-capture-complete,3,complete,3,complete,auction-protocol-v2,48,48,0,0,true,6382767,0.970479,54,6382767,0,true,true,classifier,true,yolo26n_background_catalog_scored,true,181,0,0,16,17,17,4,13,5,4,9,23,2446,71425.0,118199.388889,659511,reviewed,matched,true,auto_confirmed
session_156f3e12108c133b,S,2026-07-28,21,109,adb-observer,1,48.297,final-capture-complete,1,complete,3,complete,auction-protocol-v2,18,18,0,0,true,2355338,0.969012,16,2355338,0,true,true,classifier,true,yolo26n_background_catalog_scored,true,54,0,0,4,5,5,2,3,1,1,2,9,6685,88969.0,147208.625,1083805,reviewed,matched,true,auto_confirmed
session_a3f6714a20e4cf55,S,2026-07-28,21,110,adb-observer,1,94.687,final-capture-complete,1,needs_review,3,complete,auction-protocol-v2,19,18,1,0,true,5757044,0.98523,44,5762715,5671,false,true,classifier,true,yolo26n_background_catalog_scored,true,142,1,0,9,18,9,8,8,8,3,4,21,1420,53986.0,130970.795455,1878833,final_total_conflict,mismatched,false,conflict
session_26363ee68225109f,S,2026-07-28,21,111,adb-observer,1,49.75,final-capture-complete,1,complete,3,complete,auction-protocol-v2,18,18,0,0,true,2123390,0.993493,11,2123390,0,true,true,classifier,true,yolo26n_background_catalog_scored,true,26,0,0,1,3,4,3,5,1,1,2,2,1814,70278,193035.454545,1307336,reviewed,matched,true,auto_confirmed
session_8ca05f714a19b48f,S,2026-07-28,21,112,adb-observer,1,52.281,final-capture-complete,1,complete,3,complete,auction-protocol-v2,18,18,0,0,true,3925725,0.981195,30,3925725,0,true,true,classifier,true,yolo26n_background_catalog_scored,true,85,0,0,9,7,10,4,5,3,8,4,10,2446,40930.5,130857.5,1956574,reviewed,matched,true,auto_confirmed
session_75ceaca16f17b0b3,S,2026-07-28,21,113,adb-observer,1,227.984,final-capture-complete,5,needs_review,3,complete,auction-protocol-v2,73,72,1,0,true,4407178,0.986318,35,4407178,0,true,true,classifier,true,yolo26n_background_catalog_scored,true,121,1,1,8,9,13,5,5,2,5,6,17,3747,93012,125919.371429,1080961,reviewed,matched,true,auto_confirmed
session_fb3d3beeafd965c5,S,2026-07-28,21,114,adb-observer,1,222.968,final-capture-complete,5,complete,3,complete,auction-protocol-v2,77,77,0,0,true,6217842,0.987507,40,6217842,0,true,true,classifier,true,yolo26n_background_catalog_scored,true,145,0,0,4,14,14,8,5,7,4,7,17,3747,86233.5,155446.05,1635681,reviewed,matched,true,auto_confirmed
session_db41d75b8df5aa5c,S,2026-07-28,21,115,adb-observer,1,241.813,final-capture-complete,5,complete,3,complete,auction-protocol-v2,78,77,1,0,true,4344431,0.995039,43,4344431,0,true,true,classifier,true,yolo26n_background_catalog_scored,true,130,0,0,7,13,21,2,7,9,5,2,20,3844,98067,101033.27907,302326,reviewed,matched,true,auto_confirmed
session_8ede7933a595089d,S,2026-07-28,21,116,adb-observer,1,52.203,final-capture-complete,1,complete,3,complete,auction-protocol-v2,18,17,1,0,true,1016022,0.992473,15,1016022,0,true,true,classifier,true,yolo26n_background_catalog_scored,true,46,0,0,2,7,4,2,4,1,1,2,7,3747,61123,67734.8,183981,reviewed,matched,true,auto_confirmed
session_0d5df1d20fb7663e,S,2026-07-28,21,117,adb-observer,1,134.234,final-capture-complete,2,complete_with_identity_review,3,complete,auction-protocol-v2,34,33,1,0,true,6741369,0.971637,44,6741369,0,true,true,classifier,true,yolo26n_background_catalog_scored,true,161,1,0,9,19,9,7,6,3,4,6,25,3747,73106.0,153212.931818,3061687,reviewed,matched,true,auto_confirmed
session_c8a21be3398e47d9,S,2026-07-28,21,118,adb-observer,1,82.0,final-capture-complete,1,complete,3,complete,auction-protocol-v2,20,18,2,0,true,5406811,0.99351,55,5406811,0,true,true,classifier,true,yolo26n_background_catalog_scored,true,172,0,0,13,17,16,9,17,4,4,4,26,1814,71497,98305.654545,489972,reviewed,matched,true,auto_confirmed
session_d246d70003774a9a,S,2026-07-28,21,119,adb-observer,1,196.922,final-capture-complete,4,complete,3,complete,auction-protocol-v2,63,63,0,0,true,6937775,0.99057,42,6937775,0,true,true,classifier,true,yolo26n_background_catalog_scored,true,125,0,0,10,12,10,10,12,6,6,5,13,2360,49855.0,165185.119048,2394967,reviewed,matched,true,auto_confirmed
session_2ef5a735c6f5f210,S,2026-07-28,21,120,adb-observer,1,197.703,final-capture-complete,5,needs_review,3,complete,auction-protocol-v2,81,78,3,0,true,2594457,0.990362,20,2452693,-141764,false,true,classifier,true,yolo26n_background_catalog_scored,true,65,0,0,5,6,6,3,4,4,1,3,8,7279,76421.5,122634.65,878245,final_total_conflict,mismatched,false,conflict
session_cfe23cfb8c5370cf,S,2026-07-28,21,121,adb-observer,1,220.844,final-capture-incomplete,5,,,complete,auction-protocol-v2,78,78,0,0,true,,,,,,,,,,,,,,,0,0,0,0,0,0,0,0,0,,,,,,,,
session_e3529f0d09e2cbbc,S,2026-07-28,22,1,adb-observer,1,46.5,final-capture-complete,1,complete,3,complete,auction-protocol-v2,21,17,4,0,true,1380969,0.984454,10,1380969,0,true,true,classifier,true,yolo26n_background_catalog_scored,true,38,0,0,2,3,3,2,2,1,0,1,6,1420,86374.5,138096.9,659511,reviewed,matched,true,auto_confirmed
session_339d243d6a38d961,S,2026-07-28,22,2,adb-observer,1,92.032,final-capture-complete,1,needs_review,3,complete,auction-protocol-v2,18,18,0,0,true,6379511,0.994216,60,6379511,0,true,true,classifier,true,yolo26n_background_catalog_scored,true,192,0,1,15,18,19,8,15,11,3,8,23,1420,70620.5,106325.183333,878245,reviewed,matched,true,auto_confirmed
session_1636228721cc027a,S,2026-07-28,22,3,adb-observer,1,83.0,final-capture-complete,1,complete,3,complete,auction-protocol-v2,18,18,0,0,true,5681007,0.987212,43,5681007,0,true,true,classifier,true,yolo26n_background_catalog_scored,true,127,0,0,10,12,13,8,11,5,2,9,16,1420,92730,132116.44186,971708,reviewed,matched,true,auto_confirmed
session_671554c874f4ca14,S,2026-07-28,22,4,adb-observer,1,261.922,final-capture-complete,5,complete_with_identity_review,3,complete,auction-protocol-v2,78,78,0,0,true,6169360,0.981811,50,6169360,0,true,true,classifier,true,yolo26n_background_catalog_scored,true,156,1,0,11,12,15,12,10,4,10,4,22,1814,77418.5,123387.2,713390,reviewed,matched,true,auto_confirmed
session_66e7fe22f6dce086,S,2026-07-28,22,5,adb-observer,1,4.203,keyboard-interrupt,0,,,partial,auction-protocol-v2,4,4,0,0,false,,,,,,,,,,,,,,,0,0,0,0,0,0,0,0,0,,,,,,,,
session_1e67429f7aaecced,S,2026-07-28,22,1,adb-observer,1,211.406,final-capture-complete,5,complete_with_identity_review,3,complete,auction-protocol-v2,77,77,0,0,true,5097256,0.984345,27,5097256,0,true,true,classifier,true,yolo26n_background_catalog_scored,true,91,1,0,6,9,7,5,5,3,1,6,12,2446,71497,188787.259259,2999999,reviewed,matched,true,auto_confirmed
session_bcd1deb6ed27e94c,S,2026-07-28,22,2,adb-observer,1,169.672,final-capture-complete,5,complete,3,complete,auction-protocol-v2,82,78,4,0,true,914234,0.99185,10,914234,0,true,true,classifier,true,yolo26n_background_catalog_scored,true,37,0,0,1,5,3,1,3,0,0,1,6,1814,75617.0,91423.4,302326,reviewed,matched,true,auto_confirmed
session_295124d631ff2bc1,S,2026-07-28,22,3,adb-observer,1,97.687,final-capture-complete,2,complete_with_identity_review,3,complete,auction-protocol-v2,33,33,0,0,true,5527374,0.98511,26,5527374,0,true,true,classifier,true,yolo26n_background_catalog_scored,true,87,1,0,6,10,6,4,7,2,3,4,10,2360,92730.0,212591.307692,2557820,reviewed,matched,true,auto_confirmed
session_833affe97d484b1b,S,2026-07-28,22,4,adb-observer,1,137.688,final-capture-complete,4,complete,3,complete,auction-protocol-v2,64,63,1,0,true,2070647,0.996671,14,2070647,0,true,true,classifier,true,yolo26n_background_catalog_scored,true,51,0,0,1,5,6,2,4,1,1,1,7,3844,120464.0,147903.357143,385956,reviewed,matched,true,auto_confirmed
session_560befee61c1028d,S,2026-07-28,22,5,adb-observer,1,234.391,final-capture-complete,5,needs_review,3,complete,auction-protocol-v2,79,78,1,0,true,5537786,0.966663,60,7204555,1666769,false,true,classifier,true,yolo26n_background_catalog_scored,true,202,3,0,11,22,15,12,11,7,6,9,27,2446,61123.0,120075.916667,878245,final_total_conflict,mismatched,false,conflict
session_54d31a3dc2c30540,S,2026-07-28,22,6,adb-observer,1,15.188,collector-error,0,,,partial,auction-protocol-v2,5,5,0,0,false,,,,,,,,,,,,,,,0,0,0,0,0,0,0,0,0,,,,,,,,
session_d56fa53789ed878f,S,2026-07-29,0,1,adb-observer,1,192.11,final-capture-complete,4,complete,3,complete,auction-protocol-v2,59,58,1,0,true,3562215,0.99848,36,3562215,0,true,true,classifier,true,yolo26n_background_catalog_scored,true,129,0,0,5,15,8,8,4,2,6,7,17,3747,102508.0,98950.416667,385956,reviewed,matched,true,auto_confirmed
session_19de24ea8f11b6e8,S,2026-07-29,0,2,adb-observer,1,140.625,final-capture-complete,3,needs_review,3,complete,auction-protocol-v2,48,48,0,0,true,2586177,0.991749,31,2586177,0,true,true,classifier,true,yolo26n_background_catalog_scored,true,111,0,1,6,9,10,6,2,4,3,5,17,2446,71497,83425.064516,302326,reviewed,matched,true,auto_confirmed
session_3a9cf4c21dceef5f,S,2026-07-29,0,3,adb-observer,1,187.078,final-capture-complete,4,needs_review,3,complete,auction-protocol-v2,63,63,0,0,true,5396970,0.988435,60,7987233,2590263,false,true,classifier,true,yolo26n_background_catalog_scored,true,171,4,0,14,23,16,7,16,7,7,4,26,1814,68856.5,133120.55,1635681,final_total_conflict,mismatched,false,conflict
session_8c55fd30155d8c8b,S,2026-07-29,0,4,adb-observer,1,209.187,final-capture-complete,5,complete,3,complete,auction-protocol-v2,84,78,6,0,true,6525067,0.984063,59,6525067,0,true,true,classifier,true,yolo26n_background_catalog_scored,true,175,0,0,16,16,18,9,19,6,3,3,28,1420,71497,110594.355932,1307336,reviewed,matched,true,auto_confirmed
session_15e9eee9b107d9c2,S,2026-07-29,0,5,adb-observer,1,157.062,final-capture-complete,3,complete,3,complete,auction-protocol-v2,47,46,1,0,true,6440148,0.993721,52,6440148,0,true,true,classifier,true,yolo26n_background_catalog_scored,true,148,0,0,10,16,21,5,8,12,7,9,16,1420,73106.0,123849.0,1293299,reviewed,matched,true,auto_confirmed
session_08b45c96b5f9f8c1,S,2026-07-29,0,6,adb-observer,1,155.015,final-capture-complete,3,needs_review,3,complete,auction-protocol-v2,48,48,0,0,true,4871068,0.998236,41,4871068,0,true,true,classifier,true,yolo26n_background_catalog_scored,true,131,0,1,6,20,9,6,8,5,3,5,20,2446,61123,118806.536585,1733281,reviewed,matched,true,auto_confirmed
session_16977f0ef626fccf,S,2026-07-29,0,7,adb-observer,1,204.515,final-capture-complete,5,complete,3,complete,auction-protocol-v2,78,78,0,0,true,5027399,0.986336,48,5027399,0,true,true,classifier,true,yolo26n_background_catalog_scored,true,154,0,0,9,20,15,4,9,5,4,7,23,3747,69744.0,104737.479167,630423,reviewed,matched,true,auto_confirmed
session_7f1aa39fb5df6c1c,S,2026-07-29,0,8,adb-observer,1,121.515,final-capture-complete,3,complete,3,complete,auction-protocol-v2,48,48,0,0,true,2820376,0.990714,14,2820376,0,true,true,classifier,true,yolo26n_background_catalog_scored,true,50,0,0,3,5,3,3,2,2,0,2,8,2360,70270.5,201455.428571,1587435,reviewed,matched,true,auto_confirmed
session_ea3c3a20bb7131df,S,2026-07-29,0,9,adb-observer,1,190.672,final-capture-complete,4,needs_review,3,complete,auction-protocol-v2,63,63,0,0,true,6734266,0.955434,58,9705948,2971682,false,true,classifier,true,yolo26n_background_catalog_scored,true,201,1,0,15,17,15,11,8,9,5,9,27,1420,64279.0,167343.931034,2999999,final_total_conflict,mismatched,false,conflict
session_53e4e2b5cc90590e,S,2026-07-29,1,10,adb-observer,1,194.547,final-capture-complete,4,complete,3,complete,auction-protocol-v2,66,63,3,0,true,5986271,0.982095,37,5986271,0,true,true,classifier,true,yolo26n_background_catalog_scored,true,134,0,0,5,13,15,4,9,3,3,2,20,7279,102347,161791.108108,1486670,reviewed,matched,true,auto_confirmed
session_a97f6f67874ec1d4,S,2026-07-29,1,11,adb-observer,1,85.735,final-capture-complete,1,complete_with_identity_review,3,complete,auction-protocol-v2,20,18,2,0,true,3846182,0.986757,44,3846182,0,true,true,classifier,true,yolo26n_background_catalog_scored,true,140,2,0,8,12,15,9,11,6,6,6,15,1420,61123.0,87413.227273,381262,reviewed,matched,true,auto_confirmed
session_13cb34e6f02263e1,S,2026-07-29,1,12,adb-observer,1,59.5,final-capture-complete,1,complete_with_identity_review,3,complete,auction-protocol-v2,18,18,0,0,true,3809918,0.994564,25,3809918,0,true,true,classifier,true,yolo26n_background_catalog_scored,true,76,1,0,6,8,7,4,5,5,3,4,8,4507,73106,152396.72,1080961,reviewed,matched,true,auto_confirmed
session_612a64cd2d4ca086,S,2026-07-29,1,13,adb-observer,1,154.422,final-capture-complete,4,complete,3,complete,auction-protocol-v2,60,57,3,0,true,4508963,0.980261,44,4508963,0,true,true,classifier,true,yolo26n_background_catalog_scored,true,150,0,0,7,19,11,7,8,3,6,7,20,1420,101478.5,102476.431818,799999,reviewed,matched,true,auto_confirmed
session_cc6a31b8e8632bf9,S,2026-07-29,1,14,adb-observer,1,120.75,final-capture-complete,2,complete,3,complete,auction-protocol-v2,32,31,1,0,true,3859594,0.988937,35,3859594,0,true,true,classifier,true,yolo26n_background_catalog_scored,true,116,0,0,4,11,12,8,7,4,1,6,17,2360,109576,110274.114286,438654,reviewed,matched,true,auto_confirmed
session_13d33664f07289bd,S,2026-07-29,1,15,adb-observer,1,54.531,final-capture-complete,1,complete,3,complete,auction-protocol-v2,20,18,2,0,true,3825883,0.977852,17,3825883,0,true,true,classifier,true,yolo26n_background_catalog_scored,true,51,0,0,3,5,6,3,4,1,3,3,6,3844,96008,225051.941176,2394967,reviewed,matched,true,auto_confirmed
session_fa49345055ab5a70,S,2026-07-29,1,16,adb-observer,1,323.375,final-capture-complete,5,needs_review,3,complete,auction-protocol-v2,74,74,0,0,true,4827482,0.99233,46,5310769,483287,false,true,classifier,true,yolo26n_background_catalog_scored,true,165,1,0,10,14,14,8,6,7,5,6,22,1420,82415.0,115451.5,659511,final_total_conflict,mismatched,false,conflict
session_8b6e9b51626cad61,S,2026-07-29,1,17,adb-observer,1,175.922,final-capture-complete,4,needs_review,3,complete,auction-protocol-v2,68,63,5,0,true,5607778,0.9893,43,6089296,481518,false,true,classifier,true,yolo26n_background_catalog_scored,true,137,1,0,9,14,15,5,11,4,7,8,13,2360,73106,141611.534884,1307336,final_total_conflict,mismatched,false,conflict
session_ee314490b2c4cac9,S,2026-07-29,1,18,adb-observer,1,79.015,final-capture-complete,2,complete,3,complete,auction-protocol-v2,35,33,2,0,true,1508054,0.989974,12,1508054,0,true,true,classifier,true,yolo26n_background_catalog_scored,true,40,0,0,1,3,5,3,1,2,2,1,6,2360,88911.5,125671.166667,438654,reviewed,matched,true,auto_confirmed
session_a76ae3dfd722068a,S,2026-07-29,1,19,adb-observer,1,142.453,final-capture-complete,3,complete,3,complete,auction-protocol-v2,49,48,1,0,true,5591209,0.980819,29,5591209,0,true,true,classifier,true,yolo26n_background_catalog_scored,true,93,0,0,7,7,11,4,6,2,3,2,16,6271,110503,192800.310345,1587435,reviewed,matched,true,auto_confirmed
session_f810944c128d1ef2,S,2026-07-29,1,20,adb-observer,1,245.157,final-capture-complete,5,needs_review,3,complete,auction-protocol-v2,78,78,0,0,true,4830835,0.989829,46,4830835,0,true,true,classifier,true,yolo26n_background_catalog_scored,true,170,1,5,6,19,12,9,7,2,2,11,24,3747,86233.5,105018.152174,776546,reviewed,matched,true,auto_confirmed
session_70ca57365944a2c6,S,2026-07-29,1,21,adb-observer,1,80.375,final-capture-complete,1,complete_with_identity_review,3,complete,auction-protocol-v2,17,17,0,0,true,6164459,0.974538,54,6164459,0,true,true,classifier,true,yolo26n_background_catalog_scored,true,159,1,0,10,22,13,9,19,0,5,10,20,2360,68589.5,114156.648148,971708,reviewed,matched,true,auto_confirmed
session_eb70ebd9b5d0df8a,S,2026-07-29,1,22,adb-observer,1,160.125,final-capture-complete,4,complete,3,complete,auction-protocol-v2,64,63,1,0,true,3193151,0.998986,35,3193151,0,true,true,classifier,true,yolo26n_background_catalog_scored,true,138,0,0,4,8,17,6,4,6,2,4,19,3747,85093,91232.885714,240927,reviewed,matched,true,auto_confirmed
session_e1fa20ab7a5ba880,S,2026-07-29,1,23,adb-observer,1,54.406,final-capture-complete,1,complete,3,complete,auction-protocol-v2,18,18,0,0,true,2816859,0.993827,17,2816859,0,true,true,classifier,true,yolo26n_background_catalog_scored,true,39,0,0,5,5,4,3,8,1,2,4,2,7279,36824,165697.588235,1878833,reviewed,matched,true,auto_confirmed
session_74838951a2d96344,S,2026-07-29,1,24,adb-observer,1,47.562,final-capture-complete,1,complete,3,complete,auction-protocol-v2,19,18,1,0,true,647737,0.98375,10,647737,0,true,true,classifier,true,yolo26n_background_catalog_scored,true,33,0,0,1,5,3,1,0,2,2,1,5,6685,70011.0,64773.7,138522,reviewed,matched,true,auto_confirmed
session_debce8e6c94c1a86,S,2026-07-29,1,25,adb-observer,1,270.891,final-capture-complete,4,needs_review,3,complete,auction-protocol-v2,63,62,1,0,true,3602667,0.995188,60,7083593,3480926,false,true,classifier,true,yolo26n_background_catalog_scored,true,200,2,0,14,22,13,11,15,3,5,7,30,2446,44974.0,118059.883333,2999999,final_total_conflict,mismatched,false,conflict
session_239ede9c59e5c582,S,2026-07-29,1,26,adb-observer,1,55.891,final-capture-complete,1,complete,3,complete,auction-protocol-v2,18,18,0,0,true,2349009,0.989743,29,2349009,0,true,true,classifier,true,yolo26n_background_catalog_scored,true,88,0,0,4,11,9,5,10,3,3,3,10,1814,71497,81000.310345,302326,reviewed,matched,true,auto_confirmed
session_ac7e18304eb89d61,S,2026-07-29,1,27,adb-observer,1,155.625,final-capture-complete,3,complete,3,complete,auction-protocol-v2,49,48,1,0,true,7999457,0.992952,60,7999457,0,true,true,classifier,true,yolo26n_background_catalog_scored,true,219,0,0,12,20,20,8,10,9,4,9,28,2360,69466.0,133324.283333,3061687,reviewed,matched,true,auto_confirmed
session_44b386dcc7b65436,S,2026-07-29,1,28,adb-observer,1,158.438,final-capture-complete,4,needs_review,3,complete,auction-protocol-v2,60,57,3,0,true,2468262,0.995488,25,2468262,0,true,true,classifier,true,yolo26n_background_catalog_scored,true,90,0,1,5,8,9,3,2,2,2,5,14,3747,67435,98730.48,281034,reviewed,matched,true,auto_confirmed
session_f4f44af5382289a1,S,2026-07-29,1,29,adb-observer,1,140.422,final-capture-complete,4,complete,3,complete,auction-protocol-v2,60,59,1,0,true,3275749,0.963845,16,3275749,0,true,true,classifier,true,yolo26n_background_catalog_scored,true,52,0,0,3,5,6,2,4,2,2,1,7,2446,97538.5,204734.3125,1956574,reviewed,matched,true,auto_confirmed
session_8b4e44cb85097a39,S,2026-07-29,1,30,adb-observer,1,49.61,final-capture-complete,1,complete,3,complete,auction-protocol-v2,19,18,1,0,true,2811080,0.999209,10,2811080,0,true,true,classifier,true,yolo26n_background_catalog_scored,true,40,0,0,2,3,3,2,1,2,1,0,6,7982,104648.0,281108.0,1956574,reviewed,matched,true,auto_confirmed
session_be3e1070858db335,S,2026-07-29,1,31,adb-observer,1,79.297,final-capture-complete,1,complete_with_identity_review,3,complete,auction-protocol-v2,18,18,0,0,true,3648753,0.970454,32,3648753,0,true,true,classifier,true,yolo26n_background_catalog_scored,true,93,1,0,8,7,11,6,7,6,4,3,12,1420,63726.5,114023.53125,1080961,reviewed,matched,true,auto_confirmed
session_190834aab4de42aa,S,2026-07-29,1,32,adb-observer,1,175.234,final-capture-complete,5,complete_with_identity_review,3,complete,auction-protocol-v2,78,78,0,0,true,3407156,0.98846,13,3407156,0,true,true,classifier,true,yolo26n_background_catalog_scored,true,46,1,0,4,3,3,3,4,0,2,2,5,1814,98067,262088.923077,2557820,reviewed,matched,true,auto_confirmed
session_a980b1e0fbd4d653,S,2026-07-29,2,33,adb-observer,1,67.797,final-capture-complete,1,complete,3,complete,auction-protocol-v2,19,18,1,0,true,6421622,0.981923,43,6421622,0,true,true,classifier,true,yolo26n_background_catalog_scored,true,140,0,0,12,11,9,11,12,4,5,5,17,1420,60614,149340.046512,2394967,reviewed,matched,true,auto_confirmed
session_c474385bfd32ce47,S,2026-07-29,2,34,adb-observer,1,169.781,final-capture-complete,3,complete,3,complete,auction-protocol-v2,52,48,4,0,true,4021641,0.99896,35,4021641,0,true,true,classifier,true,yolo26n_background_catalog_scored,true,105,0,0,5,16,9,5,6,5,5,4,15,1420,67435,114904.028571,799999,reviewed,matched,true,auto_confirmed
session_735683fefa76d704,S,2026-07-29,2,35,adb-observer,1,140.531,final-capture-complete,4,complete,3,complete,auction-protocol-v2,57,56,1,0,true,1118487,0.998511,10,1118487,0,true,true,classifier,true,yolo26n_background_catalog_scored,true,30,0,0,1,4,3,2,3,0,1,1,5,2360,71918.0,111848.7,302326,reviewed,matched,true,auto_confirmed
session_16065049545c1b2d,S,2026-07-29,2,36,adb-observer,1,188.594,final-capture-complete,3,needs_review,3,complete,auction-protocol-v2,47,46,1,0,true,5654079,0.984879,38,5674061,19982,false,true,classifier,true,yolo26n_background_catalog_scored,true,101,2,0,9,10,12,7,11,9,3,6,9,2446,72301.5,149317.394737,1307336,final_total_conflict,mismatched,false,conflict
session_727770a0f4cffd05,S,2026-07-29,2,37,adb-observer,1,80.641,protocol-settlement-complete,1,needs_review,3,complete,auction-protocol-v2,18,18,0,0,true,3673572,0.983352,29,3614117,-59455,false,true,classifier,true,yolo26n_background_catalog_scored,true,97,3,0,6,6,13,4,5,4,4,4,12,2360,102347,124624.724138,438654,final_total_conflict,mismatched,false,conflict
session_b2d531ae021e0e4f,S,2026-07-29,2,38,adb-observer,1,108.219,final-capture-complete,3,complete,3,complete,auction-protocol-v2,48,48,0,0,true,2161447,0.996124,17,2161447,0,true,true,classifier,true,yolo26n_background_catalog_scored,true,67,0,0,3,8,3,3,2,2,2,0,11,3844,71497,127143.941176,992601,reviewed,matched,true,auto_confirmed
session_df1e27d42640b455,S,2026-07-29,2,39,adb-observer,1,131.875,final-capture-complete,2,needs_review,3,complete,auction-protocol-v2,33,33,0,0,true,4805127,0.980832,35,4812406,7279,false,true,classifier,true,yolo26n_background_catalog_scored,true,120,2,0,6,13,10,6,7,4,3,6,15,7279,73106,137497.314286,713390,final_total_conflict,mismatched,false,conflict
session_aa19915c6807aed9,S,2026-07-29,2,40,adb-observer,1,157.359,final-capture-complete,4,complete_with_identity_review,3,complete,auction-protocol-v2,68,63,5,0,true,6321187,0.988099,31,6321187,0,true,true,classifier,true,yolo26n_background_catalog_scored,true,102,1,0,4,10,11,6,6,3,3,6,13,1814,106949,203909.258065,2557820,reviewed,matched,true,auto_confirmed
session_5ec41a305d801a5d,S,2026-07-29,2,41,adb-observer,1,127.563,final-capture-complete,1,complete_with_identity_review,3,complete,auction-protocol-v2,18,18,0,0,true,10532186,0.997853,47,10532186,0,true,true,classifier,true,yolo26n_background_catalog_scored,true,135,1,0,6,14,16,11,11,10,4,6,16,1420,73106,224089.06383,2999999,reviewed,matched,true,auto_confirmed
session_c31c013afd0015aa,S,2026-07-29,2,42,adb-observer,1,180.953,final-capture-complete,4,complete,3,complete,auction-protocol-v2,65,63,2,0,true,6377532,0.959956,38,6377532,0,true,true,classifier,true,yolo26n_background_catalog_scored,true,120,0,0,10,9,13,6,11,6,2,3,16,2446,94369.0,167829.789474,1956574,reviewed,matched,true,auto_confirmed
session_6ed33e4d64fddbc2,S,2026-07-29,2,43,adb-observer,1,177.672,final-capture-complete,4,needs_review,3,complete,auction-protocol-v2,63,63,0,0,true,5384965,0.978589,49,5390636,5671,false,true,classifier,true,yolo26n_background_catalog_scored,true,170,0,0,7,19,14,9,7,3,10,8,21,1814,70278,110012.979592,1293299,final_total_conflict,mismatched,false,conflict
session_5414c653a79d18ca,S,2026-07-29,2,44,adb-observer,1,99.062,final-capture-complete,1,needs_review,3,complete,auction-protocol-v2,18,18,0,0,true,5959130,0.988046,36,5959130,0,true,true,classifier,true,yolo26n_background_catalog_scored,true,126,0,1,10,10,12,4,3,7,4,2,20,2446,86233.5,165531.388889,2999999,reviewed,matched,true,auto_confirmed
session_538df2b083b9e6a5,S,2026-07-29,2,45,adb-observer,1,900.046,max-seconds,0,,,partial,auction-protocol-v2,11,11,0,0,false,,,,,,,,,,,,,,,0,0,0,0,0,0,0,0,0,,,,,,,,
session_327a2bca0a1942da,S,2026-07-29,8,1,adb-observer,1,181.719,final-capture-complete,5,needs_review,3,complete,auction-protocol-v2,77,77,0,0,true,3790046,0.976092,30,3795717,5671,false,true,classifier,true,yolo26n_background_catalog_scored,true,94,0,0,5,7,13,5,6,2,8,5,9,6685,70887.5,126523.9,992601,final_total_conflict,mismatched,false,conflict
session_1b9bec6a479319e9,S,2026-07-29,8,2,adb-observer,1,112.312,final-capture-complete,3,complete,3,complete,auction-protocol-v2,47,47,0,0,true,2933608,0.990072,12,2933608,0,true,true,classifier,true,yolo26n_background_catalog_scored,true,38,0,0,1,4,5,2,1,3,1,2,5,7982,96413.5,244467.333333,1956574,reviewed,matched,true,auto_confirmed
session_97cd385d1e4d212b,S,2026-07-29,8,3,adb-observer,1,184.265,final-capture-complete,5,complete_with_identity_review,3,complete,auction-protocol-v2,78,78,0,0,true,2417157,0.993622,19,2417157,0,true,true,classifier,true,yolo26n_background_catalog_scored,true,64,1,0,3,6,5,5,4,1,2,3,9,1814,93012,127218.789474,659511,reviewed,matched,true,auto_confirmed
session_b8dd7c7741326f88,S,2026-07-29,8,4,adb-observer,1,100.938,final-capture-complete,2,complete,3,complete,auction-protocol-v2,34,33,1,0,true,5554936,0.981218,33,5554936,0,true,true,classifier,true,yolo26n_background_catalog_scored,true,120,0,0,8,9,11,5,3,3,4,7,16,4507,98067,168331.393939,2394967,reviewed,matched,true,auto_confirmed
session_20dd9a4605bca0b2,S,2026-07-29,8,5,adb-observer,1,51.906,final-capture-complete,1,complete,3,complete,auction-protocol-v2,20,18,2,0,true,2632399,0.995595,28,2632399,0,true,true,classifier,true,yolo26n_background_catalog_scored,true,90,0,0,5,8,11,4,5,5,3,3,12,3844,64024.5,94014.25,302326,reviewed,matched,true,auto_confirmed
session_04c4d8f04993c3f0,S,2026-07-29,8,6,adb-observer,1,129.891,final-capture-complete,2,complete_with_identity_review,3,complete,auction-protocol-v2,33,33,0,0,true,5583709,0.974736,47,5583709,0,true,true,classifier,true,yolo26n_background_catalog_scored,true,176,1,0,10,17,18,2,4,6,5,3,29,2446,92730,118802.319149,1080961,reviewed,matched,true,auto_confirmed
session_4507e18025508685,S,2026-07-29,8,7,adb-observer,1,209.563,final-capture-complete,5,complete,3,complete,auction-protocol-v2,78,78,0,0,true,5236366,0.954968,38,5236366,0,true,true,classifier,true,yolo26n_background_catalog_scored,true,125,0,0,4,16,12,6,6,4,3,6,19,1420,71497.0,137799.105263,1680426,reviewed,matched,true,auto_confirmed
session_3d3ff7ca933e45c0,S,2026-07-29,8,8,adb-observer,1,168.656,final-capture-complete,4,complete,3,complete,auction-protocol-v2,65,62,3,0,true,6016706,0.996906,44,6016706,0,true,true,classifier,true,yolo26n_background_catalog_scored,true,142,0,0,9,12,16,7,5,7,7,7,18,1420,91042.0,136743.318182,1293299,reviewed,matched,true,auto_confirmed
session_7c2f1e5cc3e17228,S,2026-07-29,8,9,adb-observer,1,83.157,final-capture-complete,2,complete,3,complete,auction-protocol-v2,30,29,1,0,true,1167987,0.992751,15,1167987,0,true,true,classifier,true,yolo26n_background_catalog_scored,true,52,0,0,4,6,4,1,3,2,1,1,8,3797,60614,77865.8,224110,reviewed,matched,true,auto_confirmed
session_0fc6c91173a586cb,S,2026-07-29,8,10,adb-observer,1,118.453,final-capture-complete,3,complete,3,complete,auction-protocol-v2,48,48,0,0,true,3969097,0.993191,10,3969097,0,true,true,classifier,true,yolo26n_background_catalog_scored,true,43,0,0,1,3,3,3,0,1,1,0,8,2360,121147.5,396909.7,2999999,reviewed,matched,true,auto_confirmed
session_cadd2442b74afc89,S,2026-07-29,8,11,adb-observer,1,152.078,final-capture-complete,3,complete,3,complete,auction-protocol-v2,49,48,1,0,true,5437024,0.971243,50,5437024,0,true,true,classifier,true,yolo26n_background_catalog_scored,true,175,0,0,9,20,16,5,8,4,4,7,27,2446,79737.0,108740.48,659511,reviewed,matched,true,auto_confirmed
session_856e02545da17dc7,S,2026-07-29,8,12,adb-observer,1,71.422,final-capture-complete,1,complete,3,complete,auction-protocol-v2,19,18,1,0,true,5052895,0.985688,48,5052895,0,true,true,classifier,true,yolo26n_background_catalog_scored,true,142,0,0,9,17,18,4,13,3,7,4,21,1814,97037.5,105268.645833,385956,reviewed,matched,true,auto_confirmed
session_02372b972a6cfacf,S,2026-07-29,8,13,adb-observer,1,140.094,final-capture-complete,4,complete,3,complete,auction-protocol-v2,63,63,0,0,true,829832,0.991785,10,829832,0,true,true,classifier,true,yolo26n_background_catalog_scored,true,34,0,0,1,4,4,1,2,0,2,1,5,2360,77067.5,82983.2,188499,reviewed,matched,true,auto_confirmed
session_0713ef4033b7b077,S,2026-07-29,8,14,adb-observer,1,270.063,final-capture-complete,4,needs_review,3,complete,auction-protocol-v2,63,60,3,0,true,6837394,0.990673,41,6755648,-81746,false,true,classifier,true,yolo26n_background_catalog_scored,true,130,1,0,9,14,12,6,9,7,4,3,18,1420,85093,164771.902439,1733281,final_total_conflict,mismatched,false,conflict
session_356f3e0f5cadb45e,S,2026-07-29,8,15,adb-observer,1,190.109,final-capture-complete,5,complete,3,complete,auction-protocol-v2,78,78,0,0,true,3840887,0.99204,24,3840887,0,true,true,classifier,true,yolo26n_background_catalog_scored,true,79,0,0,3,10,7,4,4,3,2,2,13,6271,108262.5,160036.958333,878245,reviewed,matched,true,auto_confirmed
session_8e313fb6cf2add44,S,2026-07-29,8,16,adb-observer,1,84.531,final-capture-complete,1,complete,3,complete,auction-protocol-v2,18,18,0,0,true,5179687,0.986907,37,5179687,0,true,true,classifier,true,yolo26n_background_catalog_scored,true,111,0,0,5,10,13,9,7,6,4,3,17,1814,79737,139991.540541,1635681,reviewed,matched,true,auto_confirmed
session_069c1676b7b22fe9,S,2026-07-29,8,17,adb-observer,1,204.297,final-capture-complete,5,complete,3,complete,auction-protocol-v2,78,78,0,0,true,4496612,0.990126,40,4496612,0,true,true,classifier,true,yolo26n_background_catalog_scored,true,129,0,0,4,16,10,10,9,6,2,5,18,1420,82415.0,112415.3,992601,reviewed,matched,true,auto_confirmed
session_9699c4d75bcfe929,S,2026-07-29,9,18,adb-observer,1,227.969,final-capture-complete,5,complete_with_identity_review,3,complete,auction-protocol-v2,77,77,0,0,true,6475459,0.987179,47,6475459,0,true,true,classifier,true,yolo26n_background_catalog_scored,true,167,1,0,9,16,18,4,9,6,3,5,24,6685,92730,137775.723404,1486670,reviewed,matched,true,auto_confirmed
session_6191e9b015f142c3,S,2026-07-29,9,19,adb-observer,1,54.407,final-capture-complete,1,complete,3,complete,auction-protocol-v2,18,17,1,0,true,3598587,0.978646,20,3598587,0,true,true,classifier,true,yolo26n_background_catalog_scored,true,77,0,0,3,6,6,5,2,5,1,3,9,1420,92730.0,179929.35,1587435,reviewed,matched,true,auto_confirmed
session_c585b8a52d7f80f9,S,2026-07-29,9,20,adb-observer,1,163.812,final-capture-complete,3,needs_review,3,complete,auction-protocol-v2,52,48,4,0,true,5980028,0.990164,57,4392593,-1587435,false,true,classifier,true,yolo26n_background_catalog_scored,true,214,0,0,17,20,16,4,10,5,2,13,27,1814,60614,77063.035088,385956,final_total_conflict,mismatched,false,conflict
session_5f41e94035ea052b,S,2026-07-29,9,21,adb-observer,1,50.156,final-capture-complete,1,complete,3,complete,auction-protocol-v2,19,17,2,0,true,915593,0.991346,10,915593,0,true,true,classifier,true,yolo26n_background_catalog_scored,true,37,0,0,2,4,3,1,1,0,0,6,3,5567,92429.5,91559.3,281034,reviewed,matched,true,auto_confirmed
session_0cbd284d892fd704,S,2026-07-29,9,22,adb-observer,1,147.546,final-capture-complete,4,complete,3,complete,auction-protocol-v2,64,63,1,0,true,2543593,0.985676,28,2543593,0,true,true,classifier,true,yolo26n_background_catalog_scored,true,77,0,0,7,7,11,3,10,1,3,2,12,2360,70887.5,90842.607143,630423,reviewed,matched,true,auto_confirmed
session_e12a363fe8669c72,S,2026-07-29,9,23,adb-observer,1,74.922,final-capture-complete,1,complete,3,complete,auction-protocol-v2,18,18,0,0,true,5386872,0.977966,60,5386872,0,true,true,classifier,true,yolo26n_background_catalog_scored,true,193,0,0,14,23,14,9,16,5,3,5,31,2360,60316.0,89781.2,776546,reviewed,matched,true,auto_confirmed
session_e860aa41e525081d,S,2026-07-29,9,24,adb-observer,1,160.875,final-capture-complete,3,complete_with_identity_review,3,complete,auction-protocol-v2,48,48,0,0,true,5858585,0.951215,28,5858585,0,true,true,classifier,true,yolo26n_background_catalog_scored,true,105,1,0,6,10,9,3,2,5,2,5,14,6271,75007.5,209235.178571,2557820,reviewed,matched,true,auto_confirmed
session_2355f4955ff634b4,S,2026-07-29,9,25,adb-observer,1,264.203,final-capture-complete,5,complete,3,complete,auction-protocol-v2,81,78,3,0,true,5925351,0.991854,60,5925351,0,true,true,classifier,true,yolo26n_background_catalog_scored,true,210,0,0,14,18,19,9,6,7,8,12,27,2446,76421.5,98755.85,1083805,reviewed,matched,true,auto_confirmed
session_f2555b93af32bf0b,S,2026-07-29,9,26,adb-observer,1,190.782,final-capture-complete,5,complete,3,complete,auction-protocol-v2,80,77,3,0,true,2604631,0.995337,20,2604631,0,true,true,classifier,true,yolo26n_background_catalog_scored,true,63,0,0,4,5,9,2,3,4,4,2,7,9053,115204.5,130231.55,438654,reviewed,matched,true,auto_confirmed
session_2ca1ecac88e8e9b9,S,2026-07-29,9,27,adb-observer,1,253.141,final-capture-complete,4,complete,3,complete,auction-protocol-v2,74,74,0,0,true,1776609,0.987072,24,1776609,0,true,true,classifier,true,yolo26n_background_catalog_scored,true,76,0,0,8,8,7,1,4,3,3,6,8,9053,51139.5,74025.375,281034,reviewed,matched,true,auto_confirmed
session_bd570c20f9f8502a,S,2026-07-29,9,28,adb-observer,1,44.828,final-capture-complete,1,complete,3,complete,auction-protocol-v2,18,16,2,0,true,4928857,0.99295,16,4928857,0,true,true,classifier,true,yolo26n_background_catalog_scored,true,59,0,0,2,5,5,4,3,2,1,2,8,1420,68589.5,308053.5625,1956574,reviewed,matched,true,auto_confirmed
session_e1add9b6195f584f,S,2026-07-29,9,29,adb-observer,1,125.859,final-capture-complete,2,needs_review,3,complete,auction-protocol-v2,34,33,1,0,true,3382021,0.997531,32,3311743,-70278,false,true,classifier,true,yolo26n_background_catalog_scored,true,122,0,0,7,14,6,5,4,4,3,5,16,2446,43617.5,103491.96875,659511,final_total_conflict,mismatched,false,conflict
session_f9927ef57c426d8a,S,2026-07-29,9,30,adb-observer,1,50.046,final-capture-complete,1,complete,3,complete,auction-protocol-v2,18,18,0,0,true,1562990,0.998047,10,1562990,0,true,true,classifier,true,yolo26n_background_catalog_scored,true,28,0,0,1,3,4,2,4,1,1,2,2,9053,142515.0,156299.0,364855,reviewed,matched,true,auto_confirmed
session_3eeb764ed8400619,S,2026-07-29,9,31,adb-observer,1,120.0,final-capture-complete,1,needs_review,3,complete,auction-protocol-v2,18,18,0,0,true,5425817,0.986078,35,5576068,150251,false,true,classifier,true,yolo26n_background_catalog_scored,true,100,1,0,8,12,11,4,11,2,3,7,12,2360,79737,159316.228571,2394967,final_total_conflict,mismatched,false,conflict
session_b9119dc986019290,S,2026-07-29,9,32,adb-observer,1,223.579,final-capture-complete,5,complete,3,complete,auction-protocol-v2,78,78,0,0,true,5275034,0.978699,38,5275034,0,true,true,classifier,true,yolo26n_background_catalog_scored,true,122,0,0,9,7,15,7,9,4,5,5,15,1420,67435.0,138816.684211,1635681,reviewed,matched,true,auto_confirmed
session_bd6c5712d0471115,S,2026-07-29,9,33,adb-observer,1,53.265,final-capture-complete,1,complete,3,complete,auction-protocol-v2,18,17,1,0,true,1937257,0.995005,22,1937257,0,true,true,classifier,true,yolo26n_background_catalog_scored,true,74,0,0,4,9,7,2,5,1,0,4,12,3797,75617.0,88057.136364,224110,reviewed,matched,true,auto_confirmed
session_98bd3cf4098ba859,S,2026-07-29,9,34,adb-observer,1,61.656,final-capture-complete,1,complete,3,complete,auction-protocol-v2,19,18,1,0,true,2644833,0.987467,31,2644833,0,true,true,classifier,true,yolo26n_background_catalog_scored,true,112,0,0,8,9,10,4,7,2,3,5,14,2446,69744,85317.193548,247007,reviewed,matched,true,auto_confirmed
session_5856357a937d6c58,S,2026-07-29,9,35,adb-observer,1,51.0,final-capture-complete,1,complete_with_identity_review,3,complete,auction-protocol-v2,18,18,0,0,true,4227870,0.984616,15,4227870,0,true,true,classifier,true,yolo26n_background_catalog_scored,true,50,1,0,3,3,6,3,3,1,1,4,6,2446,96008,281858.0,2557820,reviewed,matched,true,auto_confirmed
session_f0812ca17214703f,S,2026-07-29,9,36,adb-observer,1,111.25,final-capture-complete,1,complete_with_identity_review,3,complete,auction-protocol-v2,19,18,1,0,true,6375169,0.981563,28,6375169,0,true,true,classifier,true,yolo26n_background_catalog_scored,true,96,2,0,8,11,5,4,6,4,1,2,15,7279,70278.0,227684.607143,3061687,reviewed,matched,true,auto_confirmed
session_4b54e184fe87e329,S,2026-07-29,9,37,adb-observer,1,249.281,final-capture-complete,4,needs_review,3,complete,auction-protocol-v2,63,63,0,0,true,6871738,0.988275,49,6871738,0,true,true,classifier,true,yolo26n_background_catalog_scored,true,166,0,1,10,18,13,8,9,3,5,9,23,2446,70278,140239.55102,1293299,reviewed,matched,true,auto_confirmed
session_9d94756982c93b1e,S,2026-07-29,9,38,adb-observer,1,204.282,final-capture-complete,4,complete,3,complete,auction-protocol-v2,63,63,0,0,true,5850363,0.989445,36,5850363,0,true,true,classifier,true,yolo26n_background_catalog_scored,true,113,0,0,6,7,14,9,5,11,4,3,13,1420,82918.0,162510.083333,2394967,reviewed,matched,true,auto_confirmed
session_16c0e52d903fcb9d,S,2026-07-29,9,39,adb-observer,1,54.5,final-capture-complete,1,complete,3,complete,auction-protocol-v2,20,18,2,0,true,2083762,0.983482,26,2083762,0,true,true,classifier,true,yolo26n_background_catalog_scored,true,82,0,0,4,9,7,6,5,2,4,5,10,2360,67435.0,80144.692308,247007,reviewed,matched,true,auto_confirmed
session_8c1d6df67aa7b9da,S,2026-07-29,10,40,adb-observer,1,138.312,final-capture-complete,4,complete_with_identity_review,3,complete,auction-protocol-v2,69,63,6,0,true,2128877,0.992983,22,2128877,0,true,true,classifier,true,yolo26n_background_catalog_scored,true,68,1,0,7,8,3,4,6,4,2,2,8,2446,54538.5,96767.136364,776546,reviewed,matched,true,auto_confirmed
session_68c6c31ad1802053,S,2026-07-29,10,41,adb-observer,1,238.234,final-capture-complete,5,needs_review,3,complete,auction-protocol-v2,78,78,0,0,true,5881353,0.971757,45,5881353,0,true,true,classifier,true,yolo26n_background_catalog_scored,true,137,1,1,10,14,15,6,11,3,6,9,16,1814,96008,130696.733333,1293299,reviewed,matched,true,auto_confirmed
session_d130afe127abc9e6,S,2026-07-29,10,42,adb-observer,1,224.093,final-capture-complete,4,needs_review,3,complete,auction-protocol-v2,62,62,0,0,true,6802993,0.988408,44,6802993,0,true,true,classifier,true,yolo26n_background_catalog_scored,true,150,0,3,8,14,14,8,8,2,4,4,26,2360,71692.0,154613.477273,2999999,reviewed,matched,true,auto_confirmed
session_a3420283506a3843,S,2026-07-29,10,43,adb-observer,1,58.359,final-capture-complete,1,complete,3,complete,auction-protocol-v2,17,17,0,0,true,3823826,0.975462,24,3823826,0,true,true,classifier,true,yolo26n_background_catalog_scored,true,73,0,0,4,7,9,4,3,3,3,7,8,2446,82415.0,159326.083333,1486670,reviewed,matched,true,auto_confirmed
session_517f2e548a2010a7,S,2026-07-29,10,44,adb-observer,1,127.844,final-capture-complete,3,complete_with_identity_review,3,complete,auction-protocol-v2,43,41,2,0,true,2867820,0.992373,34,2867820,0,true,true,classifier,true,yolo26n_background_catalog_scored,true,120,2,0,4,13,10,7,5,4,2,4,19,1814,88911.5,84347.647059,283538,reviewed,matched,true,auto_confirmed
session_75ca4eca331244e6,S,2026-07-29,10,45,adb-observer,1,143.906,final-capture-complete,4,complete_with_identity_review,3,complete,auction-protocol-v2,64,63,1,0,true,3721201,0.993381,10,3721201,0,true,true,classifier,true,yolo26n_background_catalog_scored,true,34,1,0,1,3,3,3,2,1,1,1,5,2446,71981.0,372120.1,3061687,reviewed,matched,true,auto_confirmed
session_0dc49ced8233aaec,S,2026-07-29,10,46,adb-observer,1,267.453,final-capture-complete,5,complete_with_identity_review,3,complete,auction-protocol-v2,78,76,2,0,true,5402990,0.983186,37,5402990,0,true,true,classifier,true,yolo26n_background_catalog_scored,true,127,1,0,9,11,9,8,5,3,3,5,21,2360,73106,146026.756757,776546,reviewed,matched,true,auto_confirmed
session_43f7af13a918d8bf,S,2026-07-29,10,47,adb-observer,1,109.344,final-capture-complete,3,complete,3,complete,auction-protocol-v2,47,47,0,0,true,1168433,0.993012,10,1168433,0,true,true,classifier,true,yolo26n_background_catalog_scored,true,38,0,0,1,4,4,1,1,1,1,3,4,9053,101884.0,116843.3,302326,reviewed,matched,true,auto_confirmed
session_f5af0f133d1421e9,S,2026-07-29,10,48,adb-observer,1,132.016,final-capture-complete,2,needs_review,3,complete,auction-protocol-v2,33,33,0,0,true,8181859,0.999332,60,11153541,2971682,false,true,classifier,true,yolo26n_background_catalog_scored,true,204,2,0,9,15,25,11,9,7,6,10,28,1420,94510.0,185892.35,2999999,final_total_conflict,mismatched,false,conflict
session_89725c07f5581336,S,2026-07-29,10,49,adb-observer,1,239.032,final-capture-complete,5,complete,3,complete,auction-protocol-v2,78,78,0,0,true,2882978,0.989325,35,2882978,0,true,true,classifier,true,yolo26n_background_catalog_scored,true,121,0,0,11,12,7,5,8,4,1,1,21,1814,47954,82370.8,886532,reviewed,matched,true,auto_confirmed
session_f68d64d411245578,S,2026-07-29,10,50,adb-observer,1,136.187,final-capture-complete,4,complete,3,complete,auction-protocol-v2,63,63,0,0,true,4106774,0.978748,15,4106774,0,true,true,classifier,true,yolo26n_background_catalog_scored,true,48,0,0,2,5,5,3,6,0,1,1,7,6685,109576,273784.933333,2685114,reviewed,matched,true,auto_confirmed
session_d02ac42f90f7af5f,S,2026-07-29,10,51,adb-observer,1,110.485,final-capture-complete,1,complete,3,complete,auction-protocol-v2,18,18,0,0,true,4741247,0.9858,40,4741247,0,true,true,classifier,true,yolo26n_background_catalog_scored,true,124,0,0,8,9,14,9,7,5,5,4,19,1420,65148.0,118531.175,1561430,reviewed,matched,true,auto_confirmed
session_298008aa83fcb512,S,2026-07-29,10,52,adb-observer,1,68.938,final-capture-complete,2,complete,3,complete,auction-protocol-v2,35,33,2,0,true,2622475,0.9825,15,2622475,0,true,true,classifier,true,yolo26n_background_catalog_scored,true,50,0,0,3,4,5,3,4,2,1,1,7,1814,110503,174831.666667,799999,reviewed,matched,true,auto_confirmed
session_cbb77c7b4720b1ee,S,2026-07-29,10,53,adb-observer,1,186.906,final-capture-complete,3,needs_review,3,complete,auction-protocol-v2,48,48,0,0,true,6637457,0.986641,51,6643128,5671,false,true,classifier,true,yolo26n_background_catalog_scored,true,160,0,2,10,18,15,8,11,2,8,3,27,2446,67435,130257.411765,3061687,final_total_conflict,mismatched,false,conflict
session_a1135f0aa9602837,S,2026-07-29,10,54,adb-observer,1,259.093,final-capture-complete,5,needs_review,3,complete,auction-protocol-v2,78,78,0,0,true,5317207,0.991907,39,5362680,45473,false,true,classifier,true,yolo26n_background_catalog_scored,true,135,2,0,8,13,14,4,6,3,1,7,22,2360,96819,137504.615385,1293299,final_total_conflict,mismatched,false,conflict
session_8547a4e9f351a2de,S,2026-07-29,10,55,adb-observer,1,263.843,final-capture-complete,5,complete,3,complete,auction-protocol-v2,70,69,1,0,true,4630897,0.991211,44,4630897,0,true,true,classifier,true,yolo26n_background_catalog_scored,true,143,0,0,11,8,19,6,10,5,5,5,19,2360,65433.5,105247.659091,992601,reviewed,matched,true,auto_confirmed
session_9abb7cd60992de87,S,2026-07-29,10,56,adb-observer,1,129.453,final-capture-complete,3,complete,3,complete,auction-protocol-v2,47,47,0,0,true,924136,0.99359,10,924136,0,true,true,classifier,true,yolo26n_background_catalog_scored,true,30,0,0,2,4,3,1,4,2,0,1,3,3844,91341.0,92413.6,183981,reviewed,matched,true,auto_confirmed
session_8f7e90bf74776ee1,S,2026-07-29,10,57,adb-observer,1,318.375,final-capture-complete,5,needs_review,3,complete,auction-protocol-v2,85,78,7,0,true,5073017,0.990151,61,5084760,11743,false,true,classifier,true,yolo26n_background_catalog_scored,true,202,2,0,13,20,18,10,12,9,3,7,30,1420,61123,83356.721311,381262,final_total_conflict,mismatched,false,conflict
session_ffb4639eded4c331,S,2026-07-29,11,58,adb-observer,1,134.594,final-capture-complete,2,needs_review,3,complete,auction-protocol-v2,32,30,2,0,true,7190081,0.996952,60,7888098,698017,false,true,classifier,true,yolo26n_background_catalog_scored,true,194,2,0,10,19,20,11,17,2,7,9,25,1814,86233.5,131468.3,1080961,final_total_conflict,mismatched,false,conflict
session_4a650f23516aff3d,S,2026-07-29,11,59,adb-observer,1,47.562,final-capture-complete,1,complete,3,complete,auction-protocol-v2,18,18,0,0,true,910839,0.985616,10,910839,0,true,true,classifier,true,yolo26n_background_catalog_scored,true,53,0,0,1,5,3,1,0,0,0,2,8,3747,78311.0,91083.9,225664,reviewed,matched,true,auto_confirmed
session_617f663605d48001,S,2026-07-29,11,60,adb-observer,1,148.594,final-capture-complete,4,complete,3,complete,auction-protocol-v2,63,63,0,0,true,5550297,0.979792,21,5550297,0,true,true,classifier,true,yolo26n_background_catalog_scored,true,68,0,0,3,7,6,5,3,2,4,2,10,2446,98067,264299.857143,2685114,reviewed,matched,true,auto_confirmed
session_bf3f8df0146f3e44,S,2026-07-29,11,61,adb-observer,1,94.047,final-capture-complete,1,needs_review,3,complete,auction-protocol-v2,20,18,2,0,true,6128249,0.998325,54,9125888,2997639,false,true,classifier,true,yolo26n_background_catalog_scored,true,207,1,0,7,23,19,5,9,2,3,5,35,2446,75617.0,168997.925926,2999999,final_total_conflict,mismatched,false,conflict
session_5c1c515bef1f998e,S,2026-07-29,11,62,adb-observer,1,208.281,final-capture-complete,4,needs_review,3,complete,auction-protocol-v2,64,63,1,0,true,6320876,0.968608,34,6418943,98067,false,true,classifier,true,yolo26n_background_catalog_scored,true,104,1,0,5,10,11,8,9,4,6,3,12,1814,86233.5,188792.441176,1956574,final_total_conflict,mismatched,false,conflict
session_adfb24b25ef5a08c,S,2026-07-29,11,63,adb-observer,1,131.782,final-capture-complete,3,complete,3,complete,auction-protocol-v2,48,48,0,0,true,2628523,0.997574,29,2628523,0,true,true,classifier,true,yolo26n_background_catalog_scored,true,94,0,0,3,10,12,4,3,4,7,3,12,5567,61123,90638.724138,302326,reviewed,matched,true,auto_confirmed
session_a25e4f87c84726af,S,2026-07-29,11,64,adb-observer,1,71.922,final-capture-complete,2,needs_review,3,complete,auction-protocol-v2,33,33,0,0,true,1855705,0.988498,12,1870263,14558,false,true,classifier,true,yolo26n_background_catalog_scored,true,48,2,0,2,3,3,4,2,0,1,2,7,4507,94369.0,155855.25,992601,final_total_conflict,mismatched,false,conflict
session_c7319f9bc56f07c5,S,2026-07-29,11,65,adb-observer,1,198.672,final-capture-complete,5,complete,3,complete,auction-protocol-v2,78,78,0,0,true,1700000,0.992509,16,1700000,0,true,true,classifier,true,yolo26n_background_catalog_scored,true,51,0,0,3,4,3,6,5,1,3,2,5,3844,35534.0,106250.0,992601,reviewed,matched,true,auto_confirmed
session_efe63ae6150de0b1,S,2026-07-29,11,66,adb-observer,1,48.0,final-capture-complete,1,complete,3,complete,auction-protocol-v2,18,18,0,0,true,983477,0.987073,10,983477,0,true,true,classifier,true,yolo26n_background_catalog_scored,true,25,0,0,1,4,4,1,3,0,2,0,5,6685,100207.0,98347.7,281034,reviewed,matched,true,auto_confirmed
session_01d6e01382a72742,S,2026-07-29,11,67,adb-observer,1,50.203,final-capture-complete,1,complete,3,complete,auction-protocol-v2,18,18,0,0,true,2211525,0.997354,23,2211525,0,true,true,classifier,true,yolo26n_background_catalog_scored,true,69,0,0,7,7,6,3,4,6,1,3,9,3797,44974,96153.26087,385956,reviewed,matched,true,auto_confirmed
session_46589a16b97064bc,S,2026-07-29,11,68,adb-observer,1,258.234,final-capture-complete,5,complete,3,complete,auction-protocol-v2,78,78,0,0,true,5662728,0.966387,49,5662728,0,true,true,classifier,true,yolo26n_background_catalog_scored,true,167,0,0,13,14,16,6,8,8,2,7,24,1420,60018,115565.877551,1587435,reviewed,matched,true,auto_confirmed
session_ed0357300d768a4f,S,2026-07-29,11,69,adb-observer,1,149.515,final-capture-complete,3,complete,3,complete,auction-protocol-v2,49,47,2,0,true,5951935,0.998176,32,5951935,0,true,true,classifier,true,yolo26n_background_catalog_scored,true,104,0,0,7,10,11,4,9,3,4,3,13,3844,79099.5,185997.96875,2685114,reviewed,matched,true,auto_confirmed
session_b9cdc995f684ac14,S,2026-07-29,11,70,adb-observer,1,193.359,final-capture-complete,5,complete_with_identity_review,3,complete,auction-protocol-v2,78,78,0,0,true,3428851,0.99308,37,3428851,0,true,true,classifier,true,yolo26n_background_catalog_scored,true,124,1,0,4,13,15,5,8,3,4,3,19,1814,79737,92671.648649,302326,reviewed,matched,true,auto_confirmed
session_60b21806bb6f5271,S,2026-07-29,11,71,adb-observer,1,226.797,final-capture-complete,5,needs_review,3,complete,auction-protocol-v2,80,78,2,0,true,4842518,0.978626,60,4842518,0,true,true,classifier,true,yolo26n_background_catalog_scored,true,199,0,1,6,26,17,11,13,5,7,6,29,1420,70278.0,80708.633333,302326,reviewed,matched,true,auto_confirmed
session_a6a975b8f02b7752,S,2026-07-29,11,72,adb-observer,1,222.407,final-capture-complete,3,needs_review,3,complete,auction-protocol-v2,42,41,1,0,true,6803689,0.971863,60,6803689,0,true,true,classifier,true,yolo26n_background_catalog_scored,true,186,1,1,10,19,24,7,15,5,7,9,24,3747,76421.5,113394.816667,1080961,reviewed,matched,true,auto_confirmed
session_182d73fe243a47b7,S,2026-07-29,11,73,adb-observer,1,253.422,final-capture-complete,5,needs_review,3,complete,auction-protocol-v2,76,71,5,0,true,6866804,0.983923,60,7946812,1080008,false,true,classifier,true,yolo26n_background_catalog_scored,true,183,1,1,14,18,19,9,12,6,9,12,21,2360,82918.0,132446.866667,1083805,final_total_conflict,mismatched,false,conflict
session_d587d36d0c6a3915,S,2026-07-29,11,74,adb-observer,1,220.921,final-capture-complete,5,needs_review,3,complete,auction-protocol-v2,77,77,0,0,true,7850953,0.994276,60,8332471,481518,false,true,classifier,true,yolo26n_background_catalog_scored,true,208,2,3,11,18,16,15,13,2,7,12,26,1814,70887.5,138874.516667,1635681,final_total_conflict,mismatched,false,conflict
session_7bd3c199877736cd,S,2026-07-29,11,75,adb-observer,1,110.922,final-capture-complete,3,complete,3,complete,auction-protocol-v2,47,47,0,0,true,5263966,0.992118,28,5263966,0,true,true,classifier,true,yolo26n_background_catalog_scored,true,85,0,0,5,11,7,5,4,5,3,5,11,1420,72301.5,187998.785714,1561430,reviewed,matched,true,auto_confirmed
session_ccd5b578fe2642a6,S,2026-07-29,11,76,adb-observer,1,110.218,final-capture-complete,1,complete_with_identity_review,3,complete,auction-protocol-v2,18,18,0,0,true,9603388,0.970208,43,9603388,0,true,true,classifier,true,yolo26n_background_catalog_scored,true,130,1,0,6,14,15,8,13,3,3,3,21,1420,92730,223334.604651,2557820,reviewed,matched,true,auto_confirmed
session_65c7991cf4081d25,S,2026-07-29,11,77,adb-observer,1,157.297,final-capture-complete,4,complete,3,complete,auction-protocol-v2,58,57,1,0,true,3224369,0.965076,24,3224369,0,true,true,classifier,true,yolo26n_background_catalog_scored,true,85,0,0,2,6,13,3,4,2,2,4,12,4507,99583.0,134348.708333,540336,reviewed,matched,true,auto_confirmed
session_91f7e713fa3734de,S,2026-07-29,11,78,adb-observer,1,246.25,final-capture-complete,4,complete,3,complete,auction-protocol-v2,66,63,3,0,true,4051778,0.980193,35,4051778,0,true,true,classifier,true,yolo26n_background_catalog_scored,true,123,0,0,10,6,15,4,5,5,2,5,18,5567,70278,115765.085714,540336,reviewed,matched,true,auto_confirmed
session_5315528cd977b130,S,2026-07-29,12,79,adb-observer,1,68.141,final-capture-complete,1,complete,3,complete,auction-protocol-v2,19,17,2,0,true,6136506,0.969045,41,6136506,0,true,true,classifier,true,yolo26n_background_catalog_scored,true,148,0,0,5,15,15,6,5,2,5,6,23,2446,109576,149670.878049,1486670,reviewed,matched,true,auto_confirmed
session_555817297a7e3e3e,S,2026-07-29,12,80,adb-observer,1,60.984,final-capture-complete,1,complete,3,complete,auction-protocol-v2,19,18,1,0,true,3022936,0.99592,27,3022936,0,true,true,classifier,true,yolo26n_background_catalog_scored,true,88,0,0,3,9,12,3,3,6,2,3,13,1814,96008,111960.592593,302326,reviewed,matched,true,auto_confirmed
session_582eda59dbe17283,S,2026-07-29,12,81,adb-observer,1,204.922,final-capture-complete,5,needs_review,3,complete,auction-protocol-v2,82,78,4,0,true,5656222,0.976369,50,6141687,485465,false,true,classifier,true,yolo26n_background_catalog_scored,true,160,1,0,12,17,10,11,9,6,7,5,23,2360,60868.5,122833.74,1956574,final_total_conflict,mismatched,false,conflict
session_fffc4b1e34f5c80e,S,2026-07-29,12,82,adb-observer,1,140.047,final-capture-complete,3,complete,3,complete,auction-protocol-v2,47,47,0,0,true,4719465,0.983937,30,4719465,0,true,true,classifier,true,yolo26n_background_catalog_scored,true,107,0,0,11,7,5,7,8,0,1,7,14,2446,28600.0,157315.5,1878833,reviewed,matched,true,auto_confirmed
session_26e3cd7d93e1099a,S,2026-07-29,12,83,adb-observer,1,49.594,final-capture-complete,1,complete,3,complete,auction-protocol-v2,18,18,0,0,true,4867194,0.98845,23,4867194,0,true,true,classifier,true,yolo26n_background_catalog_scored,true,69,0,0,2,7,8,6,5,5,1,4,8,1420,79737,211617.130435,1680426,reviewed,matched,true,auto_confirmed
session_09329ff4a323a197,S,2026-07-29,12,84,adb-observer,1,106.14,final-capture-complete,3,needs_review,3,complete,auction-protocol-v2,44,43,1,0,true,3473368,0.968495,12,3480647,7279,false,true,classifier,true,yolo26n_background_catalog_scored,true,41,1,0,1,4,3,4,1,0,2,3,6,4507,115100.0,290053.916667,1878833,final_total_conflict,mismatched,false,conflict
session_bd2ad6bdc61534a5,S,2026-07-29,12,85,adb-observer,1,148.75,final-capture-complete,4,complete,3,complete,auction-protocol-v2,64,63,1,0,true,1051314,0.999074,11,1051314,0,true,true,classifier,true,yolo26n_background_catalog_scored,true,37,0,0,1,4,4,2,1,0,1,1,8,2360,93012,95574.0,281034,reviewed,matched,true,auto_confirmed
session_7731fe03bb730629,S,2026-07-29,12,86,adb-observer,1,147.75,final-capture-complete,4,complete,3,complete,auction-protocol-v2,69,63,6,0,true,2093609,0.988795,16,2093609,0,true,true,classifier,true,yolo26n_background_catalog_scored,true,57,0,0,4,4,4,4,3,0,0,3,10,2446,43617.5,130850.5625,630423,reviewed,matched,true,auto_confirmed
session_e6afe640ce5ecf20,S,2026-07-29,12,87,adb-observer,1,83.578,final-capture-complete,1,complete,3,complete,auction-protocol-v2,18,18,0,0,true,4944936,0.99315,32,4944936,0,true,true,classifier,true,yolo26n_background_catalog_scored,true,111,0,0,6,16,6,4,8,1,4,3,16,2360,71497.0,154529.25,1587435,reviewed,matched,true,auto_confirmed
session_36f339cc01324c95,S,2026-07-29,12,88,adb-observer,1,135.813,final-capture-complete,3,needs_review,3,complete,auction-protocol-v2,49,48,1,0,true,1321189,0.973269,13,1328468,7279,false,true,classifier,true,yolo26n_background_catalog_scored,true,47,1,0,1,5,5,2,1,1,3,2,6,7279,96819,102189.846154,225664,final_total_conflict,mismatched,false,conflict
session_8295f17659f10ec3,S,2026-07-29,12,89,adb-observer,1,89.078,final-capture-complete,1,needs_review,3,complete,auction-protocol-v2,18,18,0,0,true,5915307,0.991949,42,5716820,-198487,false,true,classifier,true,yolo26n_background_catalog_scored,true,140,0,0,13,14,11,4,9,4,4,7,18,2360,51756.0,136114.761905,3061687,final_total_conflict,mismatched,false,conflict
session_cd76862a834d9d3f,S,2026-07-29,12,90,adb-observer,1,203.282,final-capture-complete,5,complete_with_identity_review,3,complete,auction-protocol-v2,80,78,2,0,true,3520688,0.982806,26,3520688,0,true,true,classifier,true,yolo26n_background_catalog_scored,true,78,1,0,6,5,11,4,6,6,1,4,9,2446,99583.0,135411.076923,713390,reviewed,matched,true,auto_confirmed
session_267f426732eefb1e,S,2026-07-29,12,91,adb-observer,1,115.313,final-capture-complete,1,complete,3,complete,auction-protocol-v2,18,18,0,0,true,5156604,0.988588,35,5156604,0,true,true,classifier,true,yolo26n_background_catalog_scored,true,118,0,0,8,13,8,6,6,3,2,6,18,2446,73106,147331.542857,1486670,reviewed,matched,true,auto_confirmed
session_c2bef3be282b19fc,S,2026-07-29,12,92,adb-observer,1,123.422,final-capture-complete,3,complete,3,complete,auction-protocol-v2,48,48,0,0,true,2895415,0.991626,32,2895415,0,true,true,classifier,true,yolo26n_background_catalog_scored,true,115,0,0,5,10,13,4,5,4,4,7,12,6685,82415.0,90481.71875,225664,reviewed,matched,true,auto_confirmed
session_c548dfd34c2003c9,S,2026-07-29,12,93,adb-observer,1,236.484,final-capture-complete,5,complete,3,complete,auction-protocol-v2,78,78,0,0,true,4418640,0.997701,37,4418640,0,true,true,classifier,true,yolo26n_background_catalog_scored,true,118,0,0,6,14,13,4,9,5,1,4,18,2446,73106,119422.702703,971708,reviewed,matched,true,auto_confirmed
session_523d22674d1c6cdc,S,2026-07-29,12,94,adb-observer,1,63.797,final-capture-complete,1,complete,3,complete,auction-protocol-v2,18,17,1,0,true,1898529,0.980016,27,1898529,0,true,true,classifier,true,yolo26n_background_catalog_scored,true,97,0,0,7,9,6,5,4,4,2,3,14,2446,60614,70315.888889,247007,reviewed,matched,true,auto_confirmed
session_57a0f57de62036dd,S,2026-07-29,12,95,adb-observer,1,54.234,final-capture-complete,1,complete_with_identity_review,3,complete,auction-protocol-v2,20,18,2,0,true,4710976,0.990127,29,4710976,0,true,true,classifier,true,yolo26n_background_catalog_scored,true,83,1,0,8,9,8,4,8,3,6,0,12,7279,61123,162447.448276,2557820,reviewed,matched,true,auto_confirmed
session_a80102cf0187bc51,S,2026-07-29,12,96,adb-observer,1,249.547,final-capture-complete,5,needs_review,3,complete,auction-protocol-v2,78,78,0,0,true,5966556,0.969988,54,5973835,7279,false,true,classifier,true,yolo26n_background_catalog_scored,true,157,2,0,10,17,17,10,14,9,5,4,22,2360,67435.0,110626.574074,1080961,final_total_conflict,mismatched,false,conflict
session_d9c57ce9bed83be5,S,2026-07-29,12,97,adb-observer,1,49.531,final-capture-complete,1,complete,3,complete,auction-protocol-v2,18,17,1,0,true,2675403,0.992666,26,2675403,0,true,true,classifier,true,yolo26n_background_catalog_scored,true,86,0,0,6,9,8,3,6,3,3,2,12,2446,71497.0,102900.115385,540336,reviewed,matched,true,auto_confirmed
session_ae12fd3cef107e0f,S,2026-07-29,12,98,adb-observer,1,46.75,final-capture-complete,1,complete,3,complete,auction-protocol-v2,17,15,2,0,true,2257870,0.986287,18,2257870,0,true,true,classifier,true,yolo26n_background_catalog_scored,true,54,0,0,5,5,5,3,5,4,0,5,4,3797,67114.5,125437.222222,886532,reviewed,matched,true,auto_confirmed
session_af869f3a01c2100e,S,2026-07-29,12,99,adb-observer,1,109.453,final-capture-complete,1,complete_with_identity_review,3,complete,auction-protocol-v2,18,18,0,0,true,6110240,0.998194,45,6110240,0,true,true,classifier,true,yolo26n_background_catalog_scored,true,139,1,0,10,8,15,12,11,7,4,4,19,1420,67435,135783.111111,1733281,reviewed,matched,true,auto_confirmed
session_ad95d21bd444bf4b,S,2026-07-29,12,100,adb-observer,1,228.766,final-capture-complete,5,complete_with_identity_review,3,complete,auction-protocol-v2,85,78,7,0,true,3550842,0.984249,40,3550842,0,true,true,classifier,true,yolo26n_background_catalog_scored,true,127,1,0,8,14,15,3,8,5,1,8,18,5567,64279.0,88771.05,281034,reviewed,matched,true,auto_confirmed
session_4b0025e88ebb2e07,S,2026-07-29,12,101,adb-observer,1,76.297,final-capture-complete,2,complete,3,complete,auction-protocol-v2,32,32,0,0,true,2162044,0.999035,18,2162044,0,true,true,classifier,true,yolo26n_background_catalog_scored,true,53,0,0,3,4,7,4,5,1,4,2,6,6685,95539.5,120113.555556,489972,reviewed,matched,true,auto_confirmed
session_389570cf1cd084e3,S,2026-07-29,12,102,adb-observer,1,176.532,final-capture-complete,5,complete,3,complete,auction-protocol-v2,78,78,0,0,true,3618110,0.994651,20,3618110,0,true,true,classifier,true,yolo26n_background_catalog_scored,true,74,0,0,1,7,9,3,4,2,2,2,10,2360,106425.0,180905.5,1486670,reviewed,matched,true,auto_confirmed
session_2292d99310c1ed59,S,2026-07-29,13,103,adb-observer,1,156.453,final-capture-complete,3,complete_with_identity_review,3,complete,auction-protocol-v2,50,48,2,0,true,5742852,0.984012,41,5742852,0,true,true,classifier,true,yolo26n_background_catalog_scored,true,131,2,0,8,11,15,7,12,0,2,4,23,1814,93012,140069.560976,1080961,reviewed,matched,true,auto_confirmed
session_3bc61a7d46c56fad,S,2026-07-29,13,104,adb-observer,1,177.219,final-capture-complete,2,needs_review,3,complete,auction-protocol-v2,32,32,0,0,true,6022657,0.991712,60,6022657,0,true,true,classifier,true,yolo26n_background_catalog_scored,true,202,0,2,11,19,21,9,15,6,6,10,23,1420,72301.5,100377.616667,385956,reviewed,matched,true,auto_confirmed
session_b8aa0a8525354d9b,S,2026-07-29,13,105,adb-observer,1,72.093,final-capture-complete,1,complete,3,complete,auction-protocol-v2,19,18,1,0,true,5017706,0.991084,37,5017706,0,true,true,classifier,true,yolo26n_background_catalog_scored,true,129,0,0,6,13,13,5,5,2,3,6,21,1420,92730,135613.675676,1293299,reviewed,matched,true,auto_confirmed
session_1fcb4b8c4e298002,S,2026-07-29,13,106,adb-observer,1,135.406,final-capture-complete,4,complete,3,complete,auction-protocol-v2,63,63,0,0,true,821266,0.989934,10,821266,0,true,true,classifier,true,yolo26n_background_catalog_scored,true,26,0,0,2,3,4,1,4,3,0,1,2,3844,60570.5,82126.6,226538,reviewed,matched,true,auto_confirmed
session_c35cc4db004c7302,S,2026-07-29,13,107,adb-observer,1,154.344,final-capture-complete,1,complete_with_identity_review,3,complete,auction-protocol-v2,20,17,3,0,true,4949317,0.993471,37,4949317,0,true,true,classifier,true,yolo26n_background_catalog_scored,true,112,1,0,7,9,11,10,11,4,5,2,15,1814,96819,133765.324324,992601,reviewed,matched,true,auto_confirmed
session_bb751fcce81fccf4,S,2026-07-29,13,108,adb-observer,1,166.344,final-capture-complete,4,complete_with_identity_review,3,complete,auction-protocol-v2,58,57,1,0,true,4479324,0.986232,38,4479324,0,true,true,classifier,true,yolo26n_background_catalog_scored,true,129,1,0,6,15,10,7,5,8,3,6,16,4507,92730.0,117876.947368,799999,reviewed,matched,true,auto_confirmed
session_97c9f32608410889,S,2026-07-29,13,109,adb-observer,1,183.328,final-capture-complete,4,complete,3,complete,auction-protocol-v2,63,62,1,0,true,5943312,0.993232,17,5943312,0,true,true,classifier,true,yolo26n_background_catalog_scored,true,57,0,0,2,5,5,5,2,3,1,2,9,1814,85093,349606.588235,2999999,reviewed,matched,true,auto_confirmed
session_648edd9811ef7361,S,2026-07-29,13,110,adb-observer,1,40.704,running,0,,,partial,auction-protocol-v2,8,8,0,0,false,,,,,,,,,,,,,,,0,0,0,0,0,0,0,0,0,,,,,,,,
session_04c179e6909d5bfb,S,2026-07-29,13,1,adb-observer,1,110.422,keyboard-interrupt,0,,,partial,auction-protocol-v2,23,17,6,0,false,,,,,,,,,,,,,,,0,0,0,0,0,0,0,0,0,,,,,,,,
session_64725fb0e1693dc2,S,2026-07-29,13,1,adb-observer,1,218.5,final-capture-complete,1,complete,3,complete,auction-protocol-v2,33,32,1,0,true,5085434,0.987989,48,5085434,0,true,true,classifier,true,yolo26n_background_catalog_scored,true,140,0,0,19,10,12,7,12,8,4,5,19,1420,33853.0,105946.541667,1561430,reviewed,matched,true,auto_confirmed
session_87a35f200ddc0247,S,2026-07-29,13,2,adb-observer,1,114.953,keyboard-interrupt,2,,,partial,auction-protocol-v2,38,36,2,0,false,,,,,,,,,,,,,,,0,0,0,0,0,0,0,0,0,,,,,,,,
session_bdfd30220844fbdb,S,2026-07-29,14,1,adb-observer,1,134.641,final-capture-complete,4,complete,3,complete,auction-protocol-v2,56,55,1,0,true,3760805,0.97065,11,3760805,0,true,true,classifier,true,yolo26n_background_catalog_scored,true,35,0,0,1,4,4,2,1,3,1,2,4,1420,109576,341891.363636,2685114,reviewed,matched,true,auto_confirmed
session_d1ab8edb0e88c7ec,S,2026-07-29,15,2,adb-observer,1,224.937,final-capture-complete,4,complete,3,complete,auction-protocol-v2,58,57,1,0,true,2705910,0.994221,22,2705910,0,true,true,classifier,true,yolo26n_background_catalog_scored,true,64,0,0,3,12,5,2,8,2,2,3,7,7982,84782.0,122995.909091,886532,reviewed,matched,true,auto_confirmed
session_35c6147862dbeced,S,2026-07-29,15,3,adb-observer,1,148.64,final-capture-complete,3,complete,3,complete,auction-protocol-v2,48,43,5,0,true,2554681,0.992182,22,2554681,0,true,true,classifier,true,yolo26n_background_catalog_scored,true,62,0,0,4,8,5,5,8,4,0,4,6,1420,48421.0,116121.863636,1083805,reviewed,matched,true,auto_confirmed
session_c874956ee37a33e1,S,2026-07-29,15,4,adb-observer,1,191.672,final-capture-complete,3,complete_with_identity_review,3,complete,auction-protocol-v2,44,43,1,0,true,4841566,0.978649,41,4841566,0,true,true,classifier,true,yolo26n_background_catalog_scored,true,129,2,0,7,11,17,6,10,5,3,4,19,2360,96008,118086.97561,659511,reviewed,matched,true,auto_confirmed
session_13091dd643fbdc2c,S,2026-07-29,15,5,adb-observer,1,197.469,final-capture-complete,5,complete,3,complete,auction-protocol-v2,78,78,0,0,true,5630943,0.991248,33,5630943,0,true,true,classifier,true,yolo26n_background_catalog_scored,true,121,0,0,3,13,11,6,6,3,5,3,16,5567,98067,170634.636364,992601,reviewed,matched,true,auto_confirmed
session_28a64cf559b8aee7,S,2026-07-29,15,6,adb-observer,1,209.672,final-capture-complete,5,complete,3,complete,auction-protocol-v2,76,76,0,0,true,1211203,0.99923,14,1211203,0,true,true,classifier,true,yolo26n_background_catalog_scored,true,42,0,0,4,4,3,3,4,3,1,0,6,2360,40930.5,86514.5,364855,reviewed,matched,true,auto_confirmed
session_9d0036dca7931603,S,2026-07-29,15,7,adb-observer,1,226.859,final-capture-complete,4,complete,3,complete,auction-protocol-v2,60,60,0,0,true,5152462,0.998504,21,5152462,0,true,true,classifier,true,yolo26n_background_catalog_scored,true,71,0,0,3,8,7,3,5,2,0,5,9,6271,109576,245355.333333,2539483,reviewed,matched,true,auto_confirmed
session_c43fea3f5ea306ff,S,2026-07-29,15,8,adb-observer,1,134.578,final-capture-complete,3,complete,3,complete,auction-protocol-v2,48,48,0,0,true,6270677,0.993612,50,6270677,0,true,true,classifier,true,yolo26n_background_catalog_scored,true,152,0,0,10,15,17,8,15,5,6,7,17,1814,72301.5,125413.54,1635681,reviewed,matched,true,auto_confirmed
session_8cfbc0534c27158b,S,2026-07-29,15,9,adb-observer,1,95.469,final-capture-complete,1,complete_with_identity_review,3,complete,auction-protocol-v2,19,18,1,0,true,6144947,0.991468,38,6144947,0,true,true,classifier,true,yolo26n_background_catalog_scored,true,133,1,0,6,15,10,7,7,1,4,8,18,1814,70887.5,161709.131579,1635681,reviewed,matched,true,auto_confirmed
session_44ef87524a41ae8a,S,2026-07-29,15,10,adb-observer,1,190.734,final-capture-complete,5,complete,3,complete,auction-protocol-v2,81,78,3,0,true,6048485,0.986746,37,6048485,0,true,true,classifier,true,yolo26n_background_catalog_scored,true,128,0,0,6,14,9,8,8,1,5,6,17,1814,79737,163472.567568,1680426,reviewed,matched,true,auto_confirmed
session_9420db9a85ab7e4e,S,2026-07-29,15,11,adb-observer,1,110.391,final-capture-complete,3,complete,3,complete,auction-protocol-v2,51,47,4,0,true,1233613,0.993265,10,1233613,0,true,true,classifier,true,yolo26n_background_catalog_scored,true,46,0,0,1,3,5,1,2,0,1,0,7,2360,114512.5,123361.3,240927,reviewed,matched,true,auto_confirmed
session_1fe5f503d1ecaadf,S,2026-07-29,15,12,adb-observer,1,120.063,final-capture-complete,2,complete,3,complete,auction-protocol-v2,33,33,0,0,true,6586874,0.977376,33,6586874,0,true,true,classifier,true,yolo26n_background_catalog_scored,true,96,0,0,6,10,13,4,8,5,3,3,14,3844,70278,199602.242424,2999999,reviewed,matched,true,auto_confirmed
session_1d9a68767ee53210,S,2026-07-29,15,13,adb-observer,1,167.594,final-capture-complete,4,complete,3,complete,auction-protocol-v2,59,57,2,0,true,6306651,0.989645,34,6306651,0,true,true,classifier,true,yolo26n_background_catalog_scored,true,118,0,0,8,8,15,3,7,5,4,3,15,5567,71497.0,185489.735294,2685114,reviewed,matched,true,auto_confirmed
session_c7bda9949fd19322,S,2026-07-29,15,14,adb-observer,1,183.813,final-capture-complete,3,complete,3,complete,auction-protocol-v2,48,48,0,0,true,11641992,0.999701,47,11641992,0,true,true,classifier,true,yolo26n_background_catalog_scored,true,165,0,0,9,10,18,10,6,6,3,6,26,1814,96819,247701.957447,1878833,reviewed,matched,true,auto_confirmed
session_5b7b7a9525b4e7b1,S,2026-07-29,15,15,adb-observer,1,113.0,final-capture-complete,1,complete,3,complete,auction-protocol-v2,19,18,1,0,true,3297695,0.993464,30,3297695,0,true,true,classifier,true,yolo26n_background_catalog_scored,true,105,0,0,8,8,7,7,6,4,1,5,14,3747,57694.5,109923.166667,886532,reviewed,matched,true,auto_confirmed
session_9dd8d5b517470290,S,2026-07-29,15,16,adb-observer,1,900.157,max-seconds,3,,,complete,auction-protocol-v2,48,47,1,0,true,,,,,,,,,,,,,,,0,0,0,0,0,0,0,0,0,,,,,,,,
session_03da19c4cce9543c,S,2026-07-29,17,1,adb-observer,1,233.625,final-capture-complete,5,complete,3,complete,auction-protocol-v2,82,77,5,0,true,5542685,0.974109,41,5542685,0,true,true,classifier,true,yolo26n_background_catalog_scored,true,129,0,0,10,6,14,11,7,8,4,8,14,1420,51756,135187.439024,1293299,reviewed,matched,true,auto_confirmed
session_09286a71db9ae282,S,2026-07-29,17,2,adb-observer,1,250.875,final-capture-complete,5,complete,3,complete,auction-protocol-v2,77,77,0,0,true,6295435,0.98529,49,6295435,0,true,true,classifier,true,yolo26n_background_catalog_scored,true,153,0,0,9,18,16,6,9,4,6,7,23,1420,70278,128478.265306,1635681,reviewed,matched,true,auto_confirmed
session_a2e43b2f5cfc6e28,S,2026-07-29,17,3,adb-observer,1,150.531,final-capture-complete,3,complete,3,complete,auction-protocol-v2,47,47,0,0,true,2228673,0.98024,23,2228673,0,true,true,classifier,true,yolo26n_background_catalog_scored,true,87,0,0,5,8,8,2,4,2,1,2,14,3844,70278,96898.826087,302326,reviewed,matched,true,auto_confirmed
session_60f6cf453a4e44ab,S,2026-07-29,17,4,adb-observer,1,52.828,final-capture-complete,1,complete,3,complete,auction-protocol-v2,18,18,0,0,true,2269508,0.972025,20,2269508,0,true,true,classifier,true,yolo26n_background_catalog_scored,true,77,0,0,2,8,8,2,1,2,4,1,12,1420,110039.5,113475.4,302326,reviewed,matched,true,auto_confirmed
session_d8603b45ac25f386,S,2026-07-29,17,5,adb-observer,1,108.734,final-capture-complete,3,complete_with_identity_review,3,complete,auction-protocol-v2,47,46,1,0,true,3664399,0.989018,15,3664399,0,true,true,classifier,true,yolo26n_background_catalog_scored,true,51,1,0,2,5,5,3,3,2,1,3,6,1420,60018,244293.266667,2557820,reviewed,matched,true,auto_confirmed
session_6dd8fc253c840fb4,S,2026-07-29,17,6,adb-observer,1,82.438,final-capture-complete,1,complete,3,complete,auction-protocol-v2,18,18,0,0,true,5957050,0.990349,47,5957050,0,true,true,classifier,true,yolo26n_background_catalog_scored,true,155,0,0,9,18,14,6,8,6,3,6,24,2360,70278,126745.744681,2394967,reviewed,matched,true,auto_confirmed
session_aaa47b16946e32ed,S,2026-07-29,17,7,adb-observer,1,198.265,final-capture-complete,4,needs_review,3,complete,auction-protocol-v2,63,63,0,0,true,5321870,0.984212,50,5321870,0,true,true,classifier,true,yolo26n_background_catalog_scored,true,139,0,3,12,10,20,8,12,3,9,4,22,1814,86374.5,106437.4,499425,reviewed,matched,true,auto_confirmed
session_67c2cc2b2a8017d9,S,2026-07-29,17,8,adb-observer,1,183.047,final-capture-complete,5,complete,3,complete,auction-protocol-v2,77,77,0,0,true,3462526,0.976503,20,3462526,0,true,true,classifier,true,yolo26n_background_catalog_scored,true,79,0,0,5,7,6,2,4,1,1,2,12,1814,86233.5,173126.3,1587435,reviewed,matched,true,auto_confirmed
session_11047d84d0e7d87e,S,2026-07-29,17,9,adb-observer,1,65.813,final-capture-complete,1,complete,3,complete,auction-protocol-v2,18,18,0,0,true,4320782,0.985949,26,4320782,0,true,true,classifier,true,yolo26n_background_catalog_scored,true,96,0,0,4,9,7,6,6,1,2,3,14,1814,71497.0,166183.923077,1956574,reviewed,matched,true,auto_confirmed
session_8ca5c27bb0c4a243,S,2026-07-29,17,10,adb-observer,1,234.188,final-capture-complete,4,complete,3,complete,auction-protocol-v2,63,63,0,0,true,5412839,0.992459,41,5412839,0,true,true,classifier,true,yolo26n_background_catalog_scored,true,125,0,0,7,11,15,8,6,8,7,8,12,1420,61123,132020.463415,1486670,reviewed,matched,true,auto_confirmed
session_b96df3cafa3dbc9a,S,2026-07-29,17,11,adb-observer,1,92.234,final-capture-complete,2,complete,3,complete,auction-protocol-v2,34,33,1,0,true,3881209,0.981206,32,3881209,0,true,true,classifier,true,yolo26n_background_catalog_scored,true,102,0,0,3,13,9,7,9,4,0,4,15,1814,90550.5,121287.78125,799999,reviewed,matched,true,auto_confirmed
session_a04227c76296267d,S,2026-07-29,17,12,adb-observer,1,64.203,final-capture-complete,1,complete,3,complete,auction-protocol-v2,18,18,0,0,true,2175266,0.998111,29,2175266,0,true,true,classifier,true,yolo26n_background_catalog_scored,true,104,0,0,6,12,9,2,5,2,1,3,18,1420,70278,75009.172414,281034,reviewed,matched,true,auto_confirmed
session_cba602dc76752c74,S,2026-07-29,17,13,adb-observer,1,210.75,final-capture-complete,4,complete_with_identity_review,3,complete,auction-protocol-v2,62,62,0,0,true,6484917,0.988573,40,6484917,0,true,true,classifier,true,yolo26n_background_catalog_scored,true,136,1,0,7,10,9,14,8,2,6,4,20,1420,74740.5,162122.925,1083805,reviewed,matched,true,auto_confirmed
session_1988f626a98fa427,S,2026-07-29,17,14,adb-observer,1,136.328,final-capture-complete,3,complete,3,complete,auction-protocol-v2,47,47,0,0,true,5078612,0.992489,34,5078612,0,true,true,classifier,true,yolo26n_background_catalog_scored,true,113,0,0,6,10,9,9,7,3,3,4,17,2360,59595.5,149370.941176,1293299,reviewed,matched,true,auto_confirmed
session_947dc4337307837d,S,2026-07-29,17,15,adb-observer,1,148.531,final-capture-complete,3,complete,3,complete,auction-protocol-v2,48,48,0,0,true,6664521,0.979387,27,6664521,0,true,true,classifier,true,yolo26n_background_catalog_scored,true,98,0,0,5,8,11,3,4,2,3,3,15,6271,96008,246834.111111,2394967,reviewed,matched,true,auto_confirmed
session_dc15fa7e774fb164,S,2026-07-29,17,16,adb-observer,1,54.672,final-capture-complete,1,complete,3,complete,auction-protocol-v2,20,18,2,0,true,2517735,0.982179,19,2517735,0,true,true,classifier,true,yolo26n_background_catalog_scored,true,51,0,0,3,8,4,4,5,4,3,2,5,4507,92730,132512.368421,630423,reviewed,matched,true,auto_confirmed
session_cadd39648a639ef4,S,2026-07-29,17,17,adb-observer,1,191.687,final-capture-complete,4,complete,3,complete,auction-protocol-v2,60,59,1,0,true,4088476,0.992978,47,4088476,0,true,true,classifier,true,yolo26n_background_catalog_scored,true,144,0,0,8,21,9,9,11,7,4,3,22,1420,61123,86988.851064,799999,reviewed,matched,true,auto_confirmed
session_fcc4d62583fab428,S,2026-07-29,18,18,adb-observer,1,215.547,final-capture-complete,4,needs_review,3,complete,auction-protocol-v2,62,62,0,0,true,5786258,0.950726,36,5786258,0,true,true,classifier,true,yolo26n_background_catalog_scored,true,138,0,2,8,12,9,7,7,3,1,6,19,2360,82918.0,160729.388889,1956574,reviewed,matched,true,auto_confirmed
session_e345d7dea2abfc4f,S,2026-07-29,18,19,adb-observer,1,55.11,final-capture-complete,1,complete,3,complete,auction-protocol-v2,17,17,0,0,true,2082028,0.991891,17,2082028,0,true,true,classifier,true,yolo26n_background_catalog_scored,true,65,0,0,2,6,6,3,3,2,1,2,9,5567,67435,122472.235294,659511,reviewed,matched,true,auto_confirmed
session_16bc2c5a9c8235a9,S,2026-07-29,18,20,adb-observer,1,75.703,final-capture-complete,1,complete,3,complete,auction-protocol-v2,18,18,0,0,true,6594233,0.989891,60,6594233,0,true,true,classifier,true,yolo26n_background_catalog_scored,true,196,0,0,14,17,18,11,17,6,4,9,24,1420,61123.0,109903.883333,992601,reviewed,matched,true,auto_confirmed
session_9c2f27cedde463eb,S,2026-07-29,18,21,adb-observer,1,212.343,final-capture-complete,5,needs_review,3,complete,auction-protocol-v2,85,78,7,0,true,6452542,0.97887,30,6458213,5671,false,true,classifier,true,yolo26n_background_catalog_scored,true,93,2,0,3,10,13,4,5,8,4,4,9,8661,102508.0,215273.766667,1878833,final_total_conflict,mismatched,false,conflict
session_fab3ddffe2ed4de1,S,2026-07-29,18,22,adb-observer,1,112.797,final-capture-complete,2,needs_review,3,complete,auction-protocol-v2,33,32,1,0,true,5125804,0.993898,40,5133083,7279,false,true,classifier,true,yolo26n_background_catalog_scored,true,136,1,0,8,15,9,8,10,3,2,8,17,2360,64279.0,128327.075,1307336,final_total_conflict,mismatched,false,conflict
session_6a2edcc55bcc514e,S,2026-07-29,18,23,adb-observer,1,63.5,final-capture-complete,1,complete,3,complete,auction-protocol-v2,18,18,0,0,true,5694703,0.979125,16,5694703,0,true,true,classifier,true,yolo26n_background_catalog_scored,true,55,0,0,1,5,5,5,5,1,0,3,7,3797,97037.5,355918.9375,2394967,reviewed,matched,true,auto_confirmed
session_ae1995b970671055,S,2026-07-29,18,24,adb-observer,1,197.391,final-capture-complete,5,needs_review,3,complete,auction-protocol-v2,71,70,1,0,true,6076311,0.99287,43,6076311,0,true,true,classifier,true,yolo26n_background_catalog_scored,true,135,1,4,11,14,11,7,10,5,5,6,17,3747,60614,141309.55814,1733281,reviewed,matched,true,auto_confirmed
session_e833136842c9beba,S,2026-07-29,18,25,adb-observer,1,50.438,final-capture-complete,1,complete,3,complete,auction-protocol-v2,17,17,0,0,true,952231,0.99907,10,952231,0,true,true,classifier,true,yolo26n_background_catalog_scored,true,32,0,0,1,3,4,2,2,1,1,2,4,6685,91000.0,95223.1,225664,reviewed,matched,true,auto_confirmed
session_b852e72376394445,S,2026-07-29,18,26,adb-observer,1,218.844,final-capture-complete,5,complete,3,complete,auction-protocol-v2,91,78,13,0,true,6997140,0.989593,43,6997140,0,true,true,classifier,true,yolo26n_background_catalog_scored,true,155,0,0,7,15,16,5,4,6,3,7,23,1420,96008,162724.186047,1561430,reviewed,matched,true,auto_confirmed
session_d54f899c8404dacf,S,2026-07-29,18,27,adb-observer,1,52.75,final-capture-complete,1,needs_review,3,complete,auction-protocol-v2,19,17,2,0,true,790447,0.994524,12,797726,7279,false,true,classifier,true,yolo26n_background_catalog_scored,true,29,1,0,1,5,3,3,4,2,2,2,2,3844,51437.5,66477.166667,225664,final_total_conflict,mismatched,false,conflict
session_7072edda80f3e751,S,2026-07-29,18,28,adb-observer,1,202.25,final-capture-complete,4,complete,3,complete,auction-protocol-v2,65,62,3,0,true,6920146,0.986562,44,6920146,0,true,true,classifier,true,yolo26n_background_catalog_scored,true,142,0,0,8,14,14,8,9,5,4,7,19,2446,98067.0,157276.045455,992601,reviewed,matched,true,auto_confirmed
session_c888112ab06e3734,S,2026-07-29,18,29,adb-observer,1,143.547,final-capture-complete,3,complete,3,complete,auction-protocol-v2,45,44,1,0,true,2212519,0.993807,14,2212519,0,true,true,classifier,true,yolo26n_background_catalog_scored,true,53,0,0,2,5,5,2,1,3,2,0,8,7279,113900.0,158037.071429,540336,reviewed,matched,true,auto_confirmed
session_2b1f0533f2cdd61b,S,2026-07-29,18,30,adb-observer,1,61.328,final-capture-complete,1,complete_with_identity_review,3,complete,auction-protocol-v2,18,18,0,0,true,5861599,0.988539,26,5861599,0,true,true,classifier,true,yolo26n_background_catalog_scored,true,92,1,0,6,7,6,7,3,4,3,6,10,3797,82415.0,225446.115385,3061687,reviewed,matched,true,auto_confirmed
session_108aedec072e920f,S,2026-07-29,18,31,adb-observer,1,82.719,final-capture-complete,1,needs_review,3,complete,auction-protocol-v2,18,18,0,0,true,6588698,0.956717,60,7071985,483287,false,true,classifier,true,yolo26n_background_catalog_scored,true,199,1,0,12,21,16,11,11,6,9,8,26,2446,70887.5,117866.416667,1635681,final_total_conflict,mismatched,false,conflict
session_7c928c0ed1397657,S,2026-07-29,18,32,adb-observer,1,186.906,final-capture-complete,5,complete,3,complete,auction-protocol-v2,79,78,1,0,true,2140318,0.986181,23,2140318,0,true,true,classifier,true,yolo26n_background_catalog_scored,true,78,0,0,3,12,7,1,4,1,2,5,11,11916,79737,93057.304348,224110,reviewed,matched,true,auto_confirmed
session_5093201399087c70,S,2026-07-29,18,33,adb-observer,1,71.797,final-capture-complete,1,complete,3,complete,auction-protocol-v2,19,18,1,0,true,4533783,0.984382,48,4533783,0,true,true,classifier,true,yolo26n_background_catalog_scored,true,143,0,0,7,13,19,9,18,4,1,7,18,1420,94510.0,94453.8125,302326,reviewed,matched,true,auto_confirmed
session_05ece3e80d29565b,S,2026-07-29,18,34,adb-observer,1,210.5,final-capture-complete,5,complete,3,complete,auction-protocol-v2,79,78,1,0,true,3423268,0.995113,38,3423268,0,true,true,classifier,true,yolo26n_background_catalog_scored,true,122,0,0,9,11,13,5,7,5,4,7,15,1420,71425.0,90086.0,281034,reviewed,matched,true,auto_confirmed
session_375cb71b92641bf1,S,2026-07-29,18,35,adb-observer,1,141.813,final-capture-complete,4,complete,3,complete,auction-protocol-v2,57,56,1,0,true,957366,0.971805,10,957366,0,true,true,classifier,true,yolo26n_background_catalog_scored,true,24,0,0,1,4,3,2,4,0,2,1,3,1814,108726.0,95736.6,224110,reviewed,matched,true,auto_confirmed
session_b0579f13e2cea4b0,S,2026-07-29,18,36,adb-observer,1,72.297,final-capture-complete,1,complete,3,complete,auction-protocol-v2,19,18,1,0,true,4162180,0.993173,40,4162180,0,true,true,classifier,true,yolo26n_background_catalog_scored,true,151,0,0,7,14,10,9,4,5,4,3,24,1420,70620.5,104054.5,452757,reviewed,matched,true,auto_confirmed
session_3fb85fb038bbe957,S,2026-07-29,18,37,adb-observer,1,50.672,final-capture-complete,1,complete,3,complete,auction-protocol-v2,18,18,0,0,true,3563602,0.964551,17,3563602,0,true,true,classifier,true,yolo26n_background_catalog_scored,true,70,0,0,1,5,5,6,1,1,1,5,9,2360,67435,209623.647059,2539483,reviewed,matched,true,auto_confirmed
session_ce43424ec8387b66,S,2026-07-29,18,38,adb-observer,1,154.969,final-capture-complete,4,needs_review,3,complete,auction-protocol-v2,67,63,4,0,true,3088905,0.985057,29,3145169,56264,false,true,classifier,true,yolo26n_background_catalog_scored,true,93,0,0,5,13,8,3,6,4,2,3,14,6685,73106,108454.103448,886532,final_total_conflict,mismatched,false,conflict
session_06c2bca1e31679ef,S,2026-07-29,18,39,adb-observer,1,99.078,final-capture-complete,2,complete,3,complete,auction-protocol-v2,32,32,0,0,true,2537017,0.988875,31,2537017,0,true,true,classifier,true,yolo26n_background_catalog_scored,true,119,0,0,6,10,7,8,5,3,4,4,15,1420,60018,81839.258065,364855,reviewed,matched,true,auto_confirmed
session_71389bb7d2c28ede,S,2026-07-29,18,40,adb-observer,1,77.485,final-capture-complete,1,complete_with_identity_review,3,complete,auction-protocol-v2,18,18,0,0,true,5202731,0.987543,43,5202731,0,true,true,classifier,true,yolo26n_background_catalog_scored,true,138,1,0,11,16,12,4,10,8,2,3,20,5567,67435,120993.744186,1080961,reviewed,matched,true,auto_confirmed
session_6ec9c533f87f8a32,S,2026-07-29,18,41,adb-observer,1,230.078,final-capture-complete,5,needs_review,3,complete,auction-protocol-v2,78,78,0,0,true,6784122,0.986566,60,6784122,0,true,true,classifier,true,yolo26n_background_catalog_scored,true,200,1,10,20,10,25,5,11,5,6,11,27,2446,60570.5,113068.7,776546,reviewed,matched,true,auto_confirmed
session_d97fb8e7a5195124,S,2026-07-29,19,42,adb-observer,1,250.828,final-capture-complete,5,needs_review,3,complete,auction-protocol-v2,76,76,0,0,true,4324164,0.981814,52,4324164,0,true,true,classifier,true,yolo26n_background_catalog_scored,true,168,0,2,19,12,14,7,10,9,6,8,19,1814,36824.0,83157.0,776546,reviewed,matched,true,auto_confirmed
session_67cb1eed83f91a48,S,2026-07-29,19,43,adb-observer,1,138.5,final-capture-complete,4,needs_review,3,complete,auction-protocol-v2,57,56,1,0,true,1608597,0.991111,17,1615876,7279,false,true,classifier,true,yolo26n_background_catalog_scored,true,52,1,0,2,6,7,2,3,4,2,4,4,6685,69744,95051.529412,220529,final_total_conflict,mismatched,false,conflict
session_c1859471c9b1f07c,S,2026-07-29,19,44,adb-observer,1,96.641,final-capture-complete,2,complete,3,complete,auction-protocol-v2,33,33,0,0,true,4163679,0.9786,32,4163679,0,true,true,classifier,true,yolo26n_background_catalog_scored,true,100,0,0,5,10,12,5,6,6,2,6,12,1420,79099.5,130114.96875,1293299,reviewed,matched,true,auto_confirmed
session_7802cba8e7c0292d,S,2026-07-29,19,45,adb-observer,1,50.843,final-capture-complete,1,complete,3,complete,auction-protocol-v2,19,18,1,0,true,1007038,0.991987,10,1007038,0,true,true,classifier,true,yolo26n_background_catalog_scored,true,28,0,0,1,3,5,1,4,0,0,3,3,1814,117406.0,100703.8,240927,reviewed,matched,true,auto_confirmed
session_aee6d1522085813e,S,2026-07-29,19,46,adb-observer,1,163.469,final-capture-complete,4,complete,3,complete,auction-protocol-v2,63,63,0,0,true,5343512,0.974232,28,5343512,0,true,true,classifier,true,yolo26n_background_catalog_scored,true,82,0,0,5,11,6,6,11,2,2,0,13,6685,87872.5,190839.714286,1587435,reviewed,matched,true,auto_confirmed
session_cde933025c688bf8,S,2026-07-29,19,47,adb-observer,1,269.735,final-capture-complete,5,needs_review,3,complete,auction-protocol-v2,78,78,0,0,true,6209704,0.992277,58,6724726,515022,false,true,classifier,true,yolo26n_background_catalog_scored,true,163,2,1,10,17,20,11,14,7,7,7,23,1420,75007.5,115943.551724,1561430,final_total_conflict,mismatched,false,conflict
session_6113003dd3aaa01c,S,2026-07-29,19,48,adb-observer,1,227.063,final-capture-complete,5,complete,3,complete,auction-protocol-v2,77,77,0,0,true,5010181,0.995995,39,5010181,0,true,true,classifier,true,yolo26n_background_catalog_scored,true,113,0,0,8,16,8,7,10,5,4,4,16,1814,85093,128466.179487,971708,reviewed,matched,true,auto_confirmed
session_87f4e038226f2f31,S,2026-07-29,19,49,adb-observer,1,49.187,final-capture-complete,1,complete,3,complete,auction-protocol-v2,17,17,0,0,true,2338393,0.978813,20,2338393,0,true,true,classifier,true,yolo26n_background_catalog_scored,true,69,0,0,3,8,6,3,2,1,2,4,11,5567,70270.5,116919.65,776546,reviewed,matched,true,auto_confirmed
session_69c8cd2743d76c52,S,2026-07-29,19,50,adb-observer,1,193.656,final-capture-complete,4,complete,3,complete,auction-protocol-v2,60,59,1,0,true,1211836,0.998536,10,1211836,0,true,true,classifier,true,yolo26n_background_catalog_scored,true,41,0,0,1,4,4,1,2,1,0,1,6,2360,108882.0,121183.6,281034,reviewed,matched,true,auto_confirmed
session_5da8ef9e26017a5e,S,2026-07-29,19,51,adb-observer,1,251.625,final-capture-complete,5,complete,3,complete,auction-protocol-v2,85,78,7,0,true,4508884,0.987069,47,4508884,0,true,true,classifier,true,yolo26n_background_catalog_scored,true,155,0,0,11,15,16,5,5,6,8,5,23,1420,71497,95933.702128,489972,reviewed,matched,true,auto_confirmed
session_e96b598575e39daf,S,2026-07-29,19,52,adb-observer,1,54.625,final-capture-complete,1,complete,3,complete,auction-protocol-v2,17,16,1,0,true,4145550,0.99348,23,4145550,0,true,true,classifier,true,yolo26n_background_catalog_scored,true,65,0,0,3,7,10,3,5,1,4,2,11,9053,110503,180241.304348,1083805,reviewed,matched,true,auto_confirmed
session_a7b8300f6e2e87de,S,2026-07-29,19,53,adb-observer,1,72.219,final-capture-complete,1,needs_review,3,complete,auction-protocol-v2,18,17,1,0,true,4792063,0.983976,58,5291136,499073,false,true,classifier,true,yolo26n_background_catalog_scored,true,185,3,0,15,20,13,10,12,6,10,6,24,1420,51756.0,91226.482759,799999,final_total_conflict,mismatched,false,conflict
session_6a35f987a5f6ebc1,S,2026-07-29,19,54,adb-observer,1,114.094,final-capture-complete,3,complete,3,complete,auction-protocol-v2,49,48,1,0,true,1118588,0.993508,10,1118588,0,true,true,classifier,true,yolo26n_background_catalog_scored,true,27,0,0,1,3,5,1,3,2,0,2,3,7982,77418.5,111858.8,226538,reviewed,matched,true,auto_confirmed
session_776199b7e12f8ce2,S,2026-07-29,19,55,adb-observer,1,178.281,final-capture-complete,4,needs_review,3,complete,auction-protocol-v2,63,63,0,0,true,6590730,0.968002,45,6590730,0,true,true,classifier,true,yolo26n_background_catalog_scored,true,180,1,4,7,14,15,9,8,4,1,6,26,2446,109576,146460.666667,886532,reviewed,matched,true,auto_confirmed
session_37317f65e6e2ef22,S,2026-07-29,19,56,adb-observer,1,77.641,final-capture-complete,1,needs_review,3,complete,auction-protocol-v2,17,17,0,0,true,5353740,0.972916,47,5271994,-81746,false,true,classifier,true,yolo26n_background_catalog_scored,true,167,2,0,9,13,18,7,8,4,2,9,24,2360,69744,112170.085106,886532,final_total_conflict,mismatched,false,conflict
session_06bac308b645ad20,S,2026-07-29,19,57,adb-observer,1,115.047,final-capture-complete,3,complete,3,complete,auction-protocol-v2,53,48,5,0,true,2543112,0.994753,26,2543112,0,true,true,classifier,true,yolo26n_background_catalog_scored,true,86,0,0,5,9,9,3,5,3,2,5,11,1814,77418.5,97812.0,364855,reviewed,matched,true,auto_confirmed
session_408c0ea0dd159462,S,2026-07-29,19,58,adb-observer,1,130.109,final-capture-complete,3,complete,3,complete,auction-protocol-v2,49,48,1,0,true,1464323,0.990378,22,1464323,0,true,true,classifier,true,yolo26n_background_catalog_scored,true,76,0,0,3,8,7,4,4,2,2,1,13,1420,54538.5,66560.136364,221819,reviewed,matched,true,auto_confirmed
session_dd6dbf74f335cd4a,S,2026-07-29,19,59,adb-observer,1,194.531,final-capture-complete,5,needs_review,3,complete,auction-protocol-v2,79,78,1,0,true,2250529,0.991755,31,2250529,0,true,true,classifier,true,yolo26n_background_catalog_scored,true,94,0,1,6,10,10,5,7,1,4,5,14,1814,51756,72597.709677,281034,reviewed,matched,true,auto_confirmed
session_594e1a8123ed6dd1,S,2026-07-29,19,60,adb-observer,1,122.359,final-capture-complete,2,complete,3,complete,auction-protocol-v2,42,31,11,0,true,2447188,0.988215,14,2447188,0,true,true,classifier,true,yolo26n_background_catalog_scored,true,45,0,0,3,5,3,3,4,2,0,4,4,3844,77418.5,174799.142857,1486670,reviewed,matched,true,auto_confirmed
session_724fd7611192f9da,S,2026-07-29,19,61,adb-observer,1,258.859,final-capture-complete,5,complete_with_identity_review,3,complete,auction-protocol-v2,78,77,1,0,true,5149601,0.987887,38,5149601,0,true,true,classifier,true,yolo26n_background_catalog_scored,true,141,1,0,9,15,7,7,6,4,1,8,19,1814,54284.0,135515.815789,1561430,reviewed,matched,true,auto_confirmed
session_d5489bf3ae86462c,S,2026-07-29,20,62,adb-observer,1,193.234,final-capture-complete,5,complete_with_identity_review,3,complete,auction-protocol-v2,77,77,0,0,true,5026932,0.994121,17,5026932,0,true,true,classifier,true,yolo26n_background_catalog_scored,true,49,1,0,3,6,4,4,5,4,0,3,5,1420,98067,295701.882353,2394967,reviewed,matched,true,auto_confirmed
session_2491ad77b5dc9fc3,S,2026-07-29,20,63,adb-observer,1,187.875,final-capture-complete,4,needs_review,3,complete,auction-protocol-v2,65,63,2,0,true,3748253,0.978984,47,3898504,150251,false,true,classifier,true,yolo26n_background_catalog_scored,true,158,1,0,12,13,16,6,9,3,5,4,26,2360,67435,82946.893617,364855,final_total_conflict,mismatched,false,conflict
session_40fa1d078571b686,S,2026-07-29,20,64,adb-observer,1,158.312,final-capture-complete,4,complete,3,complete,auction-protocol-v2,57,56,1,0,true,2674825,0.989103,14,2674825,0,true,true,classifier,true,yolo26n_background_catalog_scored,true,40,0,0,3,3,6,2,2,2,6,1,3,6685,79352.5,191058.928571,1486670,reviewed,matched,true,auto_confirmed
session_7340081acfb75b11,S,2026-07-29,20,65,adb-observer,1,110.359,final-capture-complete,1,complete,3,complete,auction-protocol-v2,18,16,2,0,true,2497261,0.990183,15,2497261,0,true,true,classifier,true,yolo26n_background_catalog_scored,true,48,0,0,2,4,5,4,4,1,1,4,5,3797,93012,166484.066667,1307336,reviewed,matched,true,auto_confirmed
session_ed0e281c8f1d3f59,S,2026-07-29,20,66,adb-observer,1,81.735,final-capture-complete,2,complete,3,complete,auction-protocol-v2,35,33,2,0,true,906472,0.995467,10,906472,0,true,true,classifier,true,yolo26n_background_catalog_scored,true,26,0,0,1,4,4,1,3,0,2,1,4,4507,96413.5,90647.2,225664,reviewed,matched,true,auto_confirmed
session_58f2500273dcb68e,S,2026-07-29,20,67,adb-observer,1,125.579,final-capture-complete,3,needs_review,3,complete,auction-protocol-v2,48,48,0,0,true,3969022,0.992958,41,3931625,-37397,false,true,classifier,true,yolo26n_background_catalog_scored,true,155,0,0,8,13,16,4,4,6,3,4,24,2446,85093,95893.292683,281034,final_total_conflict,mismatched,false,conflict
session_65dadd5d0efddaa1,S,2026-07-29,20,68,adb-observer,1,278.484,final-capture-complete,5,needs_review,3,complete,auction-protocol-v2,77,76,1,0,true,10863407,0.990501,60,10863407,0,true,true,classifier,true,yolo26n_background_catalog_scored,true,189,2,5,14,19,17,10,13,7,6,6,28,1420,73106.0,181056.783333,2557820,reviewed,matched,true,auto_confirmed
session_d159c4d822152fd3,S,2026-07-29,20,69,adb-observer,1,258.266,final-capture-complete,5,complete,3,complete,auction-protocol-v2,78,77,1,0,true,5467358,0.964206,50,5467358,0,true,true,classifier,true,yolo26n_background_catalog_scored,true,170,0,0,10,14,16,10,7,7,5,4,27,1420,68589.5,109347.16,540336,reviewed,matched,true,auto_confirmed
session_3d7b8692a4be85f3,S,2026-07-29,20,70,adb-observer,1,184.203,final-capture-complete,5,needs_review,3,complete,auction-protocol-v2,77,77,0,0,true,3746046,0.977157,31,3746046,0,true,true,classifier,true,yolo26n_background_catalog_scored,true,111,0,1,4,8,13,6,4,4,3,6,14,2360,96008,120840.193548,776546,reviewed,matched,true,auto_confirmed
session_e59d365915c92f69,S,2026-07-29,20,71,adb-observer,1,63.375,final-capture-complete,1,complete,3,complete,auction-protocol-v2,18,17,1,0,true,6997050,0.993898,45,6997050,0,true,true,classifier,true,yolo26n_background_catalog_scored,true,143,0,0,9,13,11,12,8,6,5,11,15,1420,69744,155490.0,1635681,reviewed,matched,true,auto_confirmed
session_27cf8db80bfa7c89,S,2026-07-29,20,72,adb-observer,1,204.328,final-capture-complete,4,needs_review,3,complete,auction-protocol-v2,65,63,2,0,true,9995735,0.980269,56,12442943,2447208,false,true,classifier,true,yolo26n_background_catalog_scored,true,215,1,1,13,15,18,10,5,5,3,8,35,1814,102792.0,222195.410714,2999999,final_total_conflict,mismatched,false,conflict
session_615df7174fcf650c,S,2026-07-29,20,73,adb-observer,1,175.922,final-capture-complete,4,needs_review,3,complete,auction-protocol-v2,63,62,1,0,true,6848238,0.977633,33,6848238,0,true,true,classifier,true,yolo26n_background_catalog_scored,true,92,0,2,8,8,12,5,4,7,9,2,11,2360,85093,207522.363636,2999999,reviewed,matched,true,auto_confirmed
session_206da6aea7a66abd,S,2026-07-29,20,74,adb-observer,1,63.813,final-capture-complete,1,complete,3,complete,auction-protocol-v2,18,18,0,0,true,5534854,0.982652,38,5534854,0,true,true,classifier,true,yolo26n_background_catalog_scored,true,129,0,0,9,17,7,5,9,3,3,9,14,6685,65433.5,145654.052632,1083805,reviewed,matched,true,auto_confirmed
session_bcb99c2cd8fab9c0,S,2026-07-29,20,75,adb-observer,1,225.75,final-capture-complete,5,complete,3,complete,auction-protocol-v2,78,78,0,0,true,4195587,0.976745,32,4195587,0,true,true,classifier,true,yolo26n_background_catalog_scored,true,114,0,0,6,8,14,4,7,2,3,4,16,1814,103197.5,131112.09375,630423,reviewed,matched,true,auto_confirmed
session_6e4f6f729f8a6e5c,S,2026-07-29,20,76,adb-observer,1,178.141,final-capture-complete,4,complete,3,complete,auction-protocol-v2,62,62,0,0,true,4489798,0.982045,30,4489798,0,true,true,classifier,true,yolo26n_background_catalog_scored,true,102,0,0,8,6,11,5,6,2,4,3,15,2446,82918.0,149659.933333,1307336,reviewed,matched,true,auto_confirmed
session_09d1833162dc0551,S,2026-07-29,20,77,adb-observer,1,49.859,final-capture-complete,1,complete,3,complete,auction-protocol-v2,19,18,1,0,true,1246128,0.992735,10,1246128,0,true,true,classifier,true,yolo26n_background_catalog_scored,true,27,0,0,1,4,4,1,2,1,1,3,3,12171,108882.0,124612.8,247007,reviewed,matched,true,auto_confirmed
session_761405cb44a7152d,S,2026-07-29,20,78,adb-observer,1,208.172,final-capture-complete,5,complete,3,complete,auction-protocol-v2,78,78,0,0,true,4950941,0.997574,19,4950941,0,true,true,classifier,true,yolo26n_background_catalog_scored,true,64,0,0,3,8,5,3,4,1,2,3,9,5567,92730,260575.842105,2999999,reviewed,matched,true,auto_confirmed
session_157f69c0baa27194,S,2026-07-29,20,79,adb-observer,1,68.297,final-capture-complete,1,complete,3,complete,auction-protocol-v2,17,17,0,0,true,5214235,0.984145,24,5214235,0,true,true,classifier,true,yolo26n_background_catalog_scored,true,83,0,0,4,7,10,3,5,3,3,3,10,1420,115204.5,217259.791667,1956574,reviewed,matched,true,auto_confirmed
session_c3db744bd18f8145,S,2026-07-29,20,80,adb-observer,1,68.812,final-capture-complete,1,complete_with_identity_review,3,complete,auction-protocol-v2,18,18,0,0,true,5067498,0.987693,23,5067498,0,true,true,classifier,true,yolo26n_background_catalog_scored,true,79,1,0,3,4,11,5,3,3,3,4,10,5567,124560,220326.0,1956574,reviewed,matched,true,auto_confirmed
session_b8bb6d81a34cd2f6,S,2026-07-29,20,81,adb-observer,1,104.594,final-capture-complete,2,needs_review,3,complete,auction-protocol-v2,34,33,1,0,true,2753880,0.972568,39,2716483,-37397,false,true,classifier,true,yolo26n_background_catalog_scored,true,102,0,0,7,14,10,8,10,7,7,1,14,1814,47954,69653.410256,302326,final_total_conflict,mismatched,false,conflict
session_685b41ffb4b8c4ce,S,2026-07-29,21,82,adb-observer,1,186.828,final-capture-complete,5,complete,3,complete,auction-protocol-v2,79,78,1,0,true,2712589,0.995864,24,2712589,0,true,true,classifier,true,yolo26n_background_catalog_scored,true,82,0,0,5,7,9,3,3,6,1,2,12,2446,72301.5,113024.541667,499425,reviewed,matched,true,auto_confirmed
session_babc7fb58c2933bf,S,2026-07-29,21,83,adb-observer,1,137.344,final-capture-complete,3,complete_with_identity_review,3,complete,auction-protocol-v2,48,48,0,0,true,4601952,0.992769,34,4601952,0,true,true,classifier,true,yolo26n_background_catalog_scored,true,122,1,0,5,12,13,4,3,4,2,8,17,2360,77418.5,135351.529412,1080961,reviewed,matched,true,auto_confirmed
session_5a04e0d591dfbcb3,S,2026-07-29,21,84,adb-observer,1,101.75,final-capture-complete,2,complete,3,complete,auction-protocol-v2,33,33,0,0,true,4431532,0.993972,27,4431532,0,true,true,classifier,true,yolo26n_background_catalog_scored,true,89,0,0,7,6,9,5,7,4,2,1,13,5567,70278,164130.814815,1561430,reviewed,matched,true,auto_confirmed
session_f515360a7dea0294,S,2026-07-29,21,85,adb-observer,1,164.344,final-capture-complete,4,complete,3,complete,auction-protocol-v2,63,63,0,0,true,2480637,0.994554,21,2480637,0,true,true,classifier,true,yolo26n_background_catalog_scored,true,76,0,0,6,7,4,4,4,2,1,3,11,1814,61123,118125.571429,971708,reviewed,matched,true,auto_confirmed
session_cbc912b15dbe7bae,S,2026-07-29,21,86,adb-observer,1,50.562,final-capture-complete,1,complete,3,complete,auction-protocol-v2,18,17,1,0,true,945168,0.989886,10,945168,0,true,true,classifier,true,yolo26n_background_catalog_scored,true,38,0,0,2,4,3,1,1,0,1,2,6,3747,70175.5,94516.8,281034,reviewed,matched,true,auto_confirmed
session_b18d9e9811240f48,S,2026-07-29,21,87,adb-observer,1,234.375,final-capture-complete,5,needs_review,3,complete,auction-protocol-v2,77,76,1,0,true,5243523,0.983213,42,5243523,0,true,true,classifier,true,yolo26n_background_catalog_scored,true,135,0,3,7,17,13,5,8,3,6,10,15,3747,88911.5,124845.785714,1635681,reviewed,matched,true,auto_confirmed
session_ef732b595ca88973,S,2026-07-29,21,88,adb-observer,1,176.266,final-capture-complete,4,complete,3,complete,auction-protocol-v2,63,62,1,0,true,4722918,0.993536,34,4722918,0,true,true,classifier,true,yolo26n_background_catalog_scored,true,116,0,0,11,11,7,5,8,2,4,3,17,2360,47954.0,138909.352941,1635681,reviewed,matched,true,auto_confirmed
session_437ef904043289eb,S,2026-07-29,21,89,adb-observer,1,117.359,final-capture-complete,3,complete,3,complete,auction-protocol-v2,47,47,0,0,true,3514368,0.974875,27,3514368,0,true,true,classifier,true,yolo26n_background_catalog_scored,true,86,0,0,5,8,12,2,3,5,5,3,11,2446,106949,130161.777778,886532,reviewed,matched,true,auto_confirmed
session_b82e714d504063b0,S,2026-07-29,21,90,adb-observer,1,115.75,final-capture-complete,2,needs_review,3,complete,auction-protocol-v2,33,33,0,0,true,6322084,0.996006,61,8300147,1978063,false,true,classifier,true,yolo26n_background_catalog_scored,true,183,3,0,15,23,15,8,16,5,7,8,25,1814,67435,136067.983607,1635681,final_total_conflict,mismatched,false,conflict
session_829296c3269cf920,S,2026-07-29,21,91,adb-observer,1,100.172,final-capture-complete,2,needs_review,3,complete,auction-protocol-v2,32,32,0,0,true,4038769,0.954843,18,4046048,7279,false,true,classifier,true,yolo26n_background_catalog_scored,true,53,2,0,3,6,5,4,6,3,1,3,5,3844,47008.5,224780.444444,2557820,final_total_conflict,mismatched,false,conflict
session_df2e1d0f8c363572,S,2026-07-29,21,92,adb-observer,1,116.859,final-capture-complete,2,needs_review,3,complete,auction-protocol-v2,33,33,0,0,true,8217157,0.993301,48,8981532,764375,false,true,classifier,true,yolo26n_background_catalog_scored,true,157,2,1,11,18,9,10,10,9,3,3,23,2446,73106.0,187115.25,3061687,final_total_conflict,mismatched,false,conflict
session_e00006eea28c1ca1,S,2026-07-29,21,93,adb-observer,1,200.625,final-capture-complete,4,complete,3,complete,auction-protocol-v2,62,62,0,0,true,3141090,0.996751,35,3141090,0,true,true,classifier,true,yolo26n_background_catalog_scored,true,106,0,0,4,14,11,6,7,2,5,1,20,2446,71497,89745.428571,364855,reviewed,matched,true,auto_confirmed
session_48bc813e03cb96b1,S,2026-07-29,21,94,adb-observer,1,126.907,final-capture-complete,3,needs_review,3,complete,auction-protocol-v2,47,47,0,0,true,2260291,0.993339,26,2265962,5671,false,true,classifier,true,yolo26n_background_catalog_scored,true,93,0,0,5,10,8,3,4,4,0,6,12,1814,72301.5,87152.384615,281034,final_total_conflict,mismatched,false,conflict
session_bb322de2bc1743bd,S,2026-07-29,21,95,adb-observer,1,53.297,final-capture-complete,1,complete,3,complete,auction-protocol-v2,19,18,1,0,true,1880123,0.990278,19,1880123,0,true,true,classifier,true,yolo26n_background_catalog_scored,true,66,0,0,2,8,6,3,5,2,1,1,10,3747,102347,98953.842105,225664,reviewed,matched,true,auto_confirmed
session_17c93442f6c98feb,S,2026-07-29,21,96,adb-observer,1,55.313,final-capture-complete,1,needs_review,3,complete,auction-protocol-v2,19,18,1,0,true,4251007,0.993356,32,4256678,5671,false,true,classifier,true,yolo26n_background_catalog_scored,true,127,0,0,3,9,15,5,2,4,3,6,17,3797,128176.0,133021.1875,364855,final_total_conflict,mismatched,false,conflict
session_369069fc17f9587e,S,2026-07-29,21,97,adb-observer,1,177.11,final-capture-complete,4,complete,3,complete,auction-protocol-v2,63,63,0,0,true,5316640,0.982109,43,5316640,0,true,true,classifier,true,yolo26n_background_catalog_scored,true,147,0,0,7,16,11,9,9,5,5,1,23,2360,79737,123642.790698,992601,reviewed,matched,true,auto_confirmed
session_9740bc1915238f32,S,2026-07-29,21,98,adb-observer,1,198.266,final-capture-complete,4,needs_review,3,complete,auction-protocol-v2,63,62,1,0,true,6355705,0.966694,40,5878665,-477040,false,true,classifier,true,yolo26n_background_catalog_scored,true,117,1,0,8,12,12,8,7,5,8,3,17,1420,76421.5,146966.625,2539483,final_total_conflict,mismatched,false,conflict
session_0cf62ff277324e8f,S,2026-07-29,21,99,adb-observer,1,174.61,final-capture-complete,4,complete,3,complete,auction-protocol-v2,64,56,8,0,true,977516,0.989581,11,977516,0,true,true,classifier,true,yolo26n_background_catalog_scored,true,34,0,0,2,4,3,2,2,2,1,2,4,3747,69744,88865.090909,183981,reviewed,matched,true,auto_confirmed
session_27fbd155b564ef1e,S,2026-07-29,21,100,adb-observer,1,209.39,final-capture-complete,5,complete,3,complete,auction-protocol-v2,77,77,0,0,true,5309814,0.989286,32,5309814,0,true,true,classifier,true,yolo26n_background_catalog_scored,true,107,0,0,6,9,12,5,6,6,1,6,13,1420,79099.5,165931.6875,2539483,reviewed,matched,true,auto_confirmed
session_300bc6dfb49c35b3,S,2026-07-29,21,101,adb-observer,1,223.547,protocol-settlement-complete,5,needs_review,3,complete,auction-protocol-v2,78,77,1,0,true,3092460,0.986312,37,3184210,91750,false,true,classifier,true,yolo26n_background_catalog_scored,true,100,3,0,14,10,8,5,13,4,4,5,11,1814,51756,86059.72973,540336,final_total_conflict,mismatched,false,conflict
session_76ee82f401a33fc8,S,2026-07-29,21,102,adb-observer,1,85.485,final-capture-complete,2,complete,3,complete,auction-protocol-v2,32,32,0,0,true,3331197,0.989062,10,3331197,0,true,true,classifier,true,yolo26n_background_catalog_scored,true,35,0,0,1,4,3,2,1,1,2,1,5,3747,79042.5,333119.7,2539483,reviewed,matched,true,auto_confirmed
session_a94c78e7073aba93,S,2026-07-29,22,103,adb-observer,1,108.266,final-capture-complete,3,complete,3,complete,auction-protocol-v2,49,48,1,0,true,2769714,0.984295,18,2769714,0,true,true,classifier,true,yolo26n_background_catalog_scored,true,55,0,0,2,5,7,4,5,3,2,4,4,3797,95539.5,153873.0,799999,reviewed,matched,true,auto_confirmed
session_727e3f6944be3850,S,2026-07-29,22,104,adb-observer,1,197.843,final-capture-complete,5,complete,3,complete,auction-protocol-v2,78,78,0,0,true,2675123,0.997481,21,2675123,0,true,true,classifier,true,yolo26n_background_catalog_scored,true,74,0,0,3,7,10,1,4,2,1,4,10,2446,131792,127386.809524,302326,reviewed,matched,true,auto_confirmed
session_6bcdac634b28a0d6,S,2026-07-29,22,105,adb-observer,1,83.031,final-capture-complete,1,complete,3,complete,auction-protocol-v2,18,18,0,0,true,5124590,0.985236,45,5124590,0,true,true,classifier,true,yolo26n_background_catalog_scored,true,165,0,0,5,18,16,6,6,3,4,7,25,1420,96819,113879.777778,630423,reviewed,matched,true,auto_confirmed
session_9e60c8691d8a8899,S,2026-07-29,22,106,adb-observer,1,80.766,final-capture-complete,1,complete,3,complete,auction-protocol-v2,20,20,0,0,true,4887704,0.976241,45,4887704,0,true,true,classifier,true,yolo26n_background_catalog_scored,true,155,0,0,7,15,17,6,5,8,5,4,23,2360,69744,108615.644444,878245,reviewed,matched,true,auto_confirmed
session_1513b2413c382a84,S,2026-07-29,22,107,adb-observer,1,219.813,keyboard-interrupt,1,,,complete,auction-protocol-v2,30,29,1,0,true,,,,,,,,,,,,,,,0,0,0,0,0,0,0,0,0,,,,,,,,
session_5f55d846b8c645e7,S,2026-07-29,22,1,adb-observer,1,47.5,final-capture-complete,1,complete,3,complete,auction-protocol-v2,18,16,2,0,true,1199168,0.999541,11,1199168,0,true,true,classifier,true,yolo26n_background_catalog_scored,true,32,0,0,1,4,5,1,3,1,0,0,7,7982,79737,109015.272727,281034,reviewed,matched,true,auto_confirmed
session_707e5920df5fdc64,S,2026-07-29,22,2,adb-observer,1,216.063,final-capture-complete,5,needs_review,3,complete,auction-protocol-v2,77,76,1,0,true,3581598,0.993906,37,3581598,0,true,true,classifier,true,yolo26n_background_catalog_scored,true,121,0,2,8,13,12,4,7,3,2,8,17,2360,69744,96799.945946,302326,reviewed,matched,true,auto_confirmed
session_a45c5ee9112f61e5,S,2026-07-29,22,3,adb-observer,1,900.266,max-seconds,3,,,partial,auction-protocol-v2,64,60,4,0,false,,,,,,,,,,,,,,,0,0,0,0,0,0,0,0,0,,,,,,,,
session_8560bfad90910050,S,2026-07-29,22,1,adb-observer,1,215.844,final-capture-complete,3,complete,3,complete,auction-protocol-v2,51,45,6,0,true,5972340,0.991061,60,5972340,0,true,true,classifier,true,yolo26n_background_catalog_scored,true,174,0,0,16,18,18,8,21,5,3,5,26,2446,55887.0,99539.0,799999,reviewed,matched,true,auto_confirmed
session_8acc921cae3617fc,S,2026-07-29,22,2,adb-observer,1,186.0,final-capture-complete,4,needs_review,3,complete,auction-protocol-v2,63,62,1,0,true,2346988,0.99276,31,2354267,7279,false,true,classifier,true,yolo26n_background_catalog_scored,true,113,1,0,7,8,12,4,5,1,3,4,18,2446,61123,75944.096774,226538,final_total_conflict,mismatched,false,conflict
session_ac8cd3df36d5b37c,S,2026-07-29,22,3,adb-observer,1,120.078,final-capture-complete,3,complete,3,complete,auction-protocol-v2,48,48,0,0,true,927611,0.996754,10,927611,0,true,true,classifier,true,yolo26n_background_catalog_scored,true,37,0,0,1,3,5,1,2,0,1,0,7,9053,68856.5,92761.1,247007,reviewed,matched,true,auto_confirmed
session_4271ff214d59438f,S,2026-07-29,23,4,adb-observer,1,50.562,final-capture-complete,1,complete,3,complete,auction-protocol-v2,19,18,1,0,true,5063720,0.979159,15,5063720,0,true,true,classifier,true,yolo26n_background_catalog_scored,true,48,0,0,2,4,5,4,4,1,1,1,8,2446,98067,337581.333333,3061687,reviewed,matched,true,auto_confirmed
session_7a523798c824ced3,S,2026-07-29,23,5,adb-observer,1,93.562,final-capture-complete,1,complete_with_identity_review,3,complete,auction-protocol-v2,18,18,0,0,true,4364062,0.989886,38,4364062,0,true,true,classifier,true,yolo26n_background_catalog_scored,true,118,2,0,6,11,14,7,10,4,2,6,16,7982,69466.0,114843.736842,713390,reviewed,matched,true,auto_confirmed
session_6eb27ab52c28ecb0,S,2026-07-29,23,6,adb-observer,1,53.438,final-capture-complete,1,complete,3,complete,auction-protocol-v2,18,18,0,0,true,939753,0.978356,11,939753,0,true,true,classifier,true,yolo26n_background_catalog_scored,true,30,0,0,3,4,3,1,2,1,1,3,4,3844,67435,85432.090909,281034,reviewed,matched,true,auto_confirmed
session_cf91d16d10bc9cce,S,2026-07-29,23,7,adb-observer,1,192.203,final-capture-complete,4,complete_with_identity_review,3,complete,auction-protocol-v2,62,62,0,0,true,6521635,0.976489,54,6521635,0,true,true,classifier,true,yolo26n_background_catalog_scored,true,157,1,0,7,20,18,9,13,8,3,2,28,1420,71692.0,120771.018519,878245,reviewed,matched,true,auto_confirmed
session_ef20a20797e38aba,S,2026-07-29,23,8,adb-observer,1,196.422,final-capture-complete,5,complete,3,complete,auction-protocol-v2,77,77,0,0,true,4010176,0.986835,17,4010176,0,true,true,classifier,true,yolo26n_background_catalog_scored,true,51,0,0,1,6,7,3,5,1,0,2,9,3844,71497,235892.705882,2539483,reviewed,matched,true,auto_confirmed
session_8e0e7c5bae2fd656,S,2026-07-29,23,9,adb-observer,1,227.437,final-capture-complete,4,complete,3,complete,auction-protocol-v2,62,62,0,0,true,4292129,0.996697,32,4292129,0,true,true,classifier,true,yolo26n_background_catalog_scored,true,119,0,0,2,14,11,5,2,4,4,8,14,6271,73106.0,134129.03125,992601,reviewed,matched,true,auto_confirmed
session_7afee8aa9b254954,S,2026-07-29,23,10,adb-observer,1,289.25,final-capture-complete,5,complete_with_identity_review,3,complete,auction-protocol-v2,68,67,1,0,true,5141416,0.999291,41,5141416,0,true,true,classifier,true,yolo26n_background_catalog_scored,true,130,1,0,7,12,13,9,11,3,3,8,16,2360,85093,125400.390244,1083805,reviewed,matched,true,auto_confirmed
session_1449257aaa275fda,S,2026-07-29,23,11,adb-observer,1,182.359,final-capture-complete,5,complete,3,complete,auction-protocol-v2,79,77,2,0,true,2449702,0.989495,20,2449702,0,true,true,classifier,true,yolo26n_background_catalog_scored,true,60,0,0,3,7,8,2,6,2,1,3,8,2446,77418.5,122485.1,799999,reviewed,matched,true,auto_confirmed
session_aba107279b98360e,S,2026-07-29,23,12,adb-observer,1,267.735,final-capture-complete,5,complete,3,complete,auction-protocol-v2,79,77,2,0,true,5138138,0.98051,43,5138138,0,true,true,classifier,true,yolo26n_background_catalog_scored,true,135,0,0,9,18,11,5,11,5,1,7,19,2446,69744,119491.581395,1083805,reviewed,matched,true,auto_confirmed
session_82dcc8bb106615e5,S,2026-07-29,23,13,adb-observer,1,74.641,final-capture-complete,1,needs_review,3,complete,auction-protocol-v2,18,17,1,0,true,5836905,0.986236,42,5766627,-70278,false,true,classifier,true,yolo26n_background_catalog_scored,true,145,0,0,10,11,16,5,10,2,4,3,23,2360,96819.0,137300.642857,992601,final_total_conflict,mismatched,false,conflict
session_3eb0d5ef49c1aba5,S,2026-07-29,23,14,adb-observer,1,256.5,final-capture-complete,5,needs_review,3,complete,auction-protocol-v2,82,80,2,0,true,4976853,0.992718,54,5462318,485465,false,true,classifier,true,yolo26n_background_catalog_scored,true,177,1,0,15,13,15,11,12,6,5,8,23,3747,60018.0,101154.037037,659511,final_total_conflict,mismatched,false,conflict
session_ab3eb4588e73a88c,S,2026-07-29,23,15,adb-observer,1,119.531,final-capture-complete,3,complete,3,complete,auction-protocol-v2,46,45,1,0,true,3116304,0.974783,12,3116304,0,true,true,classifier,true,yolo26n_background_catalog_scored,true,52,0,0,2,4,4,2,1,1,1,2,7,5567,101757.5,259692.0,1956574,reviewed,matched,true,auto_confirmed
session_c67bd58d66fce0a5,S,2026-07-29,23,16,adb-observer,1,68.016,final-capture-complete,1,needs_review,3,complete,auction-protocol-v2,18,17,1,0,true,4352551,0.989877,46,4784934,432383,false,true,classifier,true,yolo26n_background_catalog_scored,true,149,1,0,6,17,17,6,6,6,6,11,17,1420,76421.5,104020.304348,438654,final_total_conflict,mismatched,false,conflict
session_40b17a19dfa775e5,S,2026-07-30,0,1,adb-observer,1,220.656,final-capture-complete,5,complete,3,complete,auction-protocol-v2,79,77,2,0,true,2883521,0.991018,12,2883521,0,true,true,classifier,true,yolo26n_background_catalog_scored,true,41,0,0,3,3,4,2,1,1,3,2,5,2360,70270.5,240293.416667,1733281,reviewed,matched,true,auto_confirmed
session_d7a2a78ab21fa541,S,2026-07-30,0,2,adb-observer,1,171.5,final-capture-complete,5,complete,3,complete,auction-protocol-v2,78,78,0,0,true,2166468,0.97872,23,2166468,0,true,true,classifier,true,yolo26n_background_catalog_scored,true,71,0,0,2,7,7,7,7,1,1,6,8,2360,51756,94194.26087,452757,reviewed,matched,true,auto_confirmed
session_d415a7b3e8ad85fc,S,2026-07-30,0,3,adb-observer,1,143.859,final-capture-complete,4,complete,3,complete,auction-protocol-v2,63,63,0,0,true,1143154,0.999462,13,1143154,0,true,true,classifier,true,yolo26n_background_catalog_scored,true,45,0,0,3,4,4,2,2,1,0,2,8,3844,85093,87934.923077,281034,reviewed,matched,true,auto_confirmed
session_98e8788200a6f866,S,2026-07-30,0,4,adb-observer,1,203.0,final-capture-complete,5,needs_review,3,complete,auction-protocol-v2,78,78,0,0,true,5567913,0.972858,28,5567913,0,true,true,classifier,true,yolo26n_background_catalog_scored,true,115,1,1,4,11,9,4,5,5,0,4,14,1420,87726.5,198854.035714,3061687,reviewed,matched,true,auto_confirmed
session_3b12fc943eb36ef3,S,2026-07-30,0,5,adb-observer,1,126.282,final-capture-complete,3,needs_review,3,complete,auction-protocol-v2,47,47,0,0,true,1521504,0.998987,15,1379740,-141764,false,true,classifier,true,yolo26n_background_catalog_scored,true,48,0,0,2,6,5,2,3,1,1,2,8,3747,109576,91982.666667,281034,final_total_conflict,mismatched,false,conflict
session_610c0d0b1ff38b6e,S,2026-07-30,0,6,adb-observer,1,193.485,final-capture-complete,4,needs_review,3,complete,auction-protocol-v2,67,63,4,0,true,6636803,0.977432,55,7122268,485465,false,true,classifier,true,yolo26n_background_catalog_scored,true,185,1,5,5,25,18,7,7,8,5,8,27,2360,96008,129495.781818,1561430,final_total_conflict,mismatched,false,conflict
session_c7795527b5227523,S,2026-07-30,0,7,adb-observer,1,132.703,final-capture-complete,3,complete,3,complete,auction-protocol-v2,51,47,4,0,true,8686899,0.972614,44,8686899,0,true,true,classifier,true,yolo26n_background_catalog_scored,true,128,0,0,8,9,16,11,9,2,9,7,17,2446,102508.0,197429.522727,2394967,reviewed,matched,true,auto_confirmed
session_7b62a563f1ab4948,S,2026-07-30,0,8,adb-observer,1,151.422,final-capture-complete,4,complete,3,complete,auction-protocol-v2,63,63,0,0,true,2352961,0.99928,23,2352961,0,true,true,classifier,true,yolo26n_background_catalog_scored,true,79,0,0,3,8,7,5,5,4,2,2,10,2360,79737,102302.652174,381262,reviewed,matched,true,auto_confirmed
session_9ea327b9ea48f5a4,S,2026-07-30,0,9,adb-observer,1,211.797,final-capture-complete,5,complete,3,complete,auction-protocol-v2,83,78,5,0,true,5174271,0.997765,25,5174271,0,true,true,classifier,true,yolo26n_background_catalog_scored,true,83,0,0,2,9,9,5,3,4,2,5,11,2360,79737,206970.84,2394967,reviewed,matched,true,auto_confirmed
session_ed5e30fba42d6d82,S,2026-07-30,0,10,adb-observer,1,172.328,final-capture-complete,5,complete,3,complete,auction-protocol-v2,79,78,1,0,true,5347094,0.979603,25,5347094,0,true,true,classifier,true,yolo26n_background_catalog_scored,true,79,0,0,6,6,6,7,5,4,2,5,9,3797,47954,213883.76,2685114,reviewed,matched,true,auto_confirmed
session_c3eb7467c28b25d3,S,2026-07-30,0,11,adb-observer,1,46.265,final-capture-complete,1,complete,3,complete,auction-protocol-v2,20,18,2,0,true,1085848,0.989816,10,1085848,0,true,true,classifier,true,yolo26n_background_catalog_scored,true,29,0,0,1,4,4,1,3,0,1,0,6,7279,105961.5,108584.8,281034,reviewed,matched,true,auto_confirmed
session_b1f62de718920d11,S,2026-07-30,0,12,adb-observer,1,123.078,final-capture-complete,3,complete,3,complete,auction-protocol-v2,54,45,9,0,true,3052681,0.990761,32,3052681,0,true,true,classifier,true,yolo26n_background_catalog_scored,true,92,0,0,4,8,14,6,8,2,6,5,11,2360,71692.0,95396.28125,281034,reviewed,matched,true,auto_confirmed
session_18768a589b777e52,S,2026-07-30,0,13,adb-observer,1,142.734,final-capture-complete,3,needs_review,3,complete,auction-protocol-v2,49,48,1,0,true,1148647,0.996721,13,1155926,7279,false,true,classifier,true,yolo26n_background_catalog_scored,true,32,1,0,2,3,6,2,5,2,0,2,4,7279,70278,88917.384615,240927,final_total_conflict,mismatched,false,conflict
session_4e9afad3622e4840,S,2026-07-30,0,14,adb-observer,1,215.625,final-capture-complete,5,needs_review,3,complete,auction-protocol-v2,81,78,3,0,true,6248318,0.991118,61,6255417,7099,false,true,classifier,true,yolo26n_background_catalog_scored,true,188,2,0,12,15,22,12,14,8,5,13,21,1814,71497,102547.819672,878245,final_total_conflict,mismatched,false,conflict
session_871b92a71fb7caa7,S,2026-07-30,0,15,adb-observer,1,135.016,final-capture-complete,3,complete,3,complete,auction-protocol-v2,47,47,0,0,true,4619349,0.993283,28,4619349,0,true,true,classifier,true,yolo26n_background_catalog_scored,true,89,0,0,5,8,9,6,7,2,3,3,13,2360,71692.0,164976.75,2557820,reviewed,matched,true,auto_confirmed
session_acf9db39a72ed392,S,2026-07-30,0,16,adb-observer,1,112.188,final-capture-complete,3,complete,3,complete,auction-protocol-v2,47,44,3,0,true,4379183,0.993277,21,4379183,0,true,true,classifier,true,yolo26n_background_catalog_scored,true,65,0,0,5,6,7,3,3,4,1,4,9,2446,60018,208532.52381,2685114,reviewed,matched,true,auto_confirmed
session_8c19c1b40d0c7fc1,S,2026-07-30,0,17,adb-observer,1,215.344,final-capture-complete,5,complete,3,complete,auction-protocol-v2,71,70,1,0,true,1675124,0.99945,16,1675124,0,true,true,classifier,true,yolo26n_background_catalog_scored,true,54,0,0,2,5,7,2,1,3,2,4,6,6271,97443.0,104695.25,281034,reviewed,matched,true,auto_confirmed
session_8baa8979d460c1ee,S,2026-07-30,0,18,adb-observer,1,57.172,final-capture-complete,1,complete,3,complete,auction-protocol-v2,18,18,0,0,true,739629,0.993472,10,739629,0,true,true,classifier,true,yolo26n_background_catalog_scored,true,33,0,0,3,3,3,1,2,0,0,1,7,2446,39574.0,73962.9,224110,reviewed,matched,true,auto_confirmed
session_8d4ddd5187b5d77b,S,2026-07-30,0,19,adb-observer,1,66.547,final-capture-complete,1,complete,3,complete,auction-protocol-v2,18,18,0,0,true,4911157,0.999308,46,4911157,0,true,true,classifier,true,yolo26n_background_catalog_scored,true,136,0,0,10,16,16,4,14,3,4,6,19,2446,49855.0,106764.282609,886532,reviewed,matched,true,auto_confirmed
session_a3ff1bdcaab57cb5,S,2026-07-30,1,20,adb-observer,1,187.391,final-capture-complete,4,needs_review,3,complete,auction-protocol-v2,63,63,0,0,true,4783369,0.969592,60,4783369,0,true,true,classifier,true,yolo26n_background_catalog_scored,true,179,0,6,17,25,14,4,15,8,6,10,21,1420,69744.0,79722.816667,283538,reviewed,matched,true,auto_confirmed
session_5d4deec919e7dee8,S,2026-07-30,1,21,adb-observer,1,192.922,final-capture-complete,5,complete,3,complete,auction-protocol-v2,78,77,1,0,true,4854513,0.990086,33,4854513,0,true,true,classifier,true,yolo26n_background_catalog_scored,true,113,0,0,7,13,8,5,6,5,2,6,14,2360,79737,147106.454545,1956574,reviewed,matched,true,auto_confirmed
session_d6334f5a09d619a9,S,2026-07-30,1,22,adb-observer,1,53.75,final-capture-complete,1,complete,3,complete,auction-protocol-v2,17,17,0,0,true,3552897,0.985261,19,3552897,0,true,true,classifier,true,yolo26n_background_catalog_scored,true,65,0,0,2,7,7,3,3,4,2,2,8,6685,96819,186994.578947,1878833,reviewed,matched,true,auto_confirmed
session_20024c47af01d7ee,S,2026-07-30,1,23,adb-observer,1,174.453,final-capture-complete,4,complete,3,complete,auction-protocol-v2,63,63,0,0,true,4999353,0.981497,32,4999353,0,true,true,classifier,true,yolo26n_background_catalog_scored,true,114,0,0,8,11,8,5,4,5,4,5,14,3797,76421.5,156229.78125,1956574,reviewed,matched,true,auto_confirmed
session_239d0a8bce543c60,S,2026-07-30,1,24,adb-observer,1,56.562,final-capture-complete,1,complete,3,complete,auction-protocol-v2,17,17,0,0,true,1263760,0.975861,14,1263760,0,true,true,classifier,true,yolo26n_background_catalog_scored,true,36,0,0,2,4,6,2,4,3,1,0,6,2360,64279.0,90268.571429,226538,reviewed,matched,true,auto_confirmed
session_c69ae1bca2cffd20,S,2026-07-30,1,25,adb-observer,1,171.828,final-capture-complete,4,complete,3,complete,auction-protocol-v2,65,63,2,0,true,5336918,0.980402,29,5336918,0,true,true,classifier,true,yolo26n_background_catalog_scored,true,100,0,0,6,10,9,4,7,3,2,2,15,9053,92730,184031.655172,1878833,reviewed,matched,true,auto_confirmed
session_95c950ee0efcf9b8,S,2026-07-30,1,26,adb-observer,1,119.453,final-capture-complete,3,complete,3,complete,auction-protocol-v2,50,48,2,0,true,2933207,0.995482,22,2933207,0,true,true,classifier,true,yolo26n_background_catalog_scored,true,73,0,0,2,12,6,2,4,1,2,3,12,6685,97037.5,133327.590909,886532,reviewed,matched,true,auto_confirmed
session_03baa1622b55e402,S,2026-07-30,1,27,adb-observer,1,126.422,final-capture-complete,3,complete,3,complete,auction-protocol-v2,47,46,1,0,true,3099808,0.98719,18,3099808,0,true,true,classifier,true,yolo26n_background_catalog_scored,true,64,0,0,2,5,8,3,4,1,0,4,9,3797,82415.0,172211.555556,1307336,reviewed,matched,true,auto_confirmed
session_79aac62c6c84c7e3,S,2026-07-30,1,28,adb-observer,1,193.14,final-capture-complete,5,complete_with_identity_review,3,complete,auction-protocol-v2,81,78,3,0,true,5576440,0.989331,35,5576440,0,true,true,classifier,true,yolo26n_background_catalog_scored,true,111,1,0,4,11,14,6,5,5,4,7,14,1420,109576,159326.857143,1307336,reviewed,matched,true,auto_confirmed
session_9313955f503cd82a,S,2026-07-30,1,29,adb-observer,1,291.484,final-capture-complete,5,complete_with_identity_review,3,complete,auction-protocol-v2,77,74,3,0,true,6069508,0.969486,36,6069508,0,true,true,classifier,true,yolo26n_background_catalog_scored,true,121,1,0,10,11,10,5,7,5,2,7,15,3797,72301.5,168597.444444,2557820,reviewed,matched,true,auto_confirmed
session_ac6194f657abf8ac,S,2026-07-30,1,30,adb-observer,1,175.328,final-capture-complete,4,complete,3,complete,auction-protocol-v2,64,62,2,0,true,4435192,0.989785,38,4435192,0,true,true,classifier,true,yolo26n_background_catalog_scored,true,135,0,0,7,14,12,5,7,4,3,6,18,2360,65433.5,116715.578947,1083805,reviewed,matched,true,auto_confirmed
session_0088cafd0eb5f3c8,S,2026-07-30,1,31,adb-observer,1,207.922,final-capture-complete,5,needs_review,3,complete,auction-protocol-v2,83,76,7,0,true,3063734,0.981727,17,3063734,0,true,true,classifier,true,yolo26n_background_catalog_scored,true,50,0,1,2,4,8,3,3,4,2,2,6,9053,106949,180219.647059,878245,reviewed,matched,true,auto_confirmed
session_ae01cefa84e771fc,S,2026-07-30,1,32,adb-observer,1,202.703,final-capture-complete,5,complete,3,complete,auction-protocol-v2,79,78,1,0,true,5163615,0.981893,41,5163615,0,true,true,classifier,true,yolo26n_background_catalog_scored,true,159,0,0,7,16,13,5,3,2,7,6,23,3747,93012,125941.829268,971708,reviewed,matched,true,auto_confirmed
session_da948f21ec5dd3ba,S,2026-07-30,1,33,adb-observer,1,148.375,final-capture-complete,4,complete,3,complete,auction-protocol-v2,62,62,0,0,true,4099271,0.995973,21,4099271,0,true,true,classifier,true,yolo26n_background_catalog_scored,true,84,0,0,3,7,6,5,3,2,1,3,12,1420,110503,195203.380952,1293299,reviewed,matched,true,auto_confirmed
session_fa665e82ab7fa139,S,2026-07-30,1,34,adb-observer,1,158.078,final-capture-complete,4,complete,3,complete,auction-protocol-v2,63,63,0,0,true,5977418,0.993734,42,5977418,0,true,true,classifier,true,yolo26n_background_catalog_scored,true,139,0,0,10,12,14,6,8,3,5,10,16,1420,69744.0,142319.47619,1878833,reviewed,matched,true,auto_confirmed
session_95c76b79e5ba9afe,S,2026-07-30,1,35,adb-observer,1,78.421,final-capture-complete,2,complete,3,complete,auction-protocol-v2,32,32,0,0,true,615519,0.993901,10,615519,0,true,true,classifier,true,yolo26n_background_catalog_scored,true,21,0,0,2,4,3,1,3,4,0,1,2,1814,65700.5,61551.9,124560,reviewed,matched,true,auto_confirmed
session_121b52bd164e7547,S,2026-07-30,1,36,adb-observer,1,219.25,final-capture-complete,4,complete,3,complete,auction-protocol-v2,64,61,3,0,true,2924581,0.995701,18,2924581,0,true,true,classifier,true,yolo26n_background_catalog_scored,true,57,0,0,5,4,6,3,4,1,3,0,10,2446,54538.5,162476.722222,1587435,reviewed,matched,true,auto_confirmed
session_f94652b8b6c84065,S,2026-07-30,1,37,adb-observer,1,178.469,final-capture-complete,4,needs_review,3,complete,auction-protocol-v2,65,63,2,0,true,5828607,0.981633,51,8826246,2997639,false,true,classifier,true,yolo26n_background_catalog_scored,true,184,2,1,8,16,14,13,8,7,3,9,24,1420,70278,173063.647059,2999999,final_total_conflict,mismatched,false,conflict
session_997545e229428ac5,S,2026-07-30,1,38,adb-observer,1,158.454,final-capture-complete,4,needs_review,3,complete,auction-protocol-v2,62,62,0,0,true,3339022,0.974083,32,3339022,0,true,true,classifier,true,yolo26n_background_catalog_scored,true,94,0,1,3,8,16,5,7,4,3,4,14,1814,89052.5,104344.4375,489972,reviewed,matched,true,auto_confirmed
session_0be69e1de6bdfd2b,S,2026-07-30,2,39,adb-observer,1,76.579,final-capture-complete,1,needs_review,3,complete,auction-protocol-v2,20,18,2,0,true,5496690,0.985848,57,6780340,1283650,false,true,classifier,true,yolo26n_background_catalog_scored,true,170,3,0,15,17,16,9,13,7,11,7,19,3844,69744,118953.333333,799999,final_total_conflict,mismatched,false,conflict
session_4316bacb08cd9a9f,S,2026-07-30,2,40,adb-observer,1,69.328,final-capture-complete,1,needs_review,3,complete,auction-protocol-v2,19,18,1,0,true,5093588,0.960059,54,5978306,884718,false,true,classifier,true,yolo26n_background_catalog_scored,true,172,1,0,9,24,15,6,11,4,6,12,21,2446,71692.0,110709.37037,886532,final_total_conflict,mismatched,false,conflict
session_45c84665836d1c5b,S,2026-07-30,2,41,adb-observer,1,47.156,final-capture-complete,1,complete,3,complete,auction-protocol-v2,20,18,2,0,true,1164486,0.989666,12,1164486,0,true,true,classifier,true,yolo26n_background_catalog_scored,true,37,0,0,2,5,4,1,3,1,1,3,4,7279,77418.5,97040.5,226538,reviewed,matched,true,auto_confirmed
session_45372c9de351250d,S,2026-07-30,2,42,adb-observer,1,174.563,final-capture-complete,4,complete_with_identity_review,3,complete,auction-protocol-v2,60,58,2,0,true,5280949,0.985599,46,5280949,0,true,true,classifier,true,yolo26n_background_catalog_scored,true,148,1,0,12,14,16,4,10,4,7,5,20,2360,80082.5,114803.23913,706471,reviewed,matched,true,auto_confirmed
session_b2f3d46851b1bb64,S,2026-07-30,2,43,adb-observer,1,248.219,final-capture-complete,5,complete,3,complete,auction-protocol-v2,88,77,11,0,true,2454695,0.982571,36,2454695,0,true,true,classifier,true,yolo26n_background_catalog_scored,true,117,0,0,15,11,7,3,9,5,2,4,16,1814,35502.5,68185.972222,302326,reviewed,matched,true,auto_confirmed
session_cbdaa0353d0eb004,S,2026-07-30,2,44,adb-observer,1,178.781,final-capture-complete,5,complete,3,complete,auction-protocol-v2,78,77,1,0,true,2687507,0.981394,17,2687507,0,true,true,classifier,true,yolo26n_background_catalog_scored,true,52,0,0,1,6,6,4,3,3,1,5,5,1420,79737,158088.647059,1307336,reviewed,matched,true,auto_confirmed
session_2b7176a8e7df6795,S,2026-07-30,2,45,adb-observer,1,127.063,final-capture-complete,3,complete,3,complete,auction-protocol-v2,48,48,0,0,true,2027333,0.984464,17,2027333,0,true,true,classifier,true,yolo26n_background_catalog_scored,true,54,0,0,3,5,5,4,3,3,1,4,6,3844,69744,119254.882353,706471,reviewed,matched,true,auto_confirmed
session_6b9ba1ea313f8084,S,2026-07-30,2,46,adb-observer,1,198.641,final-capture-complete,4,complete_with_identity_review,3,complete,auction-protocol-v2,83,63,20,0,true,5593212,0.993248,25,5593212,0,true,true,classifier,true,yolo26n_background_catalog_scored,true,84,1,0,4,8,9,4,8,1,2,1,13,9053,131792,223728.48,1635681,reviewed,matched,true,auto_confirmed
session_4510f8220f9280db,S,2026-07-30,2,47,adb-observer,1,278.078,final-capture-complete,5,complete,3,complete,auction-protocol-v2,77,77,0,0,true,6267141,0.997721,56,6267141,0,true,true,classifier,true,yolo26n_background_catalog_scored,true,194,0,0,12,23,17,4,6,8,6,7,29,1814,72301.5,111913.232143,1486670,reviewed,matched,true,auto_confirmed
session_32168b65f72580e3,S,2026-07-30,2,48,adb-observer,1,221.938,final-capture-complete,5,needs_review,3,complete,auction-protocol-v2,70,69,1,0,true,6876782,0.974523,55,6876782,0,true,true,classifier,true,yolo26n_background_catalog_scored,true,158,0,1,6,20,19,10,19,1,7,6,22,1814,96008,125032.4,799999,reviewed,matched,true,auto_confirmed
session_9224b5d2e7a93790,S,2026-07-30,2,49,adb-observer,1,154.781,final-capture-complete,4,needs_review,3,complete,auction-protocol-v2,62,62,0,0,true,3054999,0.990136,29,3083372,28373,false,true,classifier,true,yolo26n_background_catalog_scored,true,100,1,0,4,15,8,2,6,2,3,3,15,1814,92730,106323.172414,540336,final_total_conflict,mismatched,false,conflict
session_67d2e197f769a7cd,S,2026-07-30,2,50,adb-observer,1,81.609,final-capture-complete,1,complete_with_identity_review,3,complete,auction-protocol-v2,20,18,2,0,true,4336369,0.973105,52,4336369,0,true,true,classifier,true,yolo26n_background_catalog_scored,true,176,2,0,11,23,11,7,11,3,5,8,25,1814,60018.0,83391.711538,713390,reviewed,matched,true,auto_confirmed
session_fb1998f141e5a755,S,2026-07-30,2,51,adb-observer,1,185.125,final-capture-complete,4,complete,3,complete,auction-protocol-v2,63,63,0,0,true,4312438,0.99611,29,4312438,0,true,true,classifier,true,yolo26n_background_catalog_scored,true,118,0,0,6,6,9,8,1,3,3,6,16,3797,47954,148704.758621,1083805,reviewed,matched,true,auto_confirmed
session_6e2162809be3c75a,S,2026-07-30,2,52,adb-observer,1,110.812,final-capture-complete,3,complete,3,complete,auction-protocol-v2,48,48,0,0,true,2319957,0.997386,14,2319957,0,true,true,classifier,true,yolo26n_background_catalog_scored,true,55,0,0,2,6,3,3,3,1,1,3,6,5567,82113.5,165711.214286,1293299,reviewed,matched,true,auto_confirmed
session_be78be358f7704e1,S,2026-07-30,2,53,adb-observer,1,143.437,final-capture-complete,3,complete,3,complete,auction-protocol-v2,48,46,2,0,true,5341081,0.987061,41,5341081,0,true,true,classifier,true,yolo26n_background_catalog_scored,true,133,0,0,7,11,16,7,6,9,2,6,18,1420,96008,130270.268293,1561430,reviewed,matched,true,auto_confirmed
session_40e83c6721bbf37d,S,2026-07-30,2,54,adb-observer,1,99.063,final-capture-complete,2,needs_review,3,complete,auction-protocol-v2,33,32,1,0,true,4520932,0.990087,27,4528422,7490,false,true,classifier,true,yolo26n_background_catalog_scored,true,93,1,0,5,6,9,7,1,2,5,9,10,2446,92730,167719.333333,1680426,final_total_conflict,mismatched,false,conflict
session_22860e391c099e37,S,2026-07-30,2,55,adb-observer,1,62.406,final-capture-complete,1,complete,3,complete,auction-protocol-v2,18,18,0,0,true,3438837,0.986012,40,3438837,0,true,true,classifier,true,yolo26n_background_catalog_scored,true,129,0,0,7,13,15,5,7,7,4,4,18,1420,65433.5,85970.925,281034,reviewed,matched,true,auto_confirmed
session_4c37e747731e604d,S,2026-07-30,2,56,adb-observer,1,61.984,final-capture-complete,1,complete,3,complete,auction-protocol-v2,18,18,0,0,true,2278702,0.982001,24,2278702,0,true,true,classifier,true,yolo26n_background_catalog_scored,true,73,0,0,6,9,7,2,4,4,2,3,11,1420,70011.0,94945.916667,385956,reviewed,matched,true,auto_confirmed
session_335aba174d368ef5,S,2026-07-30,2,57,adb-observer,1,167.469,final-capture-complete,4,needs_review,3,complete,auction-protocol-v2,63,63,0,0,true,3719544,0.989542,26,3726823,7279,false,true,classifier,true,yolo26n_background_catalog_scored,true,95,2,0,6,9,6,5,5,3,3,3,12,6271,77418.5,143339.346154,1080961,final_total_conflict,mismatched,false,conflict
session_51c28be3f669900a,S,2026-07-30,2,58,adb-observer,1,170.141,final-capture-complete,4,complete_with_identity_review,3,complete,auction-protocol-v2,72,63,9,0,true,3819101,0.997136,27,3819101,0,true,true,classifier,true,yolo26n_background_catalog_scored,true,113,1,0,5,9,9,4,1,2,2,2,20,2446,96008,141448.185185,1486670,reviewed,matched,true,auto_confirmed
session_0a9195866b89fa38,S,2026-07-30,2,59,adb-observer,1,192.094,final-capture-complete,4,complete,3,complete,auction-protocol-v2,62,62,0,0,true,4119899,0.952709,41,4119899,0,true,true,classifier,true,yolo26n_background_catalog_scored,true,125,0,0,5,15,13,8,11,4,6,4,16,6685,93012,100485.341463,499425,reviewed,matched,true,auto_confirmed
session_8580841c5c2b3fd1,S,2026-07-30,3,60,adb-observer,1,271.281,final-capture-complete,4,needs_review,3,complete,auction-protocol-v2,64,56,8,0,true,6865165,0.980867,58,6896900,31735,false,true,classifier,true,yolo26n_background_catalog_scored,true,203,1,3,15,19,17,7,12,8,6,4,28,1814,64279.0,118912.068966,1587435,final_total_conflict,mismatched,false,conflict
session_2792e6aae985a85d,S,2026-07-30,3,61,adb-observer,1,242.86,final-capture-complete,5,needs_review,3,complete,auction-protocol-v2,78,77,1,0,true,5009539,0.988796,60,5009539,0,true,true,classifier,true,yolo26n_background_catalog_scored,true,189,1,1,17,15,18,10,10,7,6,9,28,1420,44974.0,83492.316667,630423,reviewed,matched,true,auto_confirmed
session_eabc24d3f38517c0,S,2026-07-30,3,62,adb-observer,1,72.984,final-capture-complete,1,complete,3,complete,auction-protocol-v2,17,17,0,0,true,3894582,0.976299,42,3894582,0,true,true,classifier,true,yolo26n_background_catalog_scored,true,125,0,0,6,15,13,8,13,4,2,7,16,1420,83752.5,92728.142857,281034,reviewed,matched,true,auto_confirmed
session_6f3cf4d1ccf92738,S,2026-07-30,3,63,adb-observer,1,119.203,final-capture-complete,2,needs_review,3,complete,auction-protocol-v2,33,33,0,0,true,6692770,0.982897,54,6655373,-37397,false,true,classifier,true,yolo26n_background_catalog_scored,true,174,1,0,5,21,19,9,12,5,3,8,26,1420,96008.0,123247.648148,799999,final_total_conflict,mismatched,false,conflict
session_9ce218a291200328,S,2026-07-30,3,64,adb-observer,1,168.078,final-capture-complete,3,complete,3,complete,auction-protocol-v2,52,47,5,0,true,2835463,0.988054,12,2835463,0,true,true,classifier,true,yolo26n_background_catalog_scored,true,42,0,0,1,5,4,2,0,0,1,4,7,3797,79737.0,236288.583333,1680426,reviewed,matched,true,auto_confirmed
session_1a61d05d9a7bebca,S,2026-07-30,3,65,adb-observer,1,215.75,final-capture-complete,5,needs_review,3,complete,auction-protocol-v2,80,78,2,0,true,5032255,0.985811,53,5032255,0,true,true,classifier,true,yolo26n_background_catalog_scored,true,174,0,2,13,16,18,6,14,2,7,7,23,1814,71497,94948.207547,452757,reviewed,matched,true,auto_confirmed
session_7dcd966151b8c630,S,2026-07-30,3,66,adb-observer,1,69.187,final-capture-complete,1,complete,3,complete,auction-protocol-v2,17,17,0,0,true,7566591,0.984068,60,7566591,0,true,true,classifier,true,yolo26n_background_catalog_scored,true,195,0,0,16,18,18,8,14,4,8,7,27,2446,71692.0,126109.85,1486670,reviewed,matched,true,auto_confirmed
session_3ba1b0105f71b090,S,2026-07-30,3,67,adb-observer,1,167.297,final-capture-complete,4,needs_review,3,complete,auction-protocol-v2,62,61,1,0,true,11589135,0.998697,53,12958843,1369708,false,true,classifier,true,yolo26n_background_catalog_scored,true,184,4,0,8,16,18,11,10,3,5,8,27,1420,67435,244506.471698,2685114,final_total_conflict,mismatched,false,conflict
session_b92d206e043fc3ba,S,2026-07-30,3,68,adb-observer,1,219.531,final-capture-complete,5,needs_review,3,complete,auction-protocol-v2,83,77,6,0,true,4691660,0.944114,60,10635024,5943364,false,true,classifier,true,yolo26n_background_catalog_scored,true,207,2,1,13,19,20,8,8,6,7,8,31,3747,72301.5,177250.4,2999999,final_total_conflict,mismatched,false,conflict
session_13b27a2daddf7d1e,S,2026-07-30,3,69,adb-observer,1,132.468,final-capture-complete,3,complete,3,complete,auction-protocol-v2,47,47,0,0,true,3374359,0.978058,36,3374359,0,true,true,classifier,true,yolo26n_background_catalog_scored,true,105,0,0,13,10,9,4,9,6,3,6,12,2446,42389.0,93732.194444,878245,reviewed,matched,true,auto_confirmed
session_efd8e6a4d64847d0,S,2026-07-30,3,70,adb-observer,1,109.344,final-capture-complete,3,complete,3,complete,auction-protocol-v2,49,48,1,0,true,3780136,0.983597,22,3780136,0,true,true,classifier,true,yolo26n_background_catalog_scored,true,81,0,0,2,7,11,2,4,3,1,3,11,6685,95539.5,171824.363636,1486670,reviewed,matched,true,auto_confirmed
session_bb489b1b07408da9,S,2026-07-30,3,71,adb-observer,1,132.453,final-capture-complete,3,complete,3,complete,auction-protocol-v2,50,48,2,0,true,3882110,0.988675,22,3882110,0,true,true,classifier,true,yolo26n_background_catalog_scored,true,67,0,0,2,7,10,3,3,3,4,2,10,1420,106425.0,176459.545455,1635681,reviewed,matched,true,auto_confirmed
session_0081765a2ec7eb3b,S,2026-07-30,3,72,adb-observer,1,54.437,final-capture-complete,1,complete,3,complete,auction-protocol-v2,18,15,3,0,true,2192342,0.998301,18,2192342,0,true,true,classifier,true,yolo26n_background_catalog_scored,true,48,0,0,4,5,4,5,8,3,1,2,4,3747,42261.0,121796.777778,886532,reviewed,matched,true,auto_confirmed
session_2a0a88e99c054b94,S,2026-07-30,3,73,adb-observer,1,107.39,final-capture-complete,2,needs_review,3,complete,auction-protocol-v2,37,33,4,0,true,3397829,0.977232,46,3881116,483287,false,true,classifier,true,yolo26n_background_catalog_scored,true,146,1,0,11,18,13,4,8,6,6,3,23,3844,69466.0,84372.086957,489972,final_total_conflict,mismatched,false,conflict
session_798249ef095daa0b,S,2026-07-30,3,74,adb-observer,1,58.718,final-capture-complete,1,complete_with_identity_review,3,complete,auction-protocol-v2,19,18,1,0,true,4470988,0.992905,18,4470988,0,true,true,classifier,true,yolo26n_background_catalog_scored,true,62,1,0,4,5,6,3,3,2,4,2,7,1814,80223.5,248388.222222,3061687,reviewed,matched,true,auto_confirmed
session_ae020e300b1f73f5,S,2026-07-30,3,75,adb-observer,1,113.219,final-capture-complete,2,complete_with_identity_review,3,complete,auction-protocol-v2,33,33,0,0,true,5845740,0.974239,44,5845740,0,true,true,classifier,true,yolo26n_background_catalog_scored,true,155,1,0,8,9,13,14,9,6,4,6,19,2360,71425.0,132857.727273,971708,reviewed,matched,true,auto_confirmed
session_a6efb16ac17a56c4,S,2026-07-30,3,76,adb-observer,1,184.922,final-capture-complete,4,complete,3,complete,auction-protocol-v2,57,56,1,0,true,4192884,0.992465,29,4192884,0,true,true,classifier,true,yolo26n_background_catalog_scored,true,104,0,0,3,13,7,6,5,2,3,5,14,1420,96008,144582.206897,630423,reviewed,matched,true,auto_confirmed
session_58982696f68fd471,S,2026-07-30,3,77,adb-observer,1,64.578,final-capture-complete,1,complete,3,complete,auction-protocol-v2,18,18,0,0,true,3360634,0.98408,45,3360634,0,true,true,classifier,true,yolo26n_background_catalog_scored,true,154,0,0,10,16,13,6,7,7,7,5,19,1420,67435,74680.755556,302326,reviewed,matched,true,auto_confirmed
session_4af67d95fcc9d6e7,S,2026-07-30,3,78,adb-observer,1,123.109,final-capture-complete,2,complete,3,complete,auction-protocol-v2,32,31,1,0,true,4579557,0.986905,45,4579557,0,true,true,classifier,true,yolo26n_background_catalog_scored,true,156,0,0,7,18,17,3,9,5,1,9,21,2446,73106,101767.933333,499425,reviewed,matched,true,auto_confirmed
session_1615a24020b3db61,S,2026-07-30,3,79,adb-observer,1,69.172,final-capture-complete,1,complete,3,complete,auction-protocol-v2,17,17,0,0,true,4188895,0.985821,38,4188895,0,true,true,classifier,true,yolo26n_background_catalog_scored,true,110,0,0,8,10,15,5,9,5,2,6,16,1814,70011.0,110234.078947,886532,reviewed,matched,true,auto_confirmed
session_8a3b9703bb677401,S,2026-07-30,3,80,adb-observer,1,69.937,final-capture-complete,1,complete_with_identity_review,3,complete,auction-protocol-v2,18,18,0,0,true,6876426,0.981984,51,6876426,0,true,true,classifier,true,yolo26n_background_catalog_scored,true,162,2,0,8,14,19,10,9,9,8,5,20,1814,79737,134831.882353,1307336,reviewed,matched,true,auto_confirmed
session_6ee0b003e7e0d5a9,S,2026-07-30,3,81,adb-observer,1,106.937,final-capture-complete,2,complete,3,complete,auction-protocol-v2,33,33,0,0,true,9320953,0.990325,43,9320953,0,true,true,classifier,true,yolo26n_background_catalog_scored,true,137,0,0,12,13,11,7,8,6,6,9,14,1814,69744,216766.348837,2685114,reviewed,matched,true,auto_confirmed
session_c628225c173e9a71,S,2026-07-30,3,82,adb-observer,1,199.468,final-capture-complete,5,complete,3,complete,auction-protocol-v2,81,78,3,0,true,2694783,0.976515,30,2694783,0,true,true,classifier,true,yolo26n_background_catalog_scored,true,94,0,0,7,10,10,3,7,4,4,2,13,3844,64024.5,89826.1,302326,reviewed,matched,true,auto_confirmed
session_9dbadbf706490b25,S,2026-07-30,4,83,adb-observer,1,183.937,final-capture-complete,4,needs_review,3,complete,auction-protocol-v2,62,62,0,0,true,4046582,0.977636,43,4528100,481518,false,true,classifier,true,yolo26n_background_catalog_scored,true,133,1,0,12,14,12,5,10,5,4,6,18,3797,92730,105304.651163,489972,final_total_conflict,mismatched,false,conflict
session_07a1800a17b6ffca,S,2026-07-30,4,84,adb-observer,1,171.906,final-capture-complete,4,complete,3,complete,auction-protocol-v2,62,62,0,0,true,3988485,0.985914,29,3988485,0,true,true,classifier,true,yolo26n_background_catalog_scored,true,112,0,0,8,8,11,2,3,5,2,2,17,2360,102347,137533.965517,878245,reviewed,matched,true,auto_confirmed
session_48b3661c0a10c25a,S,2026-07-30,4,85,adb-observer,1,134.343,final-capture-complete,3,complete,3,complete,auction-protocol-v2,53,47,6,0,true,2753600,0.98674,26,2753600,0,true,true,classifier,true,yolo26n_background_catalog_scored,true,89,0,0,7,11,6,2,3,1,4,4,14,8454,79737.0,105907.692308,776546,reviewed,matched,true,auto_confirmed
session_02d6242a323c0fbf,S,2026-07-30,4,86,adb-observer,1,149.828,final-capture-complete,4,complete,3,complete,auction-protocol-v2,63,63,0,0,true,2723263,0.996572,22,2723263,0,true,true,classifier,true,yolo26n_background_catalog_scored,true,80,0,0,2,7,7,6,4,1,2,4,11,3797,65179.0,123784.681818,992601,reviewed,matched,true,auto_confirmed
session_a61debf9d73c233d,S,2026-07-30,4,87,adb-observer,1,114.375,final-capture-complete,3,complete,3,complete,auction-protocol-v2,48,48,0,0,true,1178782,0.984553,11,1178782,0,true,true,classifier,true,yolo26n_background_catalog_scored,true,42,0,0,3,3,4,1,2,0,3,1,5,6685,96819,107162.0,302326,reviewed,matched,true,auto_confirmed
session_37c515ca85eda555,S,2026-07-30,4,88,adb-observer,1,193.094,final-capture-complete,4,needs_review,3,complete,auction-protocol-v2,65,63,2,0,true,6204251,0.995926,60,6968626,764375,false,true,classifier,true,yolo26n_background_catalog_scored,true,198,1,1,9,21,20,10,12,13,5,3,27,1420,71497.0,116143.766667,1307336,final_total_conflict,mismatched,false,conflict
session_c6be9e7b580c5def,S,2026-07-30,4,89,adb-observer,1,180.531,final-capture-complete,4,needs_review,3,complete,auction-protocol-v2,62,62,0,0,true,3383279,0.975316,40,3481346,98067,false,true,classifier,true,yolo26n_background_catalog_scored,true,152,1,0,5,16,14,5,8,1,4,8,19,5567,82113.5,87033.65,240927,final_total_conflict,mismatched,false,conflict
session_2b0e6d1463db3f31,S,2026-07-30,4,90,adb-observer,1,221.797,final-capture-complete,4,needs_review,3,complete,auction-protocol-v2,60,60,0,0,true,5549825,0.965285,29,5512428,-37397,false,true,classifier,true,yolo26n_background_catalog_scored,true,100,0,0,6,10,9,4,2,3,3,5,16,3797,73106,190083.724138,1486670,final_total_conflict,mismatched,false,conflict
session_95bba12f9509f552,S,2026-07-30,4,91,adb-observer,1,193.656,final-capture-complete,4,needs_review,3,complete,auction-protocol-v2,63,62,1,0,true,5784287,0.96794,59,6511775,727488,false,true,classifier,true,yolo26n_background_catalog_scored,true,187,2,3,15,15,17,12,10,8,4,12,25,1420,67435,110369.067797,776546,final_total_conflict,mismatched,false,conflict
session_7b5b24dd1cd84327,S,2026-07-30,4,92,adb-observer,1,186.594,final-capture-complete,4,complete,3,complete,auction-protocol-v2,62,62,0,0,true,3342668,0.978786,36,3342668,0,true,true,classifier,true,yolo26n_background_catalog_scored,true,126,0,0,7,14,9,6,3,9,1,7,16,1420,47954.0,92851.888889,776546,reviewed,matched,true,auto_confirmed
session_c376dcf893849b23,S,2026-07-30,4,93,adb-observer,1,168.187,final-capture-complete,4,complete,3,complete,auction-protocol-v2,62,62,0,0,true,3136932,0.987518,34,3136932,0,true,true,classifier,true,yolo26n_background_catalog_scored,true,108,0,0,6,10,12,6,8,1,3,8,14,1814,70278.0,92262.705882,630423,reviewed,matched,true,auto_confirmed
session_5389034ad97afc9b,S,2026-07-30,4,94,adb-observer,1,132.141,final-capture-complete,3,complete,3,complete,auction-protocol-v2,48,47,1,0,true,6455461,0.990851,37,6455461,0,true,true,classifier,true,yolo26n_background_catalog_scored,true,135,0,0,9,14,10,4,3,4,1,8,21,2446,67435,174471.918919,2539483,reviewed,matched,true,auto_confirmed
session_896caedfa5b72c44,S,2026-07-30,4,95,adb-observer,1,73.953,final-capture-complete,1,complete_with_identity_review,3,complete,auction-protocol-v2,18,18,0,0,true,6337806,0.978861,48,6337806,0,true,true,classifier,true,yolo26n_background_catalog_scored,true,143,1,0,9,13,21,5,13,5,1,10,19,1420,101478.5,132037.625,1083805,reviewed,matched,true,auto_confirmed
session_ef53d6bec31d6285,S,2026-07-30,4,96,adb-observer,1,172.297,final-capture-complete,3,complete_with_identity_review,3,complete,auction-protocol-v2,48,48,0,0,true,5983212,0.989658,31,5983212,0,true,true,classifier,true,yolo26n_background_catalog_scored,true,102,2,0,5,10,9,7,4,2,1,5,19,1814,70278,193006.83871,2557820,reviewed,matched,true,auto_confirmed
session_30259c39ade87a45,S,2026-07-30,4,97,adb-observer,1,93.922,final-capture-complete,2,complete,3,complete,auction-protocol-v2,33,33,0,0,true,3807568,0.97607,32,3807568,0,true,true,classifier,true,yolo26n_background_catalog_scored,true,102,0,0,7,10,10,5,3,7,1,8,13,1420,76421.5,118986.5,776546,reviewed,matched,true,auto_confirmed
session_e447d1b3574048d9,S,2026-07-30,4,98,adb-observer,1,209.219,final-capture-complete,3,complete,3,complete,auction-protocol-v2,56,52,4,0,true,3223251,0.998597,29,3223251,0,true,true,classifier,true,yolo26n_background_catalog_scored,true,83,0,0,3,14,11,1,5,7,3,1,13,1420,96008,111146.586207,302326,reviewed,matched,true,auto_confirmed
session_1deb42cad958ed46,S,2026-07-30,4,99,adb-observer,1,900.312,max-seconds,3,,,partial,auction-protocol-v2,67,62,5,0,false,,,,,,,,,,,,,,,0,0,0,0,0,0,0,0,0,,,,,,,,
session_62ba89f9a1fcff12,S,2026-07-30,8,1,adb-observer,1,210.641,final-capture-complete,5,complete_with_identity_review,3,complete,auction-protocol-v2,84,79,5,0,true,2931339,0.990331,14,2931339,0,true,true,classifier,true,yolo26n_background_catalog_scored,true,53,1,0,2,6,3,3,1,1,1,3,8,3747,71692.0,209381.357143,1878833,reviewed,matched,true,auto_confirmed
session_57ea1be8ec1cd902,S,2026-07-30,8,2,adb-observer,1,184.703,final-capture-complete,4,needs_review,3,complete,auction-protocol-v2,58,57,1,0,true,5621361,0.985559,61,5764490,143129,false,true,classifier,true,yolo26n_background_catalog_scored,true,195,2,0,13,23,18,7,20,5,2,5,29,1814,71497,94499.836066,1486670,final_total_conflict,mismatched,false,conflict
session_943b0fe13ffc064c,S,2026-07-30,9,3,adb-observer,1,139.765,final-capture-complete,3,needs_review,3,complete,auction-protocol-v2,44,43,1,0,true,6506508,0.932257,45,6057595,-448913,false,true,classifier,true,yolo26n_background_catalog_scored,true,153,1,0,9,17,7,12,11,3,5,9,17,3747,60614,134613.222222,1878833,final_total_conflict,mismatched,false,conflict
session_cbb4d2bbf015a8f1,S,2026-07-30,9,4,adb-observer,1,53.703,final-capture-complete,1,complete,3,complete,auction-protocol-v2,17,17,0,0,true,3612543,0.986337,20,3612543,0,true,true,classifier,true,yolo26n_background_catalog_scored,true,52,0,0,3,9,6,2,6,1,1,3,9,2446,98067.0,180627.15,1680426,reviewed,matched,true,auto_confirmed
session_434ec36c302da625,S,2026-07-30,9,5,adb-observer,1,222.515,final-capture-complete,5,complete,3,complete,auction-protocol-v2,79,78,1,0,true,5402144,0.988651,36,5402144,0,true,true,classifier,true,yolo26n_background_catalog_scored,true,140,0,0,2,10,17,7,5,6,2,5,18,1420,122128.5,150059.555556,992601,reviewed,matched,true,auto_confirmed
session_afcd8d2d63edc075,S,2026-07-30,9,6,adb-observer,1,90.641,final-capture-complete,2,complete,3,complete,auction-protocol-v2,32,32,0,0,true,3229828,0.998076,18,3229828,0,true,true,classifier,true,yolo26n_background_catalog_scored,true,60,0,0,2,6,5,5,2,2,3,3,8,6685,52794.0,179434.888889,1956574,reviewed,matched,true,auto_confirmed
session_37774c726de0dbb1,S,2026-07-30,9,7,adb-observer,1,122.453,final-capture-complete,1,complete,3,complete,auction-protocol-v2,19,18,1,0,true,4235957,0.985861,48,4235957,0,true,true,classifier,true,yolo26n_background_catalog_scored,true,139,0,0,11,14,17,6,11,8,5,3,21,3844,68856.5,88249.104167,438654,reviewed,matched,true,auto_confirmed
session_68b0c59d3f6f63f7,S,2026-07-30,9,8,adb-observer,1,216.016,final-capture-complete,5,complete,3,complete,auction-protocol-v2,78,78,0,0,true,1917346,0.990994,14,1917346,0,true,true,classifier,true,yolo26n_background_catalog_scored,true,48,0,0,2,5,5,2,1,3,3,2,5,6685,78295.0,136953.285714,878245,reviewed,matched,true,auto_confirmed
session_d7fb6aa3bcd2ff57,S,2026-07-30,9,9,adb-observer,1,125.016,final-capture-complete,3,complete,3,complete,auction-protocol-v2,48,48,0,0,true,3412175,0.99536,21,3412175,0,true,true,classifier,true,yolo26n_background_catalog_scored,true,61,0,0,2,7,5,7,6,4,1,3,7,1420,60018,162484.52381,1878833,reviewed,matched,true,auto_confirmed
session_ef0a77040db7eaeb,S,2026-07-30,9,10,adb-observer,1,105.453,final-capture-complete,2,complete,3,complete,auction-protocol-v2,33,33,0,0,true,2933469,0.992962,36,2933469,0,true,true,classifier,true,yolo26n_background_catalog_scored,true,103,0,0,6,12,11,7,9,7,4,6,10,2360,68589.5,81485.25,381262,reviewed,matched,true,auto_confirmed
session_a64d2065c938801b,S,2026-07-30,9,11,adb-observer,1,292.547,final-capture-complete,3,complete_with_identity_review,3,complete,auction-protocol-v2,48,47,1,0,true,4968559,0.970447,35,4968559,0,true,true,classifier,true,yolo26n_background_catalog_scored,true,124,2,0,8,9,11,7,5,3,6,5,16,2446,96008,141958.828571,1083805,reviewed,matched,true,auto_confirmed
session_da5a5ebaadbd81c0,S,2026-07-30,9,12,adb-observer,1,202.282,final-capture-complete,4,complete_with_identity_review,3,complete,auction-protocol-v2,55,54,1,0,true,4576613,0.99215,35,4576613,0,true,true,classifier,true,yolo26n_background_catalog_scored,true,123,1,0,9,12,9,5,5,4,4,9,13,5567,79737,130760.371429,878245,reviewed,matched,true,auto_confirmed
session_d810b0713f5c3618,S,2026-07-30,9,13,adb-observer,1,251.609,final-capture-complete,5,needs_review,3,complete,auction-protocol-v2,78,78,0,0,true,5960825,0.993688,61,6646394,685569,false,true,classifier,true,yolo26n_background_catalog_scored,true,186,3,5,18,15,23,5,16,8,7,8,22,2446,85093,108957.278689,776546,final_total_conflict,mismatched,false,conflict
session_e28ae36674e8adcb,S,2026-07-30,9,14,adb-observer,1,117.5,final-capture-complete,3,complete,3,complete,auction-protocol-v2,47,47,0,0,true,2765678,0.974184,23,2765678,0,true,true,classifier,true,yolo26n_background_catalog_scored,true,74,0,0,3,8,9,3,3,4,5,2,9,4507,70278,120246.869565,971708,reviewed,matched,true,auto_confirmed
session_b28abf7d82c60aac,S,2026-07-30,9,15,adb-observer,1,157.625,final-capture-complete,4,complete,3,complete,auction-protocol-v2,64,63,1,0,true,3762408,0.989772,10,3762408,0,true,true,classifier,true,yolo26n_background_catalog_scored,true,41,0,0,1,4,3,2,0,0,2,1,7,2446,94774.5,376240.8,2999999,reviewed,matched,true,auto_confirmed
session_0f1326bac82da53f,S,2026-07-30,9,16,adb-observer,1,57.391,final-capture-complete,1,needs_review,3,complete,auction-protocol-v2,19,18,1,0,true,5361402,0.984209,21,5368681,7279,false,true,classifier,true,yolo26n_background_catalog_scored,true,77,1,0,2,4,11,4,3,3,3,2,10,1420,110503,255651.47619,2999999,final_total_conflict,mismatched,false,conflict
session_1ae2f9413dbb8063,S,2026-07-30,9,17,adb-observer,1,173.5,final-capture-complete,4,complete,3,complete,auction-protocol-v2,57,56,1,0,true,5358405,0.971335,45,5358405,0,true,true,classifier,true,yolo26n_background_catalog_scored,true,143,0,0,8,17,12,8,9,4,5,11,16,1814,67435,119075.666667,992601,reviewed,matched,true,auto_confirmed
session_4aba6d06d74162e3,S,2026-07-30,9,18,adb-observer,1,98.266,final-capture-complete,1,complete,3,complete,auction-protocol-v2,18,17,1,0,true,3548695,0.981547,22,3548695,0,true,true,classifier,true,yolo26n_background_catalog_scored,true,79,0,0,3,8,9,2,5,0,0,5,12,2360,87872.5,161304.318182,1293299,reviewed,matched,true,auto_confirmed
session_7b237f7b8eaed0fa,S,2026-07-30,9,19,adb-observer,1,79.968,final-capture-complete,2,complete_with_identity_review,3,complete,auction-protocol-v2,33,33,0,0,true,2189764,0.993948,27,2189764,0,true,true,classifier,true,yolo26n_background_catalog_scored,true,65,1,0,5,8,7,7,9,2,6,4,6,1814,47954,81102.37037,283538,reviewed,matched,true,auto_confirmed
session_e8c96506209441e4,S,2026-07-30,9,20,adb-observer,1,172.656,final-capture-complete,4,needs_review,3,complete,auction-protocol-v2,62,61,1,0,true,3447596,0.978618,25,3454875,7279,false,true,classifier,true,yolo26n_background_catalog_scored,true,91,1,0,5,7,8,5,4,3,1,1,16,1420,67435,138195.0,1587435,final_total_conflict,mismatched,false,conflict
session_2638fc8a16e272b8,S,2026-07-30,9,21,adb-observer,1,199.171,final-capture-complete,4,complete,3,complete,auction-protocol-v2,60,60,0,0,true,3151715,0.997327,35,3151715,0,true,true,classifier,true,yolo26n_background_catalog_scored,true,114,0,0,8,11,11,5,5,5,3,6,16,3797,67435,90049.0,281034,reviewed,matched,true,auto_confirmed
session_e2458a53de56932d,S,2026-07-30,9,22,adb-observer,1,244.36,protocol-settlement-complete,5,,,complete,auction-protocol-v2,78,78,0,0,true,,,,,,,,,,,,,,,0,0,0,0,0,0,0,0,0,,,,,,,,
session_3d47b76ec6002358,S,2026-07-30,22,1,adb-observer,1,221.906,final-capture-complete,5,needs_review,3,complete,auction-protocol-v2,77,77,0,0,true,2754916,0.98974,40,5752555,2997639,false,true,classifier,true,yolo26n_background_catalog_scored,true,158,1,0,12,13,10,5,2,3,8,5,22,5567,56185.0,143813.875,2999999,final_total_conflict,mismatched,false,conflict
session_e3044c44b8f25ff8,S,2026-07-30,22,2,adb-observer,1,171.594,final-capture-complete,4,complete_with_identity_review,3,complete,auction-protocol-v2,62,62,0,0,true,5296777,0.985569,31,5296777,0,true,true,classifier,true,yolo26n_background_catalog_scored,true,96,1,0,7,10,9,5,8,1,5,4,13,2446,71497,170863.774194,2685114,reviewed,matched,true,auto_confirmed
session_10891868336b6414,S,2026-07-30,22,3,adb-observer,1,188.078,final-capture-complete,5,complete,3,complete,auction-protocol-v2,82,78,4,0,true,3391642,0.989705,29,3391642,0,true,true,classifier,true,yolo26n_background_catalog_scored,true,88,0,0,6,10,9,4,8,5,2,3,11,1814,67435,116953.172414,971708,reviewed,matched,true,auto_confirmed
session_c1326bd77f4711d7,S,2026-07-30,22,4,adb-observer,1,204.484,final-capture-complete,4,complete,3,complete,auction-protocol-v2,62,62,0,0,true,5645955,0.986901,39,5645955,0,true,true,classifier,true,yolo26n_background_catalog_scored,true,129,0,0,9,14,10,6,8,6,1,8,16,1420,47954,144768.076923,2394967,reviewed,matched,true,auto_confirmed
session_461bf47fd55fc5db,S,2026-07-30,22,5,adb-observer,1,146.312,final-capture-complete,3,needs_review,3,complete,auction-protocol-v2,49,48,1,0,true,4216117,0.996947,30,4256899,40782,false,true,classifier,true,yolo26n_background_catalog_scored,true,99,1,0,6,10,9,5,6,4,3,4,13,2446,70887.5,141896.633333,1587435,final_total_conflict,mismatched,false,conflict
session_d9f321711bdda128,S,2026-07-30,22,6,adb-observer,1,126.375,final-capture-complete,3,complete,3,complete,auction-protocol-v2,50,48,2,0,true,3038808,0.976565,25,3038808,0,true,true,classifier,true,yolo26n_background_catalog_scored,true,85,0,0,4,8,8,5,6,2,3,3,11,1814,69744,121552.32,799999,reviewed,matched,true,auto_confirmed
session_a378f5e41b6f97d7,S,2026-07-30,22,1,adb-observer,1,116.843,final-capture-complete,3,complete,3,complete,auction-protocol-v2,47,47,0,0,true,5842821,0.988698,30,5842821,0,true,true,classifier,true,yolo26n_background_catalog_scored,true,79,0,0,4,11,8,7,12,3,1,5,9,3797,74740.5,194760.7,1680426,reviewed,matched,true,auto_confirmed
session_eaa3acd31c37264c,S,2026-07-30,22,2,adb-observer,1,82.563,final-capture-complete,2,complete_with_identity_review,3,complete,auction-protocol-v2,33,33,0,0,true,5683928,0.958074,20,5683928,0,true,true,classifier,true,yolo26n_background_catalog_scored,true,72,1,0,1,7,7,5,2,7,1,0,10,1420,91804.5,284196.4,3061687,reviewed,matched,true,auto_confirmed
session_fbe9f7c4579f0b3a,S,2026-07-30,22,3,adb-observer,1,168.953,final-capture-complete,4,complete,3,complete,auction-protocol-v2,63,63,0,0,true,5333450,0.978111,34,5333450,0,true,true,classifier,true,yolo26n_background_catalog_scored,true,112,0,0,6,14,8,6,7,3,3,3,18,1814,79737.0,156866.176471,1956574,reviewed,matched,true,auto_confirmed
session_9e9817c31e271aad,S,2026-07-30,22,4,adb-observer,1,260.922,final-capture-complete,5,needs_review,3,complete,auction-protocol-v2,77,77,0,0,true,6815239,0.98407,53,6820910,5671,false,true,classifier,true,yolo26n_background_catalog_scored,true,177,1,0,14,19,11,9,10,4,9,3,27,1814,73106,128696.415094,1307336,final_total_conflict,mismatched,false,conflict
session_536008e182292384,S,2026-07-30,23,5,adb-observer,1,150.36,final-capture-complete,3,complete,3,complete,auction-protocol-v2,50,45,5,0,true,2345736,0.973994,25,2345736,0,true,true,classifier,true,yolo26n_background_catalog_scored,true,77,0,0,4,12,5,4,8,3,0,3,11,1420,60614,93829.44,499425,reviewed,matched,true,auto_confirmed
session_9eab52312539123b,S,2026-07-30,23,6,adb-observer,1,182.281,final-capture-complete,3,complete,3,complete,auction-protocol-v2,50,48,2,0,true,4122154,0.999119,38,4122154,0,true,true,classifier,true,yolo26n_background_catalog_scored,true,132,0,0,6,14,15,3,8,7,2,1,20,2360,82415.0,108477.736842,364855,reviewed,matched,true,auto_confirmed
session_620d570a2f55e532,S,2026-07-30,23,7,adb-observer,1,65.672,final-capture-complete,1,needs_review,3,complete,auction-protocol-v2,18,18,0,0,true,4272869,0.983889,46,4280359,7490,false,true,classifier,true,yolo26n_background_catalog_scored,true,145,1,0,13,14,16,3,12,5,3,6,20,2446,77418.5,93051.282609,281034,final_total_conflict,mismatched,false,conflict
session_04f65be8be3b1cbc,S,2026-07-30,23,8,adb-observer,1,202.016,final-capture-complete,3,complete_with_identity_review,3,complete,auction-protocol-v2,48,48,0,0,true,5372552,0.958785,60,5372552,0,true,true,classifier,true,yolo26n_background_catalog_scored,true,180,1,0,12,24,15,9,13,6,6,8,27,1420,70620.5,89542.533333,713390,reviewed,matched,true,auto_confirmed
session_2dd09d883f81c1e3,S,2026-07-30,23,9,adb-observer,1,220.875,final-capture-complete,5,complete_with_identity_review,3,complete,auction-protocol-v2,80,76,4,0,true,5263454,0.985007,39,5263454,0,true,true,classifier,true,yolo26n_background_catalog_scored,true,130,1,0,6,11,16,6,6,5,5,8,15,1814,96008,134960.358974,1080961,reviewed,matched,true,auto_confirmed
session_86fab05bb4ea835b,S,2026-07-30,23,10,adb-observer,1,166.0,final-capture-complete,4,complete,3,complete,auction-protocol-v2,62,62,0,0,true,4318110,0.994175,33,4318110,0,true,true,classifier,true,yolo26n_background_catalog_scored,true,93,0,0,6,10,11,6,10,1,3,3,16,2360,79737,130851.818182,1307336,reviewed,matched,true,auto_confirmed
session_7da3ed0e30202d73,S,2026-07-30,23,11,adb-observer,1,78.656,final-capture-complete,2,complete_with_identity_review,3,complete,auction-protocol-v2,33,33,0,0,true,2878388,0.975522,27,2878388,0,true,true,classifier,true,yolo26n_background_catalog_scored,true,86,1,0,1,12,9,5,5,4,1,2,15,3747,96008,106606.962963,283538,reviewed,matched,true,auto_confirmed
session_ebe2fab7bbe0e66a,S,2026-07-30,23,12,adb-observer,1,286.11,final-capture-complete,5,needs_review,3,complete,auction-protocol-v2,86,78,8,0,true,5392947,0.979078,60,5825330,432383,false,true,classifier,true,yolo26n_background_catalog_scored,true,165,1,0,15,21,13,11,20,12,3,4,21,1420,65700.5,97088.833333,886532,final_total_conflict,mismatched,false,conflict
session_82f34b566ecb96bc,S,2026-07-30,23,13,adb-observer,1,57.797,final-capture-complete,1,complete_with_identity_review,3,complete,auction-protocol-v2,19,17,2,0,true,5225793,0.968956,33,5225793,0,true,true,classifier,true,yolo26n_background_catalog_scored,true,116,1,0,6,11,7,9,2,6,5,5,15,1420,60614,158357.363636,2557820,reviewed,matched,true,auto_confirmed
session_4056192f93ea2a7e,S,2026-07-30,23,14,adb-observer,1,143.64,final-capture-complete,4,complete,3,complete,auction-protocol-v2,58,57,1,0,true,3858201,0.996433,10,3858201,0,true,true,classifier,true,yolo26n_background_catalog_scored,true,30,0,0,2,3,3,2,3,1,2,0,4,8454,70175.5,385820.1,2999999,reviewed,matched,true,auto_confirmed
session_d91d1ebdcbdd96c6,S,2026-07-30,23,15,adb-observer,1,215.437,final-capture-complete,5,complete,3,complete,auction-protocol-v2,78,78,0,0,true,4687566,0.971954,58,4687566,0,true,true,classifier,true,yolo26n_background_catalog_scored,true,175,0,0,10,19,16,13,12,9,5,9,23,2360,65433.5,80820.103448,489972,reviewed,matched,true,auto_confirmed
session_79cb88a0b10adb8b,S,2026-07-30,23,16,adb-observer,1,57.266,final-capture-complete,1,complete,3,complete,auction-protocol-v2,19,17,2,0,true,2831748,0.987352,32,2831748,0,true,true,classifier,true,yolo26n_background_catalog_scored,true,102,0,0,6,13,8,5,11,2,3,3,13,3747,71497.0,88492.125,364855,reviewed,matched,true,auto_confirmed
session_34afa003ac279445,S,2026-07-30,23,17,adb-observer,1,51.265,final-capture-complete,1,complete,3,complete,auction-protocol-v2,20,18,2,0,true,6550034,0.967654,30,6550034,0,true,true,classifier,true,yolo26n_background_catalog_scored,true,92,0,0,5,9,9,7,9,3,2,4,12,3797,95398.5,218334.466667,1878833,reviewed,matched,true,auto_confirmed
session_e7d3832f5fa0d6d0,S,2026-07-30,23,18,adb-observer,1,234.953,final-capture-complete,5,complete,3,complete,auction-protocol-v2,88,78,10,0,true,3886459,0.988022,33,3886459,0,true,true,classifier,true,yolo26n_background_catalog_scored,true,91,0,0,9,9,11,4,9,1,4,3,16,1814,98067,117771.484848,799999,reviewed,matched,true,auto_confirmed
session_ac729056d6589fbe,S,2026-07-30,23,19,adb-observer,1,63.984,final-capture-complete,1,complete_with_identity_review,3,complete,auction-protocol-v2,19,18,1,0,true,3657351,0.989687,27,3657351,0,true,true,classifier,true,yolo26n_background_catalog_scored,true,83,2,0,2,10,10,5,6,2,2,6,11,2360,98067,135457.444444,706471,reviewed,matched,true,auto_confirmed
session_95a2e14485188bcf,S,2026-07-30,23,20,adb-observer,1,44.328,final-capture-complete,1,complete,3,complete,auction-protocol-v2,18,18,0,0,true,1264224,0.999663,13,1264224,0,true,true,classifier,true,yolo26n_background_catalog_scored,true,42,0,0,2,4,5,2,4,1,1,1,6,2360,96819,97248.0,226538,reviewed,matched,true,auto_confirmed
session_10952eabbaf2bfa9,S,2026-07-30,23,21,adb-observer,1,221.344,final-capture-complete,5,needs_review,3,complete,auction-protocol-v2,78,78,0,0,true,4510601,0.991236,37,4510601,0,true,true,classifier,true,yolo26n_background_catalog_scored,true,130,0,1,4,12,15,6,4,6,5,5,17,2446,92730,121908.135135,381262,reviewed,matched,true,auto_confirmed
session_9c6c8971abec8522,S,2026-07-30,23,22,adb-observer,1,46.594,final-capture-complete,1,needs_review,3,complete,auction-protocol-v2,17,17,0,0,true,1671137,0.99936,14,1678416,7279,false,true,classifier,true,yolo26n_background_catalog_scored,true,48,1,0,1,7,3,3,5,0,1,2,6,3797,65446.0,119886.857143,799999,final_total_conflict,mismatched,false,conflict
session_f359ee5a1998445d,S,2026-07-30,23,23,adb-observer,1,157.204,final-capture-complete,4,complete,3,complete,auction-protocol-v2,63,63,0,0,true,3101710,0.987425,27,3101710,0,true,true,classifier,true,yolo26n_background_catalog_scored,true,92,0,0,3,8,15,1,5,3,0,6,13,6271,96819,114878.148148,240927,reviewed,matched,true,auto_confirmed
session_91aeaf828a8580b3,S,2026-07-30,23,24,adb-observer,1,176.328,final-capture-complete,5,complete,3,complete,auction-protocol-v2,80,78,2,0,true,2722589,0.977504,23,2722589,0,true,true,classifier,true,yolo26n_background_catalog_scored,true,69,0,0,2,6,10,5,5,2,5,2,9,1420,92730,118373.434783,385956,reviewed,matched,true,auto_confirmed
session_7675d5c2a55d6c95,S,2026-07-30,23,25,adb-observer,1,83.703,final-capture-complete,2,complete,3,complete,auction-protocol-v2,33,33,0,0,true,3463105,0.989964,16,3463105,0,true,true,classifier,true,yolo26n_background_catalog_scored,true,62,0,0,3,5,6,2,2,0,2,2,10,11087,102792.0,216444.0625,1878833,reviewed,matched,true,auto_confirmed
session_46e2a585f0d6d99a,S,2026-07-30,23,26,adb-observer,1,80.64,final-capture-complete,2,complete_with_identity_review,3,complete,auction-protocol-v2,33,33,0,0,true,1527576,0.979645,13,1527576,0,true,true,classifier,true,yolo26n_background_catalog_scored,true,30,1,0,1,3,7,2,4,1,4,1,3,8454,138522,117505.846154,281034,reviewed,matched,true,auto_confirmed
session_55a919ee333e3fbd,S,2026-07-30,23,27,adb-observer,1,205.125,final-capture-complete,4,needs_review,3,complete,auction-protocol-v2,63,63,0,0,true,5326398,0.97403,44,6090773,764375,false,true,classifier,true,yolo26n_background_catalog_scored,true,149,2,0,11,15,9,9,9,5,5,6,19,1420,65433.5,138426.659091,1956574,final_total_conflict,mismatched,false,conflict
session_8e67930a30785db0,S,2026-07-31,0,28,adb-observer,1,157.297,final-capture-complete,4,complete,3,complete,auction-protocol-v2,61,60,1,0,true,2117111,0.999321,22,2117111,0,true,true,classifier,true,yolo26n_background_catalog_scored,true,72,0,0,5,8,8,1,4,1,2,5,10,2446,73586.0,96232.318182,302326,reviewed,matched,true,auto_confirmed
session_f530a5f18bd06723,S,2026-07-31,0,29,adb-observer,1,111.593,final-capture-complete,3,complete,3,complete,auction-protocol-v2,48,48,0,0,true,1756036,0.985603,15,1756036,0,true,true,classifier,true,yolo26n_background_catalog_scored,true,37,0,0,2,5,5,3,6,1,1,3,4,1814,106949,117069.066667,540336,reviewed,matched,true,auto_confirmed
session_2270f788779b19a6,S,2026-07-31,0,30,adb-observer,1,127.953,final-capture-complete,3,complete,3,complete,auction-protocol-v2,48,48,0,0,true,3068299,0.984745,36,3068299,0,true,true,classifier,true,yolo26n_background_catalog_scored,true,103,0,0,9,10,13,4,10,5,4,6,11,2360,65179.0,85230.527778,281034,reviewed,matched,true,auto_confirmed
session_df1a2ed33a7ed457,S,2026-07-31,0,31,adb-observer,1,127.844,final-capture-complete,2,complete,3,complete,auction-protocol-v2,34,32,2,0,true,3786115,0.985538,22,3786115,0,true,true,classifier,true,yolo26n_background_catalog_scored,true,70,0,0,3,8,7,4,4,2,3,8,5,6271,91580.0,172096.136364,1293299,reviewed,matched,true,auto_confirmed
session_c747753e340a9b23,S,2026-07-31,0,32,adb-observer,1,151.563,final-capture-complete,2,complete,3,complete,auction-protocol-v2,34,33,1,0,true,2485728,0.97443,29,2485728,0,true,true,classifier,true,yolo26n_background_catalog_scored,true,94,0,0,8,7,11,3,5,3,4,6,11,6271,71497,85714.758621,281034,reviewed,matched,true,auto_confirmed
session_9d22e76ea847876e,S,2026-07-31,0,33,adb-observer,1,217.25,final-capture-complete,5,complete,3,complete,auction-protocol-v2,70,69,1,0,true,4771945,0.992656,45,4771945,0,true,true,classifier,true,yolo26n_background_catalog_scored,true,139,0,0,9,15,17,4,7,10,5,6,17,1420,96008,106043.222222,452757,reviewed,matched,true,auto_confirmed
session_0af019d69d12589b,S,2026-07-31,0,34,adb-observer,1,73.265,final-capture-complete,1,complete,3,complete,auction-protocol-v2,18,17,1,0,true,2929924,0.998421,18,2929924,0,true,true,classifier,true,yolo26n_background_catalog_scored,true,50,0,0,2,4,7,5,5,4,2,3,4,6271,98067.0,162773.555556,1083805,reviewed,matched,true,auto_confirmed
session_1a55823fb342404d,S,2026-07-31,0,35,adb-observer,1,275.282,final-capture-complete,5,needs_review,3,complete,auction-protocol-v2,78,77,1,0,true,4967537,0.982384,60,6529063,1561526,false,true,classifier,true,yolo26n_background_catalog_scored,true,208,2,1,13,16,20,11,7,9,7,10,27,1420,70278.0,108817.716667,1083805,final_total_conflict,mismatched,false,conflict
session_1051350dea3c1aea,S,2026-07-31,0,36,adb-observer,1,69.657,final-capture-complete,1,complete,3,complete,auction-protocol-v2,18,17,1,0,true,6121781,0.999222,40,6121781,0,true,true,classifier,true,yolo26n_background_catalog_scored,true,160,0,0,3,16,12,9,5,2,5,6,22,2360,67435.0,153044.525,1307336,reviewed,matched,true,auto_confirmed
session_ee27c545a84ff3ca,S,2026-07-31,0,37,adb-observer,1,179.391,final-capture-complete,3,needs_review,3,complete,auction-protocol-v2,48,48,0,0,true,3602918,0.99297,45,4682926,1080008,false,true,classifier,true,yolo26n_background_catalog_scored,true,155,1,0,13,12,13,7,6,6,4,6,23,2446,51756,104065.022222,1083805,final_total_conflict,mismatched,false,conflict
session_cca0ac2be5796b8a,S,2026-07-31,0,38,adb-observer,1,111.937,final-capture-complete,3,complete,3,complete,auction-protocol-v2,46,45,1,0,true,969818,0.992214,10,969818,0,true,true,classifier,true,yolo26n_background_catalog_scored,true,33,0,0,1,5,3,1,4,0,0,2,4,7279,66310.0,96981.8,226538,reviewed,matched,true,auto_confirmed
session_3f1fee80c9391388,S,2026-07-31,0,39,adb-observer,1,68.765,final-capture-complete,1,complete_with_identity_review,3,complete,auction-protocol-v2,20,18,2,0,true,6496135,0.990956,54,6496135,0,true,true,classifier,true,yolo26n_background_catalog_scored,true,192,1,0,12,23,13,6,8,6,4,11,25,2360,86233.5,120298.796296,1083805,reviewed,matched,true,auto_confirmed
session_c7a7c9e1e3a2523c,S,2026-07-31,0,40,adb-observer,1,126.953,final-capture-complete,3,complete,3,complete,auction-protocol-v2,48,48,0,0,true,4946390,0.992162,30,4946390,0,true,true,classifier,true,yolo26n_background_catalog_scored,true,93,0,0,9,8,8,5,5,4,5,4,12,3797,54538.5,164879.666667,1733281,reviewed,matched,true,auto_confirmed
session_8a67163945a74eb7,S,2026-07-31,0,41,adb-observer,1,137.219,final-capture-complete,4,complete,3,complete,auction-protocol-v2,63,63,0,0,true,1422480,0.999722,10,1422480,0,true,true,classifier,true,yolo26n_background_catalog_scored,true,41,0,0,1,3,5,1,1,0,0,1,8,1814,139421.5,142248.0,281034,reviewed,matched,true,auto_confirmed
session_47790fc52f848ad8,S,2026-07-31,0,42,adb-observer,1,75.406,final-capture-complete,1,complete,3,complete,auction-protocol-v2,19,18,1,0,true,3710055,0.979988,30,3710055,0,true,true,classifier,true,yolo26n_background_catalog_scored,true,107,0,0,9,8,9,4,7,4,1,3,15,7279,64279.0,123668.5,1587435,reviewed,matched,true,auto_confirmed
session_10bcb27349870d08,S,2026-07-31,0,43,adb-observer,1,123.344,final-capture-complete,3,complete,3,complete,auction-protocol-v2,48,48,0,0,true,5784407,0.985043,32,5784407,0,true,true,classifier,true,yolo26n_background_catalog_scored,true,118,0,0,5,13,7,7,4,2,2,7,17,2360,70011.0,180762.71875,2394967,reviewed,matched,true,auto_confirmed
session_dc805dd71547e12b,S,2026-07-31,0,44,adb-observer,1,81.0,final-capture-complete,1,complete,3,complete,auction-protocol-v2,18,18,0,0,true,3924389,0.984011,37,3924389,0,true,true,classifier,true,yolo26n_background_catalog_scored,true,133,0,0,9,11,12,5,8,0,2,7,20,2446,67435,106064.567568,452757,reviewed,matched,true,auto_confirmed
session_14c8e9120709b814,S,2026-07-31,0,45,adb-observer,1,148.453,final-capture-complete,4,,,complete,auction-protocol-v2,63,63,0,0,true,,,,,,,,,,,,,,,0,0,0,0,0,0,0,0,0,,,,,,,,
session_86db2f381e97266c,S,2026-07-31,0,1,adb-observer,1,117.359,final-capture-complete,3,complete,3,complete,auction-protocol-v2,53,47,6,0,true,5215497,0.990566,19,5215497,0,true,true,classifier,true,yolo26n_background_catalog_scored,true,74,0,0,1,7,7,4,2,1,1,5,10,6271,102347,274499.842105,2539483,reviewed,matched,true,auto_confirmed
session_8af9be0608d0d126,S,2026-07-31,0,2,adb-observer,1,220.125,final-capture-complete,5,complete,3,complete,auction-protocol-v2,79,78,1,0,true,4698770,0.983625,40,4698770,0,true,true,classifier,true,yolo26n_background_catalog_scored,true,145,0,0,11,12,10,7,9,4,1,6,20,1814,56185.0,117469.25,1486670,reviewed,matched,true,auto_confirmed
session_af084adec0327514,S,2026-07-31,0,3,adb-observer,1,229.172,final-capture-complete,5,needs_review,3,complete,auction-protocol-v2,82,77,5,0,true,5622555,0.975588,59,6386930,764375,false,true,classifier,true,yolo26n_background_catalog_scored,true,199,1,3,14,20,16,9,12,6,4,14,23,3844,61123,108253.050847,1486670,final_total_conflict,mismatched,false,conflict
session_c70e133cad5aed7c,S,2026-07-31,1,4,adb-observer,1,192.875,final-capture-complete,5,complete,3,complete,auction-protocol-v2,80,77,3,0,true,3153251,0.991725,11,3153251,0,true,true,classifier,true,yolo26n_background_catalog_scored,true,35,0,0,1,5,3,2,4,0,0,1,6,2360,69744,286659.181818,2394967,reviewed,matched,true,auto_confirmed
session_c545077f4bd8cfaf,S,2026-07-31,1,5,adb-observer,1,143.688,final-capture-complete,4,complete,3,complete,auction-protocol-v2,63,63,0,0,true,848856,0.992713,11,848856,0,true,true,classifier,true,yolo26n_background_catalog_scored,true,33,0,0,1,4,4,2,2,3,0,1,5,3844,61123,77168.727273,175056,reviewed,matched,true,auto_confirmed
session_8391f2a0f0e67b89,S,2026-07-31,1,6,adb-observer,1,134.906,final-capture-complete,3,needs_review,3,complete,auction-protocol-v2,53,48,5,0,true,2639025,0.977965,28,2646515,7490,false,true,classifier,true,yolo26n_background_catalog_scored,true,97,1,0,5,10,12,1,6,4,1,6,11,7279,88911.5,94518.392857,302326,final_total_conflict,mismatched,false,conflict
session_e546579b5d740143,S,2026-07-31,1,7,adb-observer,1,73.032,final-capture-complete,1,complete,3,complete,auction-protocol-v2,20,18,2,0,true,6546557,0.977265,45,6546557,0,true,true,classifier,true,yolo26n_background_catalog_scored,true,167,0,0,17,11,12,5,6,7,2,8,22,1420,44974,145479.044444,2539483,reviewed,matched,true,auto_confirmed
session_dcd5ccf0ab63c643,S,2026-07-31,1,8,adb-observer,1,65.546,final-capture-complete,1,needs_review,3,complete,auction-protocol-v2,18,18,0,0,true,5796592,0.987879,48,6765344,968752,false,true,classifier,true,yolo26n_background_catalog_scored,true,141,3,0,12,17,11,8,11,5,10,4,18,2446,82415.0,140944.666667,1635681,final_total_conflict,mismatched,false,conflict
session_f2b35d6f9e976cf7,S,2026-07-31,1,9,adb-observer,1,86.047,final-capture-complete,2,complete,3,complete,auction-protocol-v2,35,33,2,0,true,1974005,0.994762,21,1974005,0,true,true,classifier,true,yolo26n_background_catalog_scored,true,70,0,0,3,9,7,2,6,1,1,3,10,2360,85093,94000.238095,240927,reviewed,matched,true,auto_confirmed
session_76347eab33a3da03,S,2026-07-31,1,10,adb-observer,1,260.547,final-capture-complete,5,complete_with_identity_review,3,complete,auction-protocol-v2,80,78,2,0,true,5980027,0.99081,49,5980027,0,true,true,classifier,true,yolo26n_background_catalog_scored,true,166,2,0,11,13,13,12,6,7,6,8,22,1420,70278,122041.367347,1561430,reviewed,matched,true,auto_confirmed
session_25e0f0ddeda42c96,S,2026-07-31,1,11,adb-observer,1,177.547,final-capture-complete,4,needs_review,3,complete,auction-protocol-v2,62,62,0,0,true,4324989,0.985437,33,4353121,28132,false,true,classifier,true,yolo26n_background_catalog_scored,true,93,1,0,5,10,15,3,8,9,0,4,12,2360,96008,131912.757576,713390,final_total_conflict,mismatched,false,conflict
session_7020d835ae526d96,S,2026-07-31,1,12,adb-observer,1,143.719,final-capture-complete,3,complete,3,complete,auction-protocol-v2,48,48,0,0,true,4122507,0.991152,41,4122507,0,true,true,classifier,true,yolo26n_background_catalog_scored,true,130,0,0,8,15,15,3,7,5,5,4,20,6271,102347,100548.95122,302326,reviewed,matched,true,auto_confirmed
session_fc2985196c3200f2,S,2026-07-31,1,13,adb-observer,1,74.469,final-capture-complete,2,complete,3,complete,auction-protocol-v2,33,33,0,0,true,2971749,0.991066,20,2971749,0,true,true,classifier,true,yolo26n_background_catalog_scored,true,73,0,0,3,6,8,3,3,1,0,5,11,12171,97037.5,148587.45,971708,reviewed,matched,true,auto_confirmed
session_68ed53a156478607,S,2026-07-31,1,14,adb-observer,1,168.234,final-capture-complete,4,complete,3,complete,auction-protocol-v2,65,63,2,0,true,6754111,0.994059,30,6754111,0,true,true,classifier,true,yolo26n_background_catalog_scored,true,98,0,0,2,8,9,11,6,2,4,2,16,1420,64279.0,225137.033333,2999999,reviewed,matched,true,auto_confirmed
session_00d7a75129f99bab,S,2026-07-31,1,15,adb-observer,1,52.531,final-capture-complete,1,needs_review,3,complete,auction-protocol-v2,18,18,0,0,true,3176091,0.992106,19,3190649,14558,false,true,classifier,true,yolo26n_background_catalog_scored,true,72,2,0,4,7,4,4,4,1,1,4,9,7279,42261,167928.894737,1878833,final_total_conflict,mismatched,false,conflict
session_e11abd37c22667b7,S,2026-07-31,1,16,adb-observer,1,190.453,final-capture-complete,5,complete,3,complete,auction-protocol-v2,78,78,0,0,true,2530177,0.948786,23,2530177,0,true,true,classifier,true,yolo26n_background_catalog_scored,true,80,0,0,5,9,6,3,5,2,2,4,10,6685,69744,110007.695652,992601,reviewed,matched,true,auto_confirmed
session_9ddece30fad1703f,S,2026-07-31,1,17,adb-observer,1,61.453,final-capture-complete,1,complete,3,complete,auction-protocol-v2,18,18,0,0,true,3999137,0.982465,38,3999137,0,true,true,classifier,true,yolo26n_background_catalog_scored,true,120,0,0,8,14,13,3,8,5,5,8,12,3797,103821.5,105240.447368,283538,reviewed,matched,true,auto_confirmed
session_d8b035cd3d70d87b,S,2026-07-31,1,18,adb-observer,1,161.61,final-capture-complete,4,complete,3,complete,auction-protocol-v2,64,61,3,0,true,3726728,0.9718,28,3726728,0,true,true,classifier,true,yolo26n_background_catalog_scored,true,105,0,0,5,10,7,6,5,4,1,3,15,1814,60614.0,133097.428571,799999,reviewed,matched,true,auto_confirmed
session_028991f8cba377fe,S,2026-07-31,1,19,adb-observer,1,216.625,final-capture-complete,5,complete,3,complete,auction-protocol-v2,78,78,0,0,true,4901565,0.993295,24,4901565,0,true,true,classifier,true,yolo26n_background_catalog_scored,true,80,0,0,2,12,8,2,3,2,2,3,14,4507,82113.5,204231.875,2685114,reviewed,matched,true,auto_confirmed
session_2aed0c320596c59a,S,2026-07-31,1,20,adb-observer,1,51.046,final-capture-complete,1,complete,3,complete,auction-protocol-v2,18,17,1,0,true,1510697,0.991653,22,1510697,0,true,true,classifier,true,yolo26n_background_catalog_scored,true,78,0,0,4,8,6,4,4,1,0,6,11,3747,55887.0,68668.045455,221819,reviewed,matched,true,auto_confirmed
session_29631bc0c4a82719,S,2026-07-31,1,21,adb-observer,1,74.281,final-capture-complete,1,complete_with_identity_review,3,complete,auction-protocol-v2,18,18,0,0,true,6880614,0.992833,31,6880614,0,true,true,classifier,true,yolo26n_background_catalog_scored,true,98,2,0,5,10,8,8,9,2,2,6,12,5567,85093,221955.290323,2685114,reviewed,matched,true,auto_confirmed
session_710ef9a52b34f494,S,2026-07-31,1,22,adb-observer,1,160.594,final-capture-complete,4,complete,3,complete,auction-protocol-v2,63,63,0,0,true,6197782,0.988016,32,6197782,0,true,true,classifier,true,yolo26n_background_catalog_scored,true,85,0,0,7,12,7,6,9,3,6,1,13,1814,71497.0,193680.6875,2539483,reviewed,matched,true,auto_confirmed
session_85a606e202dc6d4d,S,2026-07-31,1,23,adb-observer,1,51.594,final-capture-complete,1,complete,3,complete,auction-protocol-v2,18,18,0,0,true,844594,0.991807,10,844594,0,true,true,classifier,true,yolo26n_background_catalog_scored,true,34,0,0,1,4,3,2,2,0,2,1,5,6685,60750.0,84459.4,281034,reviewed,matched,true,auto_confirmed
session_97a9720ae79bb465,S,2026-07-31,1,24,adb-observer,1,223.454,final-capture-complete,5,complete,3,complete,auction-protocol-v2,82,78,4,0,true,6229799,0.978924,56,6229799,0,true,true,classifier,true,yolo26n_background_catalog_scored,true,170,0,0,9,23,17,7,13,1,7,6,29,3797,94369.0,111246.410714,499425,reviewed,matched,true,auto_confirmed
session_23117a8abb773a94,S,2026-07-31,1,25,adb-observer,1,112.437,final-capture-complete,2,complete,3,complete,auction-protocol-v2,34,32,2,0,true,5795931,0.989401,50,5795931,0,true,true,classifier,true,yolo26n_background_catalog_scored,true,157,0,0,10,15,18,7,10,7,6,7,20,1420,86233.5,115918.62,878245,reviewed,matched,true,auto_confirmed
session_9a7eca68433d65de,S,2026-07-31,1,26,adb-observer,1,134.703,final-capture-complete,3,complete_with_identity_review,3,complete,auction-protocol-v2,48,48,0,0,true,5165274,0.981996,46,5165274,0,true,true,classifier,true,yolo26n_background_catalog_scored,true,148,1,0,10,11,18,7,10,7,5,6,18,1420,76421.5,112288.565217,713390,reviewed,matched,true,auto_confirmed
session_92d9244660f8d956,S,2026-07-31,2,27,adb-observer,1,65.765,final-capture-complete,1,complete,3,complete,auction-protocol-v2,19,18,1,0,true,2743900,0.993578,28,2743900,0,true,true,classifier,true,yolo26n_background_catalog_scored,true,96,0,0,5,8,13,2,4,2,6,1,15,4507,96413.5,97996.428571,247007,reviewed,matched,true,auto_confirmed
session_9989024b84c9054a,S,2026-07-31,2,28,adb-observer,1,208.219,final-capture-complete,4,needs_review,3,complete,auction-protocol-v2,66,63,3,0,true,4556037,0.988717,29,4563316,7279,false,true,classifier,true,yolo26n_background_catalog_scored,true,91,2,0,6,8,9,6,3,5,4,4,13,2446,71497,157355.724138,1680426,final_total_conflict,mismatched,false,conflict
session_36fd223d893b0278,S,2026-07-31,2,29,adb-observer,1,55.531,final-capture-complete,1,complete,3,complete,auction-protocol-v2,19,17,2,0,true,3139560,0.983573,24,3139560,0,true,true,classifier,true,yolo26n_background_catalog_scored,true,80,0,0,8,5,7,4,5,4,1,5,9,1420,47954.0,130815.0,878245,reviewed,matched,true,auto_confirmed
session_33a7b391b7b2da39,S,2026-07-31,2,30,adb-observer,1,192.641,final-capture-complete,5,complete,3,complete,auction-protocol-v2,78,78,0,0,true,2738974,0.984903,20,2738974,0,true,true,classifier,true,yolo26n_background_catalog_scored,true,67,0,0,4,5,7,4,2,4,2,5,7,3747,79099.5,136948.7,706471,reviewed,matched,true,auto_confirmed
session_d6280ea482493419,S,2026-07-31,2,31,adb-observer,1,185.547,final-capture-complete,4,complete,3,complete,auction-protocol-v2,80,62,18,0,true,2631062,0.999114,19,2631062,0,true,true,classifier,true,yolo26n_background_catalog_scored,true,55,0,0,5,5,6,3,4,5,1,3,6,1814,70278,138476.947368,1293299,reviewed,matched,true,auto_confirmed
session_05b997beef865d16,S,2026-07-31,2,32,adb-observer,1,221.703,final-capture-complete,5,complete,3,complete,auction-protocol-v2,73,70,3,0,true,7789380,0.975385,52,7789380,0,true,true,classifier,true,yolo26n_background_catalog_scored,true,146,0,0,17,13,16,6,15,7,5,5,20,2446,68589.5,149795.769231,2394967,reviewed,matched,true,auto_confirmed
session_a1d1086ac114a0e6,S,2026-07-31,2,33,adb-observer,1,184.625,final-capture-complete,4,needs_review,3,complete,auction-protocol-v2,59,58,1,0,true,2352466,0.980398,26,2322348,-30118,false,true,classifier,true,yolo26n_background_catalog_scored,true,98,1,0,7,8,6,5,2,6,2,5,11,1420,65433.5,89321.076923,284912,final_total_conflict,mismatched,false,conflict
session_4c953fd43aced094,S,2026-07-31,2,34,adb-observer,1,94.484,final-capture-complete,2,complete,3,complete,auction-protocol-v2,33,33,0,0,true,5427495,0.982764,27,5427495,0,true,true,classifier,true,yolo26n_background_catalog_scored,true,92,0,0,5,10,9,3,6,4,3,3,11,3844,102347,201018.333333,2999999,reviewed,matched,true,auto_confirmed
session_23a9ed2fd748e9b9,S,2026-07-31,2,35,adb-observer,1,51.625,final-capture-complete,1,complete,3,complete,auction-protocol-v2,18,18,0,0,true,4514873,0.993412,13,4514873,0,true,true,classifier,true,yolo26n_background_catalog_scored,true,44,0,0,2,3,3,5,4,0,1,2,6,1814,131792,347297.923077,2394967,reviewed,matched,true,auto_confirmed
session_57a6cabe198e67e9,S,2026-07-31,2,36,adb-observer,1,129.453,final-capture-complete,3,complete,3,complete,auction-protocol-v2,48,48,0,0,true,3460946,0.99172,25,3460946,0,true,true,classifier,true,yolo26n_background_catalog_scored,true,70,0,0,6,7,10,2,9,3,1,2,10,6271,98067,138437.84,1307336,reviewed,matched,true,auto_confirmed
session_13de07af843234a5,S,2026-07-31,2,37,adb-observer,1,48.0,final-capture-complete,1,complete,3,complete,auction-protocol-v2,18,18,0,0,true,1677495,0.991458,10,1677495,0,true,true,classifier,true,yolo26n_background_catalog_scored,true,48,0,0,1,3,4,2,1,0,0,2,7,6271,165139.5,167749.5,381262,reviewed,matched,true,auto_confirmed
session_c1da95551b35c26d,S,2026-07-31,2,38,adb-observer,1,208.171,final-capture-complete,5,complete,3,complete,auction-protocol-v2,78,78,0,0,true,3473795,0.972821,38,3473795,0,true,true,classifier,true,yolo26n_background_catalog_scored,true,102,0,0,10,16,8,4,14,3,5,6,10,4507,61123.0,91415.657895,799999,reviewed,matched,true,auto_confirmed
session_b16cc40c721ec0f1,S,2026-07-31,2,39,adb-observer,1,69.25,final-capture-complete,1,complete,3,complete,auction-protocol-v2,18,18,0,0,true,5046572,0.987301,36,5046572,0,true,true,classifier,true,yolo26n_background_catalog_scored,true,105,0,0,5,13,13,5,10,3,3,8,12,3844,94369.0,140182.555556,1293299,reviewed,matched,true,auto_confirmed
session_b57050b326a9cb69,S,2026-07-31,2,40,adb-observer,1,244.032,final-capture-complete,5,complete,3,complete,auction-protocol-v2,79,78,1,0,true,4249923,0.998632,35,4249923,0,true,true,classifier,true,yolo26n_background_catalog_scored,true,113,0,0,4,14,11,6,4,4,4,6,17,2446,96008,121426.371429,992601,reviewed,matched,true,auto_confirmed
session_c855f8f9a05797e5,S,2026-07-31,2,41,adb-observer,1,181.703,final-capture-complete,4,complete,3,complete,auction-protocol-v2,62,62,0,0,true,5477261,0.982762,39,5477261,0,true,true,classifier,true,yolo26n_background_catalog_scored,true,160,0,0,6,17,12,4,8,2,0,7,22,2446,96819,140442.589744,992601,reviewed,matched,true,auto_confirmed
session_4f063bf882fc90f9,S,2026-07-31,2,42,adb-observer,1,82.922,final-capture-complete,2,complete,3,complete,auction-protocol-v2,32,32,0,0,true,2308511,0.991116,20,2308511,0,true,true,classifier,true,yolo26n_background_catalog_scored,true,58,0,0,5,7,5,3,6,2,3,0,9,2446,36855.5,115425.55,878245,reviewed,matched,true,auto_confirmed
session_4c7e644f06c18308,S,2026-07-31,2,43,adb-observer,1,210.141,final-capture-complete,4,needs_review,3,complete,auction-protocol-v2,67,63,4,0,true,3114171,0.997109,30,3264422,150251,false,true,classifier,true,yolo26n_background_catalog_scored,true,117,1,0,7,10,8,5,6,5,0,2,17,2360,70887.5,108814.066667,659511,final_total_conflict,mismatched,false,conflict
session_f02a1c4aeae0031f,S,2026-07-31,2,44,adb-observer,1,119.203,final-capture-complete,3,complete,3,complete,auction-protocol-v2,53,48,5,0,true,5243826,0.980351,27,5243826,0,true,true,classifier,true,yolo26n_background_catalog_scored,true,79,0,0,1,13,8,5,7,2,3,5,10,1814,96008,194215.777778,1635681,reviewed,matched,true,auto_confirmed
session_16bf21afa6422ebd,S,2026-07-31,2,45,adb-observer,1,72.156,final-capture-complete,1,needs_review,3,complete,auction-protocol-v2,18,18,0,0,true,4366917,0.995574,49,4372588,5671,false,true,classifier,true,yolo26n_background_catalog_scored,true,143,0,0,11,14,19,5,10,6,7,8,18,2360,71497,89236.489796,281034,final_total_conflict,mismatched,false,conflict
session_3657d9c270ff44c3,S,2026-07-31,2,46,adb-observer,1,225.657,final-capture-complete,5,needs_review,3,complete,auction-protocol-v2,78,78,0,0,true,4699745,0.980056,44,4699745,0,true,true,classifier,true,yolo26n_background_catalog_scored,true,161,0,3,13,13,14,4,7,5,3,9,20,3747,69744.0,106812.386364,992601,reviewed,matched,true,auto_confirmed
session_db81c45984efcbb5,S,2026-07-31,2,47,adb-observer,1,233.016,final-capture-complete,5,needs_review,3,complete,auction-protocol-v2,77,77,0,0,true,5442964,0.9874,57,5442964,0,true,true,classifier,true,yolo26n_background_catalog_scored,true,167,0,2,12,20,19,6,15,4,4,13,21,2446,79737,95490.596491,381262,reviewed,matched,true,auto_confirmed
session_8dd1f66d3fdf9602,S,2026-07-31,3,48,adb-observer,1,78.468,final-capture-complete,2,complete,3,complete,auction-protocol-v2,32,32,0,0,true,2106177,0.995544,19,2106177,0,true,true,classifier,true,yolo26n_background_catalog_scored,true,57,0,0,3,7,6,3,5,5,2,2,5,1420,92730,110851.421053,364855,reviewed,matched,true,auto_confirmed
session_1de74bf98190090e,S,2026-07-31,3,49,adb-observer,1,205.625,final-capture-complete,5,complete,3,complete,auction-protocol-v2,78,78,0,0,true,5199568,0.9825,45,5199568,0,true,true,classifier,true,yolo26n_background_catalog_scored,true,123,0,0,11,14,13,7,15,7,4,2,17,1420,71497,115545.955556,540336,reviewed,matched,true,auto_confirmed
session_8fc6b22e3857da61,S,2026-07-31,3,50,adb-observer,1,162.406,final-capture-complete,3,complete_with_identity_review,3,complete,auction-protocol-v2,45,45,0,0,true,5911640,0.9967,50,5911640,0,true,true,classifier,true,yolo26n_background_catalog_scored,true,159,1,0,15,16,14,5,12,5,5,10,18,1420,70887.5,118232.8,1307336,reviewed,matched,true,auto_confirmed
session_feaead74b3fbffea,S,2026-07-31,3,51,adb-observer,1,186.969,final-capture-complete,4,complete_with_identity_review,3,complete,auction-protocol-v2,63,62,1,0,true,9918521,0.987546,58,9918521,0,true,true,classifier,true,yolo26n_background_catalog_scored,true,193,1,0,15,17,15,11,11,4,5,11,27,2446,71425.0,171008.982759,1878833,reviewed,matched,true,auto_confirmed
session_24dfd4b6e72c1a3e,S,2026-07-31,3,52,adb-observer,1,183.703,final-capture-complete,4,needs_review,3,complete,auction-protocol-v2,63,62,1,0,true,5152226,0.991952,50,8149865,2997639,false,true,classifier,true,yolo26n_background_catalog_scored,true,167,1,0,11,15,20,4,8,6,6,9,21,8454,99177.5,162997.3,2999999,final_total_conflict,mismatched,false,conflict
session_741ec793c1bd2079,S,2026-07-31,3,53,adb-observer,1,166.578,final-capture-complete,4,complete,3,complete,auction-protocol-v2,62,62,0,0,true,979568,0.9851,10,979568,0,true,true,classifier,true,yolo26n_background_catalog_scored,true,33,0,0,2,3,4,1,0,1,1,2,6,6271,77738.5,97956.8,247007,reviewed,matched,true,auto_confirmed
session_208df59d967bac1a,S,2026-07-31,3,54,adb-observer,1,82.687,final-capture-complete,2,complete,3,complete,auction-protocol-v2,35,33,2,0,true,3789458,0.985152,38,3789458,0,true,true,classifier,true,yolo26n_background_catalog_scored,true,113,0,0,7,10,13,8,10,5,3,9,11,1814,86233.5,99722.578947,499425,reviewed,matched,true,auto_confirmed
session_ac7c036d58c55780,S,2026-07-31,3,55,adb-observer,1,150.781,final-capture-complete,3,complete,3,complete,auction-protocol-v2,44,43,1,0,true,1861408,0.997745,25,1861408,0,true,true,classifier,true,yolo26n_background_catalog_scored,true,75,0,0,7,6,10,2,5,4,4,3,9,1420,79737,74456.32,226538,reviewed,matched,true,auto_confirmed
session_025cc65b0d075e31,S,2026-07-31,3,56,adb-observer,1,46.734,final-capture-complete,1,complete,3,complete,auction-protocol-v2,18,16,2,0,true,1226901,0.992871,11,1226901,0,true,true,classifier,true,yolo26n_background_catalog_scored,true,40,0,0,1,6,3,1,1,0,1,1,8,12171,79737,111536.454545,302326,reviewed,matched,true,auto_confirmed
session_723ec579683095c0,S,2026-07-31,3,57,adb-observer,1,77.375,final-capture-complete,1,complete,3,complete,auction-protocol-v2,17,17,0,0,true,5342679,0.976331,60,5342679,0,true,true,classifier,true,yolo26n_background_catalog_scored,true,193,0,0,16,16,16,12,11,6,9,8,26,1420,65433.5,89044.65,659511,reviewed,matched,true,auto_confirmed
session_12e7575333e512c0,S,2026-07-31,3,58,adb-observer,1,92.75,final-capture-complete,2,complete,3,complete,auction-protocol-v2,33,33,0,0,true,2477469,0.986834,19,2477469,0,true,true,classifier,true,yolo26n_background_catalog_scored,true,64,0,0,4,6,6,3,4,2,1,3,9,3797,110503,130393.105263,540336,reviewed,matched,true,auto_confirmed
session_bb89157be6e92c75,S,2026-07-31,3,59,adb-observer,1,107.406,final-capture-complete,2,complete,3,complete,auction-protocol-v2,32,32,0,0,true,5091964,0.993289,50,5091964,0,true,true,classifier,true,yolo26n_background_catalog_scored,true,168,0,0,14,17,15,4,11,8,3,9,19,1420,71425.0,101839.28,886532,reviewed,matched,true,auto_confirmed
session_1231f8302565ab1d,S,2026-07-31,3,60,adb-observer,1,222.485,final-capture-complete,5,complete,3,complete,auction-protocol-v2,75,74,1,0,true,2126177,0.990621,19,2126177,0,true,true,classifier,true,yolo26n_background_catalog_scored,true,66,0,0,5,6,4,4,1,2,3,4,9,2446,67435,111904.052632,992601,reviewed,matched,true,auto_confirmed
session_4217ca039230cca5,S,2026-07-31,3,61,adb-observer,1,79.375,final-capture-complete,2,complete,3,complete,auction-protocol-v2,32,31,1,0,true,1816915,0.990547,15,1816915,0,true,true,classifier,true,yolo26n_background_catalog_scored,true,50,0,0,1,7,6,1,1,0,3,1,10,8454,106949,121127.666667,281034,reviewed,matched,true,auto_confirmed
session_615bb1c71c62e4ef,S,2026-07-31,3,62,adb-observer,1,90.704,final-capture-complete,2,complete_with_identity_review,3,complete,auction-protocol-v2,36,33,3,0,true,5023257,0.986852,27,5023257,0,true,true,classifier,true,yolo26n_background_catalog_scored,true,85,1,0,3,9,10,5,5,2,4,2,14,1814,109576,186046.555556,971708,reviewed,matched,true,auto_confirmed
session_16e4896ae0db128c,S,2026-07-31,3,63,adb-observer,1,190.89,final-capture-complete,4,complete,3,complete,auction-protocol-v2,67,63,4,0,true,5780875,0.985829,43,5780875,0,true,true,classifier,true,yolo26n_background_catalog_scored,true,147,0,0,11,15,12,5,3,8,4,9,19,2360,73106,134438.953488,1293299,reviewed,matched,true,auto_confirmed
session_28d252b9e72112fc,S,2026-07-31,3,64,adb-observer,1,226.797,final-capture-complete,5,complete,3,complete,auction-protocol-v2,77,77,0,0,true,5363885,0.963162,46,5363885,0,true,true,classifier,true,yolo26n_background_catalog_scored,true,153,0,0,9,13,17,7,8,5,5,5,23,3797,86233.5,116606.195652,992601,reviewed,matched,true,auto_confirmed
session_64efb001ffa8f5ce,S,2026-07-31,3,65,adb-observer,1,131.172,final-capture-complete,3,complete,3,complete,auction-protocol-v2,52,47,5,0,true,6176729,0.992805,28,6176729,0,true,true,classifier,true,yolo26n_background_catalog_scored,true,89,0,0,7,10,6,5,7,2,4,4,11,6685,82918.0,220597.464286,2685114,reviewed,matched,true,auto_confirmed
session_886c2b8d61b2ebad,S,2026-07-31,3,66,adb-observer,1,176.328,final-capture-complete,4,complete,3,complete,auction-protocol-v2,66,63,3,0,true,6210632,0.984117,43,6210632,0,true,true,classifier,true,yolo26n_background_catalog_scored,true,151,0,0,9,12,18,4,6,6,3,4,24,3747,70278,144433.302326,1680426,reviewed,matched,true,auto_confirmed
session_b46845388e5a7a7f,S,2026-07-31,3,67,adb-observer,1,135.297,final-capture-complete,4,complete,3,complete,auction-protocol-v2,64,54,10,0,true,771547,0.993343,10,771547,0,true,true,classifier,true,yolo26n_background_catalog_scored,true,32,0,0,1,4,3,2,2,2,1,0,5,2360,73586.0,77154.7,188499,reviewed,matched,true,auto_confirmed
session_77bc8c57530900f4,S,2026-07-31,3,68,adb-observer,1,225.688,final-capture-complete,5,needs_review,3,complete,auction-protocol-v2,81,78,3,0,true,2955499,0.991496,31,2955499,0,true,true,classifier,true,yolo26n_background_catalog_scored,true,120,0,1,4,14,11,2,3,2,4,3,19,1420,79737,95338.677419,281034,reviewed,matched,true,auto_confirmed
session_88f3870a9ba17c2c,S,2026-07-31,4,69,adb-observer,1,220.312,final-capture-complete,5,needs_review,3,complete,auction-protocol-v2,78,77,1,0,true,5710158,0.97949,38,6191676,481518,false,true,classifier,true,yolo26n_background_catalog_scored,true,148,1,0,5,16,12,5,3,2,3,9,21,2360,101478.5,162938.842105,992601,final_total_conflict,mismatched,false,conflict
session_0c492b6321ee647e,S,2026-07-31,4,70,adb-observer,1,94.61,final-capture-complete,2,complete,3,complete,auction-protocol-v2,32,30,2,0,true,4843390,0.993665,30,4843390,0,true,true,classifier,true,yolo26n_background_catalog_scored,true,94,0,0,5,11,6,8,9,0,4,5,12,2446,81237.0,161446.333333,1307336,reviewed,matched,true,auto_confirmed
session_d89d5b51d57fe35a,S,2026-07-31,4,71,adb-observer,1,92.172,final-capture-complete,2,needs_review,3,complete,auction-protocol-v2,33,33,0,0,true,4498830,0.985542,29,3815645,-683185,false,true,classifier,true,yolo26n_background_catalog_scored,true,95,0,0,8,5,9,7,2,10,0,4,13,1420,79737,131573.965517,878245,final_total_conflict,mismatched,false,conflict
session_9607c314ddde0ffe,S,2026-07-31,4,72,adb-observer,1,55.266,final-capture-complete,1,complete,3,complete,auction-protocol-v2,18,18,0,0,true,2032773,0.986996,23,2032773,0,true,true,classifier,true,yolo26n_background_catalog_scored,true,83,0,0,5,9,8,1,3,4,2,2,12,5567,73106,88381.434783,247007,reviewed,matched,true,auto_confirmed
session_df0ce08d13da6509,S,2026-07-31,4,73,adb-observer,1,201.672,final-capture-complete,4,complete,3,complete,auction-protocol-v2,66,63,3,0,true,4476531,0.980821,49,4476531,0,true,true,classifier,true,yolo26n_background_catalog_scored,true,149,0,0,9,17,15,8,12,8,4,5,20,2446,67435,91357.77551,799999,reviewed,matched,true,auto_confirmed
session_ea7a9230413edcc6,S,2026-07-31,4,74,adb-observer,1,82.281,final-capture-complete,2,complete,3,complete,auction-protocol-v2,32,30,2,0,true,2992295,0.999578,26,2992295,0,true,true,classifier,true,yolo26n_background_catalog_scored,true,86,0,0,4,8,9,5,5,5,2,1,13,1420,68589.5,115088.269231,799999,reviewed,matched,true,auto_confirmed
session_77af217150bee08a,S,2026-07-31,4,75,adb-observer,1,211.578,final-capture-complete,5,complete,3,complete,auction-protocol-v2,79,78,1,0,true,4416407,0.989921,13,4416407,0,true,true,classifier,true,yolo26n_background_catalog_scored,true,44,0,0,1,4,4,4,3,0,1,3,6,4507,96819,339723.615385,2999999,reviewed,matched,true,auto_confirmed
session_c92f21ed9520746a,S,2026-07-31,4,76,adb-observer,1,173.125,final-capture-complete,4,complete,3,complete,auction-protocol-v2,63,63,0,0,true,3746512,0.983269,33,3746512,0,true,true,classifier,true,yolo26n_background_catalog_scored,true,117,0,0,8,10,8,7,4,4,3,3,19,3797,67435,113530.666667,540336,reviewed,matched,true,auto_confirmed
session_839e888432f3102a,S,2026-07-31,4,77,adb-observer,1,71.906,final-capture-complete,1,complete_with_identity_review,3,complete,auction-protocol-v2,17,17,0,0,true,5667401,0.994499,38,5667401,0,true,true,classifier,true,yolo26n_background_catalog_scored,true,134,2,0,8,12,12,6,7,4,3,5,19,3797,65446.0,149142.131579,1956574,reviewed,matched,true,auto_confirmed
session_1c8ee3b2f10bceef,S,2026-07-31,4,78,adb-observer,1,50.672,final-capture-complete,1,complete,3,complete,auction-protocol-v2,18,17,1,0,true,2075860,0.986864,11,2075860,0,true,true,classifier,true,yolo26n_background_catalog_scored,true,38,0,0,1,4,4,2,0,4,0,3,4,12171,96008,188714.545455,992601,reviewed,matched,true,auto_confirmed
session_9a1f2a12fbe91593,S,2026-07-31,4,79,adb-observer,1,149.469,final-capture-complete,3,complete,3,complete,auction-protocol-v2,51,48,3,0,true,5281957,0.992069,37,5281957,0,true,true,classifier,true,yolo26n_background_catalog_scored,true,144,0,0,8,15,12,2,4,5,0,7,21,1420,79737,142755.594595,1733281,reviewed,matched,true,auto_confirmed
session_e9816e460192b42d,S,2026-07-31,4,80,adb-observer,1,92.891,final-capture-complete,2,complete_with_identity_review,3,complete,auction-protocol-v2,34,33,1,0,true,6291202,0.998039,36,6291202,0,true,true,classifier,true,yolo26n_background_catalog_scored,true,135,1,0,5,15,9,7,4,5,2,6,19,2360,68589.5,174755.611111,2999999,reviewed,matched,true,auto_confirmed
session_d614b4d076bea083,S,2026-07-31,4,81,adb-observer,1,54.328,final-capture-complete,1,complete,3,complete,auction-protocol-v2,18,18,0,0,true,3455858,0.976498,10,3455858,0,true,true,classifier,true,yolo26n_background_catalog_scored,true,29,0,0,1,3,4,2,4,0,1,2,3,6685,101757.5,345585.8,2685114,reviewed,matched,true,auto_confirmed
session_ad264106b4a82329,S,2026-07-31,4,82,adb-observer,1,109.812,final-capture-complete,2,complete,3,complete,auction-protocol-v2,34,33,1,0,true,6946003,0.988822,60,6946003,0,true,true,classifier,true,yolo26n_background_catalog_scored,true,197,0,0,12,20,19,9,14,3,2,8,33,1814,71497.0,115766.716667,1293299,reviewed,matched,true,auto_confirmed
session_cb94f7002f9e3426,S,2026-07-31,4,83,adb-observer,1,221.859,final-capture-complete,4,complete_with_identity_review,3,complete,auction-protocol-v2,61,60,1,0,true,6914830,0.988427,60,6914830,0,true,true,classifier,true,yolo26n_background_catalog_scored,true,177,2,0,14,18,17,11,13,4,8,8,27,3747,56204.5,115247.166667,1307336,reviewed,matched,true,auto_confirmed
session_3c701ec3c0ec6bb1,S,2026-07-31,4,84,adb-observer,1,110.828,final-capture-complete,3,complete,3,complete,auction-protocol-v2,44,43,1,0,true,1168941,0.99875,10,1168941,0,true,true,classifier,true,yolo26n_background_catalog_scored,true,27,0,0,1,5,3,1,2,2,1,1,4,7279,108726.0,116894.1,281034,reviewed,matched,true,auto_confirmed
session_ff3b162a438771e1,S,2026-07-31,4,85,adb-observer,1,64.641,final-capture-complete,1,complete,3,complete,auction-protocol-v2,18,18,0,0,true,1458739,0.983395,13,1458739,0,true,true,classifier,true,yolo26n_background_catalog_scored,true,49,0,0,1,5,6,1,1,0,1,7,4,3797,69744,112210.692308,302326,reviewed,matched,true,auto_confirmed
session_c891d39738a8d50f,S,2026-07-31,4,86,adb-observer,1,168.953,final-capture-complete,4,complete,3,complete,auction-protocol-v2,63,63,0,0,true,2867672,0.990325,29,2867672,0,true,true,classifier,true,yolo26n_background_catalog_scored,true,77,0,0,4,13,10,2,7,2,3,3,14,1420,98067,98885.241379,281034,reviewed,matched,true,auto_confirmed
session_4019a62ac9623e25,S,2026-07-31,4,87,adb-observer,1,242.906,final-capture-complete,5,needs_review,3,complete,auction-protocol-v2,79,78,1,0,true,3896370,0.985494,38,3896370,0,true,true,classifier,true,yolo26n_background_catalog_scored,true,128,0,2,14,6,10,8,2,9,4,7,16,4507,35534.0,102536.052632,630423,reviewed,matched,true,auto_confirmed
session_e474c387bc3bb026,S,2026-07-31,4,88,adb-observer,1,117.625,final-capture-complete,3,complete,3,complete,auction-protocol-v2,47,47,0,0,true,1428880,0.993339,18,1428880,0,true,true,classifier,true,yolo26n_background_catalog_scored,true,69,0,0,4,7,6,1,2,2,0,3,11,2446,82918.0,79382.222222,175056,reviewed,matched,true,auto_confirmed
session_80f7a56ab3cc3abd,S,2026-07-31,4,89,adb-observer,1,191.625,final-capture-complete,4,needs_review,3,complete,auction-protocol-v2,67,63,4,0,true,3748418,0.986972,36,4233883,485465,false,true,classifier,true,yolo26n_background_catalog_scored,true,121,1,0,5,10,15,6,5,7,2,5,17,2446,90956.0,117607.861111,489972,final_total_conflict,mismatched,false,conflict
session_934a96d5f43209e6,S,2026-07-31,4,90,adb-observer,1,147.094,final-capture-complete,3,complete,3,complete,auction-protocol-v2,48,48,0,0,true,1290186,0.995002,13,1290186,0,true,true,classifier,true,yolo26n_background_catalog_scored,true,43,0,0,1,5,4,3,4,1,0,1,7,3747,61123,99245.076923,364855,reviewed,matched,true,auto_confirmed
session_bb2f60a0f0460885,S,2026-07-31,4,91,adb-observer,1,203.062,final-capture-complete,4,complete,3,complete,auction-protocol-v2,67,62,5,0,true,4380710,0.943426,27,4380710,0,true,true,classifier,true,yolo26n_background_catalog_scored,true,92,0,0,5,11,8,3,5,1,6,1,14,2446,98067,162248.518519,1587435,reviewed,matched,true,auto_confirmed
session_1efe2069ecff545a,S,2026-07-31,5,92,adb-observer,1,194.234,final-capture-complete,5,complete,3,complete,auction-protocol-v2,79,78,1,0,true,2924978,0.993341,13,2924978,0,true,true,classifier,true,yolo26n_background_catalog_scored,true,51,0,0,2,4,5,2,0,2,3,2,6,12171,110503,224998.307692,1486670,reviewed,matched,true,auto_confirmed
session_ca82d5c5d2a6d8e2,S,2026-07-31,5,93,adb-observer,1,215.157,final-capture-complete,4,complete,3,complete,auction-protocol-v2,71,63,8,0,true,2593249,0.995774,34,2593249,0,true,true,classifier,true,yolo26n_background_catalog_scored,true,102,0,0,9,8,14,3,12,3,2,5,12,3844,60570.5,76272.029412,247007,reviewed,matched,true,auto_confirmed
session_7a004df5d553d513,S,2026-07-31,5,94,adb-observer,1,66.969,final-capture-complete,1,needs_review,3,complete,auction-protocol-v2,18,17,1,0,true,5475793,0.964903,44,6438829,963036,false,true,classifier,true,yolo26n_background_catalog_scored,true,167,2,0,8,16,13,7,5,1,8,6,24,1814,86233.5,146337.022727,1680426,final_total_conflict,mismatched,false,conflict
session_42db21a6669a3669,S,2026-07-31,5,95,adb-observer,1,46.406,final-capture-complete,1,complete,3,complete,auction-protocol-v2,18,17,1,0,true,1415589,0.99647,10,1415589,0,true,true,classifier,true,yolo26n_background_catalog_scored,true,37,0,0,2,3,3,2,0,2,1,1,6,7982,99613.5,141558.9,489972,reviewed,matched,true,auto_confirmed
session_1320a00065832bea,S,2026-07-31,5,96,adb-observer,1,186.437,final-capture-complete,4,needs_review,3,complete,auction-protocol-v2,66,63,3,0,true,6196442,0.992021,60,6034641,-161801,false,true,classifier,true,yolo26n_background_catalog_scored,true,189,1,0,15,18,21,6,13,6,5,7,29,1814,65433.5,100577.35,971708,final_total_conflict,mismatched,false,conflict
session_7013b871bd757e8f,S,2026-07-31,5,97,adb-observer,1,114.0,final-capture-complete,2,needs_review,3,complete,auction-protocol-v2,32,32,0,0,true,5176083,0.989798,49,6474366,1298283,false,true,classifier,true,yolo26n_background_catalog_scored,true,167,1,0,11,10,17,11,6,6,8,10,19,1420,70278,132129.918367,1307336,final_total_conflict,mismatched,false,conflict
session_43633bf190e54f58,S,2026-07-31,5,98,adb-observer,1,205.312,final-capture-complete,5,complete_with_identity_review,3,complete,auction-protocol-v2,78,78,0,0,true,5318386,0.968947,22,5318386,0,true,true,classifier,true,yolo26n_background_catalog_scored,true,71,2,0,3,8,6,5,2,1,5,3,11,2360,101478.5,241744.818182,2557820,reviewed,matched,true,auto_confirmed
session_d2176598b31a328f,S,2026-07-31,5,99,adb-observer,1,208.563,final-capture-complete,5,complete_with_identity_review,3,complete,auction-protocol-v2,78,78,0,0,true,6049738,0.982252,52,6049738,0,true,true,classifier,true,yolo26n_background_catalog_scored,true,163,1,0,8,18,17,9,10,11,6,5,20,1814,72301.5,116341.115385,1080961,reviewed,matched,true,auto_confirmed
session_cf3f9c3e3259b6d6,S,2026-07-31,5,100,adb-observer,1,145.297,final-capture-complete,3,complete,3,complete,auction-protocol-v2,47,47,0,0,true,2916961,0.998217,28,2916961,0,true,true,classifier,true,yolo26n_background_catalog_scored,true,87,0,0,4,7,13,4,8,6,2,3,9,1814,84962.5,104177.178571,302326,reviewed,matched,true,auto_confirmed
session_2f5b24ce3b3959e2,S,2026-07-31,5,101,adb-observer,1,55.547,final-capture-complete,1,complete,3,complete,auction-protocol-v2,22,17,5,0,true,2710924,0.94727,24,2710924,0,true,true,classifier,true,yolo26n_background_catalog_scored,true,78,0,0,3,9,9,3,4,2,5,3,10,6271,88911.5,112955.166667,776546,reviewed,matched,true,auto_confirmed
session_3d6f6042a308c3e5,S,2026-07-31,5,102,adb-observer,1,61.078,final-capture-complete,1,complete,3,complete,auction-protocol-v2,18,18,0,0,true,6648047,0.988096,31,6648047,0,true,true,classifier,true,yolo26n_background_catalog_scored,true,81,0,0,5,8,10,8,9,4,6,1,11,6685,98067,214453.129032,1956574,reviewed,matched,true,auto_confirmed
session_29af8e94133cd9e7,S,2026-07-31,5,103,adb-observer,1,57.687,final-capture-complete,1,complete,3,complete,auction-protocol-v2,19,17,2,0,true,3119181,0.999262,28,3119181,0,true,true,classifier,true,yolo26n_background_catalog_scored,true,91,0,0,4,9,12,3,5,5,3,4,11,1420,106949.0,111399.321429,438654,reviewed,matched,true,auto_confirmed
session_54a27b29fdd0d893,S,2026-07-31,5,104,adb-observer,1,104.531,final-capture-complete,2,complete_with_identity_review,3,complete,auction-protocol-v2,37,33,4,0,true,5896796,0.980297,29,5896796,0,true,true,classifier,true,yolo26n_background_catalog_scored,true,85,1,0,7,7,8,7,7,2,7,3,10,4507,93012,203337.793103,2557820,reviewed,matched,true,auto_confirmed
session_cd5e41e7d0da9604,S,2026-07-31,5,105,adb-observer,1,78.313,final-capture-complete,1,complete,3,complete,auction-protocol-v2,18,17,1,0,true,4839655,0.98741,34,4839655,0,true,true,classifier,true,yolo26n_background_catalog_scored,true,114,0,0,7,11,9,7,11,0,3,1,19,2360,64024.5,142342.794118,1293299,reviewed,matched,true,auto_confirmed
session_068176e229a8f499,S,2026-07-31,5,106,adb-observer,1,47.062,final-capture-complete,1,complete,3,complete,auction-protocol-v2,18,18,0,0,true,3484358,0.976233,10,3484358,0,true,true,classifier,true,yolo26n_background_catalog_scored,true,41,0,0,1,3,4,2,1,0,0,1,8,1814,91000.0,348435.8,2394967,reviewed,matched,true,auto_confirmed
session_04dd303789073905,S,2026-07-31,5,107,adb-observer,1,57.031,final-capture-complete,1,complete,3,complete,auction-protocol-v2,19,18,1,0,true,1457314,0.996178,19,1457314,0,true,true,classifier,true,yolo26n_background_catalog_scored,true,62,0,0,4,8,6,1,3,2,3,4,7,6271,44974,76700.736842,240927,reviewed,matched,true,auto_confirmed
session_583ac4688b6aa01d,S,2026-07-31,5,108,adb-observer,1,99.922,final-capture-complete,1,complete,3,complete,auction-protocol-v2,18,17,1,0,true,6818449,0.992595,34,6818449,0,true,true,classifier,true,yolo26n_background_catalog_scored,true,114,0,0,7,11,12,4,5,4,3,2,20,2446,101478.5,200542.617647,2999999,reviewed,matched,true,auto_confirmed
session_5c1b7a7cde8922fa,S,2026-07-31,5,109,adb-observer,1,47.141,final-capture-complete,1,needs_review,3,complete,auction-protocol-v2,21,18,3,0,true,1522123,0.996573,14,1529402,7279,false,true,classifier,true,yolo26n_background_catalog_scored,true,36,1,0,1,3,7,3,3,3,1,1,6,1814,109734.0,109243.0,281034,final_total_conflict,mismatched,false,conflict
session_af147b91c76288fe,S,2026-07-31,5,110,adb-observer,1,149.125,final-capture-complete,4,complete,3,complete,auction-protocol-v2,64,63,1,0,true,3177125,0.989935,34,3177125,0,true,true,classifier,true,yolo26n_background_catalog_scored,true,100,0,0,5,15,11,3,8,4,3,3,16,5567,76421.5,93444.852941,226538,reviewed,matched,true,auto_confirmed
session_3c65e909fc2ef8bb,S,2026-07-31,5,111,adb-observer,1,100.453,final-capture-complete,2,complete,3,complete,auction-protocol-v2,35,33,2,0,true,6610788,0.985122,48,6610788,0,true,true,classifier,true,yolo26n_background_catalog_scored,true,168,0,0,7,21,15,5,10,7,2,8,21,1420,72301.5,137724.75,1733281,reviewed,matched,true,auto_confirmed
session_79e291bb6c236c49,S,2026-07-31,5,112,adb-observer,1,211.703,final-capture-complete,5,needs_review,3,complete,auction-protocol-v2,79,77,2,0,true,6381206,0.980984,36,6381206,0,true,true,classifier,true,yolo26n_background_catalog_scored,true,105,0,1,9,9,10,8,9,4,6,4,13,2360,75617.0,177255.722222,2394967,reviewed,matched,true,auto_confirmed
session_a133634e2e6957ff,S,2026-07-31,5,113,adb-observer,1,173.141,final-capture-complete,3,needs_review,3,complete,auction-protocol-v2,43,42,1,0,true,5739877,0.979196,60,7367104,1627227,false,true,classifier,true,yolo26n_background_catalog_scored,true,179,1,0,13,17,22,8,13,12,7,5,23,1420,82415.0,122785.066667,1635681,final_total_conflict,mismatched,false,conflict
session_8987cfeb47dede8f,S,2026-07-31,5,114,adb-observer,1,146.547,final-capture-complete,3,needs_review,3,complete,auction-protocol-v2,47,47,0,0,true,5749836,0.986045,59,8877778,3127942,false,true,classifier,true,yolo26n_background_catalog_scored,true,213,3,1,16,17,20,6,14,1,6,8,30,2360,92730,150470.813559,2999999,final_total_conflict,mismatched,false,conflict
session_0aab7a5b271ad706,S,2026-07-31,5,115,adb-observer,1,111.546,final-capture-complete,1,complete_with_identity_review,3,complete,auction-protocol-v2,19,16,3,0,true,5271608,0.998772,34,5271608,0,true,true,classifier,true,yolo26n_background_catalog_scored,true,129,1,0,6,13,7,8,4,2,3,10,15,3797,65179.0,155047.294118,1587435,reviewed,matched,true,auto_confirmed
session_7ccf015de45758f6,S,2026-07-31,6,116,adb-observer,1,155.344,final-capture-complete,3,complete,3,complete,auction-protocol-v2,47,47,0,0,true,3970234,0.998936,39,3970234,0,true,true,classifier,true,yolo26n_background_catalog_scored,true,102,0,0,9,12,12,6,10,7,5,5,12,1814,73106,101800.871795,706471,reviewed,matched,true,auto_confirmed
session_1ea7b89d2283bda6,S,2026-07-31,6,117,adb-observer,1,51.703,final-capture-complete,1,complete,3,complete,auction-protocol-v2,18,18,0,0,true,2418072,0.997252,17,2418072,0,true,true,classifier,true,yolo26n_background_catalog_scored,true,45,0,0,4,5,5,3,5,2,1,4,5,1420,69744,142239.529412,1083805,reviewed,matched,true,auto_confirmed
session_8202034f781ca8c5,S,2026-07-31,6,118,adb-observer,1,140.125,final-capture-complete,4,complete,3,complete,auction-protocol-v2,64,63,1,0,true,2947148,0.985274,16,2947148,0,true,true,classifier,true,yolo26n_background_catalog_scored,true,51,0,0,2,6,4,4,3,2,3,2,6,1420,94369.0,184196.75,1635681,reviewed,matched,true,auto_confirmed
session_ac3a8c9e7e2176cb,S,2026-07-31,6,119,adb-observer,1,113.204,final-capture-complete,3,complete,3,complete,auction-protocol-v2,48,48,0,0,true,3974604,0.993534,22,3974604,0,true,true,classifier,true,yolo26n_background_catalog_scored,true,79,0,0,2,7,8,5,2,1,4,4,11,2360,100207.0,180663.818182,1293299,reviewed,matched,true,auto_confirmed
session_e6ed9beefcca5d67,S,2026-07-31,6,120,adb-observer,1,300.094,final-capture-complete,5,needs_review,3,complete,auction-protocol-v2,79,78,1,0,true,6479014,0.994342,53,6629265,150251,false,true,classifier,true,yolo26n_background_catalog_scored,true,153,1,0,10,22,14,7,10,12,4,6,21,1420,85093,125080.471698,971708,final_total_conflict,mismatched,false,conflict
session_04b28d5c2980a41e,S,2026-07-31,6,121,adb-observer,1,156.813,final-capture-complete,4,complete,3,complete,auction-protocol-v2,62,62,0,0,true,3837611,0.993688,35,3837611,0,true,true,classifier,true,yolo26n_background_catalog_scored,true,118,0,0,5,11,16,3,8,4,3,3,17,1420,73106,109646.028571,302326,reviewed,matched,true,auto_confirmed
session_d8562f19255643ce,S,2026-07-31,6,122,adb-observer,1,165.047,final-capture-complete,4,complete,3,complete,auction-protocol-v2,72,63,9,0,true,5974525,0.974491,39,5974525,0,true,true,classifier,true,yolo26n_background_catalog_scored,true,136,0,0,5,12,13,9,7,4,7,2,19,1420,96819,153192.948718,1561430,reviewed,matched,true,auto_confirmed
session_28ddf824db6d10e2,S,2026-07-31,6,123,adb-observer,1,181.579,final-capture-complete,4,needs_review,3,complete,auction-protocol-v2,65,63,2,0,true,6986336,0.955309,52,7471801,485465,false,true,classifier,true,yolo26n_background_catalog_scored,true,187,3,5,11,17,12,12,7,2,7,6,30,2360,67435.0,143688.480769,1635681,final_total_conflict,mismatched,false,conflict
session_9dd6c07aafbb3c6a,S,2026-07-31,6,124,adb-observer,1,156.937,final-capture-complete,3,needs_review,3,complete,auction-protocol-v2,47,47,0,0,true,6751496,0.993251,47,6751496,0,true,true,classifier,true,yolo26n_background_catalog_scored,true,146,0,5,9,15,17,6,12,2,5,6,22,2446,98067,143648.851064,1307336,reviewed,matched,true,auto_confirmed
session_02b7ad0d6a543cd7,S,2026-07-31,6,125,adb-observer,1,129.25,final-capture-complete,3,complete,3,complete,auction-protocol-v2,47,47,0,0,true,5043175,0.987232,46,5043175,0,true,true,classifier,true,yolo26n_background_catalog_scored,true,130,0,0,11,13,16,6,12,6,7,8,13,1420,68856.5,109634.23913,1083805,reviewed,matched,true,auto_confirmed
session_03ecc9eedece1218,S,2026-07-31,6,126,adb-observer,1,144.562,final-capture-complete,1,complete_with_identity_review,3,complete,auction-protocol-v2,16,13,3,0,true,6816463,0.986786,34,6816463,0,true,true,classifier,true,yolo26n_background_catalog_scored,true,117,1,0,3,13,14,4,5,2,2,8,17,2360,94369.0,200484.205882,3061687,reviewed,matched,true,auto_confirmed
session_cd43ff0b504f514e,S,2026-07-31,6,127,adb-observer,1,58.796,final-capture-complete,1,complete,3,complete,auction-protocol-v2,18,18,0,0,true,3707151,0.996745,32,3707151,0,true,true,classifier,true,yolo26n_background_catalog_scored,true,123,0,0,8,10,8,6,5,3,3,4,17,2360,60868.5,115848.46875,1307336,reviewed,matched,true,auto_confirmed
session_1c29bad84c358737,S,2026-07-31,6,128,adb-observer,1,55.094,final-capture-complete,1,complete_with_identity_review,3,complete,auction-protocol-v2,19,18,1,0,true,1884754,0.982241,13,1884754,0,true,true,classifier,true,yolo26n_background_catalog_scored,true,54,1,0,2,3,5,3,1,0,1,0,11,3747,96819,144981.076923,713390,reviewed,matched,true,auto_confirmed
session_b0693eb033344557,S,2026-07-31,6,129,adb-observer,1,175.719,final-capture-complete,4,needs_review,3,complete,auction-protocol-v2,63,63,0,0,true,5539856,0.978921,34,5469578,-70278,false,true,classifier,true,yolo26n_background_catalog_scored,true,121,0,0,7,12,10,5,6,2,4,4,18,1420,94369.0,160869.941176,1307336,final_total_conflict,mismatched,false,conflict
session_57d513d673333cd7,S,2026-07-31,6,130,adb-observer,1,214.531,final-capture-complete,5,complete,3,complete,auction-protocol-v2,78,77,1,0,true,3782503,0.958828,44,3782503,0,true,true,classifier,true,yolo26n_background_catalog_scored,true,128,0,0,8,14,17,5,7,8,6,3,20,2446,52496.0,85965.977273,302326,reviewed,matched,true,auto_confirmed
session_6b2e9b4efc892a8b,S,2026-07-31,6,131,adb-observer,1,202.875,final-capture-complete,3,complete,3,complete,auction-protocol-v2,47,47,0,0,true,4931767,0.995935,33,4931767,0,true,true,classifier,true,yolo26n_background_catalog_scored,true,114,0,0,6,10,11,6,3,3,2,5,20,3747,73106,149447.484848,1561430,reviewed,matched,true,auto_confirmed
session_66b6668cf4b791bb,S,2026-07-31,6,132,adb-observer,1,65.969,final-capture-complete,1,complete,3,complete,auction-protocol-v2,19,18,1,0,true,3848881,0.988385,27,3848881,0,true,true,classifier,true,yolo26n_background_catalog_scored,true,92,0,0,2,14,6,5,3,3,5,4,12,1814,71497,142551.148148,1307336,reviewed,matched,true,auto_confirmed
session_a9c5676f2993d6a8,S,2026-07-31,6,133,adb-observer,1,67.641,final-capture-complete,1,complete,3,complete,auction-protocol-v2,20,17,3,0,true,6573675,0.975597,35,6573675,0,true,true,classifier,true,yolo26n_background_catalog_scored,true,110,0,0,6,10,10,9,8,8,2,1,16,3797,85093,187819.285714,2685114,reviewed,matched,true,auto_confirmed
session_a974db790ba3f39e,S,2026-07-31,6,134,adb-observer,1,53.047,final-capture-complete,1,complete,3,complete,auction-protocol-v2,19,18,1,0,true,4059140,0.994403,31,4059140,0,true,true,classifier,true,yolo26n_background_catalog_scored,true,93,0,0,7,9,11,4,8,4,3,2,14,2360,85093,130940.0,776546,reviewed,matched,true,auto_confirmed
session_327e0053e0bed047,S,2026-07-31,6,135,adb-observer,1,66.609,final-capture-complete,1,complete_with_identity_review,3,complete,auction-protocol-v2,19,18,1,0,true,3574776,0.973105,30,3574776,0,true,true,classifier,true,yolo26n_background_catalog_scored,true,97,1,0,5,12,8,5,7,3,2,5,13,1814,60614.0,119159.2,1635681,reviewed,matched,true,auto_confirmed
session_c223e8cc592b97a2,S,2026-07-31,6,136,adb-observer,1,193.579,final-capture-complete,4,complete,3,complete,auction-protocol-v2,62,62,0,0,true,2081448,0.993842,31,2081448,0,true,true,classifier,true,yolo26n_background_catalog_scored,true,101,0,0,10,8,11,2,4,6,3,4,14,2446,47954,67143.483871,247007,reviewed,matched,true,auto_confirmed
session_6500242321c30076,S,2026-07-31,6,137,adb-observer,1,157.938,final-capture-complete,4,complete,3,complete,auction-protocol-v2,58,57,1,0,true,5020537,0.995466,36,5020537,0,true,true,classifier,true,yolo26n_background_catalog_scored,true,106,0,0,6,10,16,4,6,4,8,4,14,3844,90550.5,139459.361111,1587435,reviewed,matched,true,auto_confirmed
session_79054b883e7a0d20,S,2026-07-31,7,138,adb-observer,1,54.25,final-capture-complete,1,complete,3,complete,auction-protocol-v2,17,16,1,0,true,2467884,0.985693,23,2467884,0,true,true,classifier,true,yolo26n_background_catalog_scored,true,86,0,0,6,5,8,4,4,0,0,4,15,3797,67435,107299.304348,385956,reviewed,matched,true,auto_confirmed
session_7f8f77f2866b2dfa,S,2026-07-31,7,139,adb-observer,1,75.453,final-capture-complete,1,needs_review,3,complete,auction-protocol-v2,18,18,0,0,true,6797940,0.987036,56,7230323,432383,false,true,classifier,true,yolo26n_background_catalog_scored,true,175,2,0,16,18,14,8,14,2,7,8,25,2446,60614.0,129112.910714,1680426,final_total_conflict,mismatched,false,conflict
session_493c15ffba352e5e,S,2026-07-31,7,140,adb-observer,1,214.844,final-capture-complete,5,complete,3,complete,auction-protocol-v2,80,77,3,0,true,4429679,0.986938,34,4429679,0,true,true,classifier,true,yolo26n_background_catalog_scored,true,122,0,0,6,16,8,4,5,2,4,6,17,3797,60316.0,130284.676471,971708,reviewed,matched,true,auto_confirmed
session_3dab54067a607e83,S,2026-07-31,7,141,adb-observer,1,117.125,final-capture-complete,1,needs_review,3,complete,auction-protocol-v2,17,17,0,0,true,4405545,0.985305,34,4405545,0,true,true,classifier,true,yolo26n_background_catalog_scored,true,107,1,1,8,8,13,5,7,5,5,2,15,2446,104648.0,129574.852941,886532,reviewed,matched,true,auto_confirmed
session_3bfd7126b569ee85,S,2026-07-31,7,142,adb-observer,1,174.813,final-capture-complete,4,needs_review,3,complete,auction-protocol-v2,64,63,1,0,true,6268267,0.971146,60,6749785,481518,false,true,classifier,true,yolo26n_background_catalog_scored,true,194,1,0,15,20,14,11,13,8,7,7,25,2360,82415.0,112496.416667,499425,final_total_conflict,mismatched,false,conflict
session_f0793ebe079168cd,S,2026-07-31,7,143,adb-observer,1,228.375,final-capture-complete,5,needs_review,3,complete,auction-protocol-v2,77,77,0,0,true,6231414,0.996243,47,6231414,0,true,true,classifier,true,yolo26n_background_catalog_scored,true,162,1,2,10,15,14,8,12,3,2,8,22,1420,51756,132583.276596,1878833,reviewed,matched,true,auto_confirmed
session_72ce16000fcb5249,S,2026-07-31,7,144,adb-observer,1,114.796,final-capture-complete,3,complete,3,complete,auction-protocol-v2,52,47,5,0,true,1481095,0.999075,12,1481095,0,true,true,classifier,true,yolo26n_background_catalog_scored,true,38,0,0,1,5,5,1,3,1,1,1,6,1420,105764.5,123424.583333,281034,reviewed,matched,true,auto_confirmed
session_1df1be406624ca31,S,2026-07-31,7,145,adb-observer,1,192.641,final-capture-complete,5,complete,3,complete,auction-protocol-v2,77,77,0,0,true,5422815,0.993523,16,5422815,0,true,true,classifier,true,yolo26n_background_catalog_scored,true,63,0,0,1,4,6,5,3,4,0,1,8,1420,92730.0,338925.9375,2999999,reviewed,matched,true,auto_confirmed
session_8d6e9cd503ab7809,S,2026-07-31,7,146,adb-observer,1,157.937,final-capture-complete,4,complete,3,complete,auction-protocol-v2,62,62,0,0,true,2058039,0.98114,19,2058039,0,true,true,classifier,true,yolo26n_background_catalog_scored,true,51,0,0,3,8,6,2,2,6,4,5,2,1420,106949,108317.842105,364855,reviewed,matched,true,auto_confirmed
session_97fcf286ff0a768b,S,2026-07-31,7,147,adb-observer,1,199.719,final-capture-complete,5,complete_with_identity_review,3,complete,auction-protocol-v2,79,78,1,0,true,5285536,0.950259,40,5285536,0,true,true,classifier,true,yolo26n_background_catalog_scored,true,145,1,0,8,15,11,6,8,5,2,9,16,3797,72301.5,132138.4,1080961,reviewed,matched,true,auto_confirmed
session_61e35035fbfaf466,S,2026-07-31,7,148,adb-observer,1,211.25,final-capture-complete,4,needs_review,3,complete,auction-protocol-v2,69,61,8,0,true,6404550,0.980469,54,6404550,0,true,true,classifier,true,yolo26n_background_catalog_scored,true,162,0,1,11,19,16,8,12,8,4,9,21,1420,76421.5,118602.777778,992601,reviewed,matched,true,auto_confirmed
session_b98d8c75bdf8acf8,S,2026-07-31,7,149,adb-observer,1,91.953,final-capture-complete,2,complete,3,complete,auction-protocol-v2,32,32,0,0,true,3697635,0.981654,32,3697635,0,true,true,classifier,true,yolo26n_background_catalog_scored,true,91,0,0,8,14,7,3,6,3,5,3,15,2360,63726.5,115551.09375,886532,reviewed,matched,true,auto_confirmed
session_f2397e15c8c46908,S,2026-07-31,7,150,adb-observer,1,270.375,final-capture-complete,5,needs_review,3,complete,auction-protocol-v2,84,78,6,0,true,6316430,0.989963,56,6764498,448068,false,true,classifier,true,yolo26n_background_catalog_scored,true,167,1,1,14,18,13,11,11,6,12,9,18,2360,72301.5,120794.607143,706471,final_total_conflict,mismatched,false,conflict
session_83870b854a6753ea,S,2026-07-31,7,151,adb-observer,1,207.203,final-capture-complete,5,complete,3,complete,auction-protocol-v2,70,69,1,0,true,4020218,0.992256,30,4020218,0,true,true,classifier,true,yolo26n_background_catalog_scored,true,99,0,0,6,9,9,6,7,4,2,2,15,1420,68589.5,134007.266667,1083805,reviewed,matched,true,auto_confirmed
session_533b4a336efe22f8,S,2026-07-31,7,152,adb-observer,1,55.421,final-capture-complete,1,complete,3,complete,auction-protocol-v2,18,18,0,0,true,886998,0.985949,10,886998,0,true,true,classifier,true,yolo26n_background_catalog_scored,true,40,0,0,2,4,3,1,3,0,0,1,6,3747,60868.5,88699.8,226538,reviewed,matched,true,auto_confirmed
session_31e2004701f022c2,S,2026-07-31,7,153,adb-observer,1,69.218,final-capture-complete,1,needs_review,3,complete,auction-protocol-v2,20,18,2,0,true,4303126,0.991187,47,4265729,-37397,false,true,classifier,true,yolo26n_background_catalog_scored,true,152,0,0,6,17,17,7,13,2,5,5,22,2360,73106,90760.191489,364855,final_total_conflict,mismatched,false,conflict
session_0be9d6a7ad100cc2,S,2026-07-31,7,154,adb-observer,1,222.219,final-capture-complete,5,complete,3,complete,auction-protocol-v2,78,78,0,0,true,3737774,0.979111,29,3737774,0,true,true,classifier,true,yolo26n_background_catalog_scored,true,91,0,0,4,11,8,6,7,1,4,5,12,6685,69744,128888.758621,706471,reviewed,matched,true,auto_confirmed
session_cc4fc5f08e211a9d,S,2026-07-31,7,155,adb-observer,1,193.563,final-capture-complete,4,complete,3,complete,auction-protocol-v2,62,62,0,0,true,2182829,0.997501,22,2182829,0,true,true,classifier,true,yolo26n_background_catalog_scored,true,49,0,0,6,5,8,3,9,3,1,2,7,2446,75007.5,99219.5,452757,reviewed,matched,true,auto_confirmed
session_ced3710e71788b5b,S,2026-07-31,7,156,adb-observer,1,201.172,final-capture-complete,5,complete_with_identity_review,3,complete,auction-protocol-v2,78,78,0,0,true,3343719,0.989922,37,3343719,0,true,true,classifier,true,yolo26n_background_catalog_scored,true,117,1,0,12,8,12,5,10,4,2,5,16,1420,42261,90370.783784,713390,reviewed,matched,true,auto_confirmed
session_7eae90d2b3f48cd1,S,2026-07-31,8,157,adb-observer,1,216.437,final-capture-complete,5,complete,3,complete,auction-protocol-v2,77,77,0,0,true,5444270,0.987859,39,5444270,0,true,true,classifier,true,yolo26n_background_catalog_scored,true,120,0,0,7,11,16,5,5,6,5,6,17,2446,79737,139596.666667,1293299,reviewed,matched,true,auto_confirmed
session_c0042bb45d87a15b,S,2026-07-31,8,158,adb-observer,1,176.235,final-capture-complete,5,complete,3,complete,auction-protocol-v2,78,77,1,0,true,2934919,0.994545,17,2934919,0,true,true,classifier,true,yolo26n_background_catalog_scored,true,54,0,0,3,8,3,3,5,3,0,4,5,1420,69744,172642.294118,1733281,reviewed,matched,true,auto_confirmed
session_93f68260ce5537dc,S,2026-07-31,8,159,adb-observer,1,130.984,final-capture-complete,3,complete,3,complete,auction-protocol-v2,48,48,0,0,true,3194920,0.986947,33,3194920,0,true,true,classifier,true,yolo26n_background_catalog_scored,true,102,0,0,7,12,12,2,5,4,4,6,14,2446,73106,96815.757576,302326,reviewed,matched,true,auto_confirmed
session_bebe524bf6454906,S,2026-07-31,8,160,adb-observer,1,119.969,final-capture-complete,3,complete,3,complete,auction-protocol-v2,48,48,0,0,true,4280528,0.966984,31,4280528,0,true,true,classifier,true,yolo26n_background_catalog_scored,true,100,0,0,7,7,11,6,6,4,2,4,15,1420,85093,138081.548387,776546,reviewed,matched,true,auto_confirmed
session_f670de9a6d639100,S,2026-07-31,8,161,adb-observer,1,190.39,final-capture-complete,4,complete,3,complete,auction-protocol-v2,63,63,0,0,true,3834967,0.989211,49,3834967,0,true,true,classifier,true,yolo26n_background_catalog_scored,true,159,0,0,14,12,12,11,9,7,8,9,16,3747,36824,78264.632653,438654,reviewed,matched,true,auto_confirmed
session_8438d5faa25e72ec,S,2026-07-31,8,162,adb-observer,1,174.813,final-capture-complete,4,needs_review,3,complete,auction-protocol-v2,64,62,2,0,true,5318807,0.981038,44,5318807,0,true,true,classifier,true,yolo26n_background_catalog_scored,true,143,0,1,10,12,18,4,5,5,7,9,18,2446,92871.0,120881.977273,971708,reviewed,matched,true,auto_confirmed
session_c7853bf9faa3091a,S,2026-07-31,8,163,adb-observer,1,76.5,final-capture-complete,1,complete,3,complete,auction-protocol-v2,17,17,0,0,true,5446099,0.989566,50,5446099,0,true,true,classifier,true,yolo26n_background_catalog_scored,true,128,0,0,7,17,19,7,15,6,6,8,15,3797,79099.5,108921.98,1083805,reviewed,matched,true,auto_confirmed
session_0c2bac66feb991cc,S,2026-07-31,8,164,adb-observer,1,188.125,final-capture-complete,5,complete,3,complete,auction-protocol-v2,70,69,1,0,true,2467163,0.983123,19,2467163,0,true,true,classifier,true,yolo26n_background_catalog_scored,true,60,0,0,2,6,6,5,7,1,0,3,8,1814,61123,129850.684211,1293299,reviewed,matched,true,auto_confirmed
session_554b36aacba6a60b,S,2026-07-31,8,165,adb-observer,1,105.969,final-capture-complete,2,complete,3,complete,auction-protocol-v2,33,33,0,0,true,3983435,0.986462,36,3983435,0,true,true,classifier,true,yolo26n_background_catalog_scored,true,129,0,0,8,14,11,3,6,4,6,4,16,3747,79099.5,110650.972222,992601,reviewed,matched,true,auto_confirmed
session_e54467391121e152,S,2026-07-31,8,166,adb-observer,1,74.609,final-capture-complete,1,needs_review,3,complete,auction-protocol-v2,19,17,2,0,true,6877135,0.989956,50,7111163,234028,false,true,classifier,true,yolo26n_background_catalog_scored,true,186,2,0,10,13,21,6,7,2,5,9,27,3747,92871.0,142223.26,1635681,final_total_conflict,mismatched,false,conflict
session_056897528979a60a,S,2026-07-31,8,167,adb-observer,1,85.656,final-capture-complete,2,complete,3,complete,auction-protocol-v2,33,33,0,0,true,3307079,0.987128,29,3307079,0,true,true,classifier,true,yolo26n_background_catalog_scored,true,94,0,0,4,12,11,2,4,4,3,4,14,4507,96819,114037.206897,489972,reviewed,matched,true,auto_confirmed
session_d15f81519a71609b,S,2026-07-31,8,168,adb-observer,1,156.843,final-capture-complete,4,complete,3,complete,auction-protocol-v2,63,63,0,0,true,1229196,0.999434,14,1229196,0,true,true,classifier,true,yolo26n_background_catalog_scored,true,49,0,0,3,4,6,1,2,2,0,4,6,2446,81504.0,87799.714286,226538,reviewed,matched,true,auto_confirmed
session_52acb28147e4e31d,S,2026-07-31,8,169,adb-observer,1,214.172,final-capture-complete,5,complete_with_identity_review,3,complete,auction-protocol-v2,78,78,0,0,true,5193698,0.990427,42,5193698,0,true,true,classifier,true,yolo26n_background_catalog_scored,true,156,1,0,4,13,19,6,5,5,6,3,23,1420,94369.0,123659.47619,713390,reviewed,matched,true,auto_confirmed
session_45db8f671c78f62a,S,2026-07-31,8,170,adb-observer,1,55.953,final-capture-complete,1,complete_with_identity_review,3,complete,auction-protocol-v2,17,17,0,0,true,6533770,0.960023,24,6533770,0,true,true,classifier,true,yolo26n_background_catalog_scored,true,87,1,0,4,6,8,6,2,2,6,3,11,6271,93012.0,272240.416667,2557820,reviewed,matched,true,auto_confirmed
session_6c2d6401ae25ddf3,S,2026-07-31,8,171,adb-observer,1,60.062,final-capture-complete,1,needs_review,3,complete,auction-protocol-v2,19,18,1,0,true,1253711,0.991183,11,1260990,7279,false,true,classifier,true,yolo26n_background_catalog_scored,true,35,1,0,1,3,5,2,2,3,1,1,4,7279,119697,114635.454545,281034,final_total_conflict,mismatched,false,conflict
session_d8fc5e1a2ec8c2f0,S,2026-07-31,8,172,adb-observer,1,220.859,final-capture-complete,4,complete,3,complete,auction-protocol-v2,66,63,3,0,true,6288132,0.981292,25,6288132,0,true,true,classifier,true,yolo26n_background_catalog_scored,true,96,0,0,3,8,8,6,4,2,2,6,11,1814,73106,251525.28,2394967,reviewed,matched,true,auto_confirmed
session_1e63514dbc794902,S,2026-07-31,8,173,adb-observer,1,204.828,final-capture-complete,5,needs_review,3,complete,auction-protocol-v2,78,77,1,0,true,6301184,0.985756,38,6263787,-37397,false,true,classifier,true,yolo26n_background_catalog_scored,true,131,0,0,4,11,20,3,7,4,2,4,21,3844,109576.0,164836.5,1733281,final_total_conflict,mismatched,false,conflict
session_4cceb9e24d620340,S,2026-07-31,8,174,adb-observer,1,47.094,final-capture-complete,1,complete,3,complete,auction-protocol-v2,17,17,0,0,true,3167248,0.977421,14,3167248,0,true,true,classifier,true,yolo26n_background_catalog_scored,true,56,0,0,3,4,4,3,2,1,1,2,8,2446,64279.0,226232.0,1956574,reviewed,matched,true,auto_confirmed
session_4d720db49847a848,S,2026-07-31,8,175,adb-observer,1,94.953,final-capture-complete,2,needs_review,3,complete,auction-protocol-v2,34,33,1,0,true,6118499,0.996995,33,6081102,-37397,false,true,classifier,true,yolo26n_background_catalog_scored,true,107,0,0,6,11,12,4,5,7,3,4,14,8661,106949,184275.818182,2394967,final_total_conflict,mismatched,false,conflict
session_21455ae54fb150ba,S,2026-07-31,8,176,adb-observer,1,130.281,final-capture-complete,3,complete,3,complete,auction-protocol-v2,49,48,1,0,true,1945537,0.993099,10,1945537,0,true,true,classifier,true,yolo26n_background_catalog_scored,true,27,0,0,1,3,4,2,3,1,1,2,3,1420,93566.0,194553.7,886532,reviewed,matched,true,auto_confirmed
session_96655042faa537ee,S,2026-07-31,8,177,adb-observer,1,215.422,final-capture-complete,5,needs_review,3,complete,auction-protocol-v2,83,78,5,0,true,7741627,0.988284,60,7741627,0,true,true,classifier,true,yolo26n_background_catalog_scored,true,195,1,1,18,19,17,6,13,6,4,12,25,2360,67435.0,129027.116667,2685114,reviewed,matched,true,auto_confirmed
session_758bc76294329a1f,S,2026-07-31,8,178,adb-observer,1,270.968,final-capture-complete,5,needs_review,3,complete,auction-protocol-v2,77,77,0,0,true,5059759,0.968927,60,5059759,0,true,true,classifier,true,yolo26n_background_catalog_scored,true,224,0,2,9,27,17,7,7,5,2,8,38,1814,70620.5,84329.316667,284912,reviewed,matched,true,auto_confirmed
session_c806453bc9b9cd04,S,2026-07-31,9,179,adb-observer,1,95.359,final-capture-complete,1,needs_review,3,complete,auction-protocol-v2,16,16,0,0,true,6001428,0.986879,52,5964031,-37397,false,true,classifier,true,yolo26n_background_catalog_scored,true,179,0,0,17,12,15,8,10,5,7,7,23,2446,69744.0,114692.903846,1293299,final_total_conflict,mismatched,false,conflict
session_a41a933e85a72939,S,2026-07-31,9,180,adb-observer,1,50.407,final-capture-complete,1,complete,3,complete,auction-protocol-v2,20,18,2,0,true,729529,0.991478,10,729529,0,true,true,classifier,true,yolo26n_background_catalog_scored,true,21,0,0,2,3,3,2,4,1,1,1,3,1814,49005.0,72952.9,188499,reviewed,matched,true,auto_confirmed
session_30905844cc0f1c0e,S,2026-07-31,9,181,adb-observer,1,69.312,final-capture-complete,1,complete,3,complete,auction-protocol-v2,18,18,0,0,true,5364262,0.961126,46,5364262,0,true,true,classifier,true,yolo26n_background_catalog_scored,true,136,0,0,8,15,14,9,9,5,8,8,16,1420,87872.5,116614.391304,799999,reviewed,matched,true,auto_confirmed
session_bc75049492a5ce08,S,2026-07-31,9,182,adb-observer,1,166.079,final-capture-complete,4,complete,3,complete,auction-protocol-v2,64,63,1,0,true,5644184,0.9785,27,5644184,0,true,true,classifier,true,yolo26n_background_catalog_scored,true,88,0,0,5,7,9,6,7,1,2,6,11,3797,69744,209043.851852,1680426,reviewed,matched,true,auto_confirmed
session_5324effbd221c0f5,S,2026-07-31,9,183,adb-observer,1,59.141,final-capture-complete,1,complete,3,complete,auction-protocol-v2,19,18,1,0,true,2099030,0.988336,27,2099030,0,true,true,classifier,true,yolo26n_background_catalog_scored,true,84,0,0,9,6,7,5,9,2,3,2,11,1814,47954,77741.851852,630423,reviewed,matched,true,auto_confirmed
session_99664c5c23497cb9,S,2026-07-31,9,184,adb-observer,1,75.797,final-capture-complete,2,complete,3,complete,auction-protocol-v2,34,33,1,0,true,2023807,0.997441,15,2023807,0,true,true,classifier,true,yolo26n_background_catalog_scored,true,51,0,0,1,6,6,2,3,2,1,3,6,2446,93012,134920.466667,489972,reviewed,matched,true,auto_confirmed
session_33d43a073f7abe91,S,2026-07-31,9,185,adb-observer,1,210.672,final-capture-complete,5,complete,3,complete,auction-protocol-v2,79,78,1,0,true,3014759,0.988702,23,3014759,0,true,true,classifier,true,yolo26n_background_catalog_scored,true,79,0,0,5,6,6,6,4,2,2,4,11,1420,67435,131076.478261,971708,reviewed,matched,true,auto_confirmed
session_8d91e9d1fe6da51e,S,2026-07-31,9,186,adb-observer,1,120.938,final-capture-complete,2,complete,3,complete,auction-protocol-v2,32,32,0,0,true,4414256,0.991995,38,4414256,0,true,true,classifier,true,yolo26n_background_catalog_scored,true,117,0,0,9,7,18,4,7,8,5,3,15,2446,96819.0,116164.631579,489972,reviewed,matched,true,auto_confirmed
session_36f57066f44be73e,S,2026-07-31,9,187,adb-observer,1,226.656,final-capture-complete,5,complete,3,complete,auction-protocol-v2,78,78,0,0,true,6759316,0.983559,41,6759316,0,true,true,classifier,true,yolo26n_background_catalog_scored,true,154,0,0,9,11,14,7,7,3,2,5,24,2360,67435,164861.365854,2685114,reviewed,matched,true,auto_confirmed
session_12d8d114e6f560c7,S,2026-07-31,9,188,adb-observer,1,311.297,final-capture-complete,5,complete_with_identity_review,3,complete,auction-protocol-v2,75,74,1,0,true,3233083,0.985264,42,3233083,0,true,true,classifier,true,yolo26n_background_catalog_scored,true,137,1,0,12,14,11,5,8,6,5,5,18,2360,64881.0,76978.166667,281034,reviewed,matched,true,auto_confirmed
session_6f4e2f4c8339a521,S,2026-07-31,11,1,adb-observer,1,94.266,final-capture-complete,2,complete,3,complete,auction-protocol-v2,32,32,0,0,true,1032130,0.999024,10,1032130,0,true,true,classifier,true,yolo26n_background_catalog_scored,true,34,0,0,1,4,4,1,2,0,1,0,7,6685,86233.5,103213.0,221819,reviewed,matched,true,auto_confirmed
session_60280c78d7e78128,S,2026-07-31,11,2,adb-observer,1,237.812,final-capture-complete,5,needs_review,3,complete,auction-protocol-v2,79,78,1,0,true,2659732,0.977078,26,2577986,-81746,false,true,classifier,true,yolo26n_background_catalog_scored,true,89,1,0,3,11,11,1,4,4,2,4,12,12171,82254.5,99153.307692,302326,final_total_conflict,mismatched,false,conflict
session_8d4ef3fbf115a7b3,S,2026-07-31,11,3,adb-observer,1,53.484,final-capture-complete,1,complete_with_identity_review,3,complete,auction-protocol-v2,17,17,0,0,true,3348359,0.972896,29,3348359,0,true,true,classifier,true,yolo26n_background_catalog_scored,true,96,1,0,4,7,11,7,5,6,1,5,12,1420,93012,115460.655172,713390,reviewed,matched,true,auto_confirmed
session_a761bf05b639410a,S,2026-07-31,11,4,adb-observer,1,144.969,final-capture-complete,3,complete,3,complete,auction-protocol-v2,55,48,7,0,true,3847632,0.986096,47,3847632,0,true,true,classifier,true,yolo26n_background_catalog_scored,true,145,0,0,9,14,17,7,12,6,4,8,17,1814,71497,81864.510638,226538,reviewed,matched,true,auto_confirmed
session_1537ce7852c85fc9,S,2026-07-31,11,5,adb-observer,1,185.187,final-capture-complete,4,complete_with_identity_review,3,complete,auction-protocol-v2,62,62,0,0,true,5043801,0.992496,60,5043801,0,true,true,classifier,true,yolo26n_background_catalog_scored,true,199,1,0,11,28,15,6,14,4,6,12,24,1420,56185.0,84063.35,499425,reviewed,matched,true,auto_confirmed
session_17435a9a42aa14c7,S,2026-07-31,11,6,adb-observer,1,104.859,final-capture-complete,2,complete,3,complete,auction-protocol-v2,32,32,0,0,true,4449858,0.989788,22,4449858,0,true,true,classifier,true,yolo26n_background_catalog_scored,true,82,0,0,4,7,7,4,2,3,2,4,11,3844,70620.5,202266.272727,2394967,reviewed,matched,true,auto_confirmed
session_6b01cc7fddd5151a,S,2026-07-31,11,7,adb-observer,1,266.922,final-capture-complete,5,needs_review,3,complete,auction-protocol-v2,76,76,0,0,true,5199562,0.98043,61,5342691,143129,false,true,classifier,true,yolo26n_background_catalog_scored,true,189,2,2,16,16,17,12,17,4,5,13,22,1814,61123,87585.098361,630423,final_total_conflict,mismatched,false,conflict
session_52653e4d999103a9,S,2026-07-31,11,8,adb-observer,1,128.406,final-capture-complete,3,complete,3,complete,auction-protocol-v2,47,47,0,0,true,2934183,0.993292,35,2934183,0,true,true,classifier,true,yolo26n_background_catalog_scored,true,115,0,0,12,9,11,3,6,7,2,4,16,1420,67435,83833.8,240927,reviewed,matched,true,auto_confirmed
session_d958527233de7724,S,2026-07-31,11,9,adb-observer,1,129.703,final-capture-complete,1,complete_with_identity_review,3,complete,auction-protocol-v2,17,16,1,0,true,5473595,0.973994,51,5473595,0,true,true,classifier,true,yolo26n_background_catalog_scored,true,149,1,0,6,17,20,8,13,11,3,6,18,1420,85093,107325.392157,1080961,reviewed,matched,true,auto_confirmed
session_022d3e26d3850ed6,S,2026-07-31,11,10,adb-observer,1,244.328,final-capture-complete,5,needs_review,3,complete,auction-protocol-v2,78,78,0,0,true,4842177,0.988132,51,4842177,0,true,true,classifier,true,yolo26n_background_catalog_scored,true,158,1,6,12,8,24,7,11,9,3,3,25,1420,70278,94944.647059,283538,reviewed,matched,true,auto_confirmed
session_132e9d3dcdf7b865,S,2026-07-31,11,11,adb-observer,1,245.797,final-capture-complete,5,needs_review,3,complete,auction-protocol-v2,76,76,0,0,true,6657355,0.970662,37,6657355,0,true,true,classifier,true,yolo26n_background_catalog_scored,true,117,1,1,8,12,10,7,6,9,4,4,14,1420,73106,179928.513514,2557820,reviewed,matched,true,auto_confirmed
session_97842b7aac532641,S,2026-07-31,11,12,adb-observer,1,166.688,final-capture-complete,4,complete,3,partial,auction-protocol-v2,6,6,0,0,false,4313985,0.99428,33,4313985,0,true,true,classifier,true,yolo26n_background_catalog_scored,true,101,0,0,7,11,11,4,9,2,2,3,17,1420,96008,130726.818182,1307336,reviewed,matched,true,auto_confirmed
session_49cbb1e91dd4a4da,S,2026-07-31,11,13,adb-observer,1,307.969,final-capture-complete,5,needs_review,3,partial,auction-protocol-v2,0,0,0,0,false,5012831,0.989463,49,5012831,0,true,true,classifier,true,yolo26n_background_catalog_scored,true,143,0,5,13,13,18,5,12,8,5,6,18,1420,70278,102302.673469,489972,reviewed,matched,true,auto_confirmed
session_9e614df0d27223e9,S,2026-07-31,11,14,adb-observer,1,183.907,final-capture-complete,4,complete,3,partial,auction-protocol-v2,0,0,0,0,false,4060905,0.989069,45,4060905,0,true,true,classifier,true,yolo26n_background_catalog_scored,true,157,0,0,12,18,10,5,4,3,4,7,27,1420,67435,90242.333333,385956,reviewed,matched,true,auto_confirmed
session_226a670358015e1e,S,2026-07-31,11,15,adb-observer,1,234.078,final-capture-complete,5,complete_with_identity_review,3,partial,auction-protocol-v2,0,0,0,0,false,5903296,0.988911,48,5903296,0,true,true,classifier,true,yolo26n_background_catalog_scored,true,151,1,0,9,12,15,12,6,7,7,9,19,1420,94510.0,122985.333333,1083805,reviewed,matched,true,auto_confirmed
session_6f3fd3eb6e42f713,S,2026-07-31,12,16,adb-observer,1,57.906,final-capture-complete,1,complete,3,partial,auction-protocol-v2,0,0,0,0,false,3019971,0.994684,29,3019971,0,true,true,classifier,true,yolo26n_background_catalog_scored,true,99,0,0,5,11,10,3,6,4,0,7,12,3797,92730,104136.931034,438654,reviewed,matched,true,auto_confirmed
session_b2364baf3aaa851b,S,2026-07-31,12,17,adb-observer,1,69.266,final-capture-complete,1,complete,3,partial,auction-protocol-v2,0,0,0,0,false,4753198,0.989333,52,4753198,0,true,true,classifier,true,yolo26n_background_catalog_scored,true,167,0,0,14,16,11,11,9,7,6,9,21,1420,39574.0,91407.653846,799999,reviewed,matched,true,auto_confirmed
session_35437b1733cb1934,S,2026-07-31,12,18,adb-observer,1,94.047,final-capture-complete,2,needs_review,3,partial,auction-protocol-v2,0,0,0,0,false,3296960,0.981881,27,3215214,-81746,false,true,classifier,true,yolo26n_background_catalog_scored,true,91,2,0,7,5,12,3,7,4,2,3,11,1420,67435,119082.0,713390,final_total_conflict,mismatched,false,conflict
session_980c9bc926b73072,S,2026-07-31,12,19,adb-observer,1,44.765,final-capture-complete,1,complete,3,partial,auction-protocol-v2,0,0,0,0,false,790093,0.990107,10,790093,0,true,true,classifier,true,yolo26n_background_catalog_scored,true,43,0,0,1,4,4,1,0,2,0,0,8,7982,82918.0,79009.3,141764,reviewed,matched,true,auto_confirmed
session_21329f14e1b0d3b8,S,2026-07-31,12,20,adb-observer,1,157.078,final-capture-complete,3,complete_with_identity_review,3,partial,auction-protocol-v2,0,0,0,0,false,6156601,0.994122,52,6156601,0,true,true,classifier,true,yolo26n_background_catalog_scored,true,164,1,0,11,17,18,6,11,7,3,10,21,1420,95398.5,118396.173077,776546,reviewed,matched,true,auto_confirmed
session_cd904b4bb13df61c,S,2026-07-31,12,21,adb-observer,1,66.594,final-capture-complete,1,complete,3,partial,auction-protocol-v2,0,0,0,0,false,3101124,0.99917,23,3101124,0,true,true,classifier,true,yolo26n_background_catalog_scored,true,72,0,0,3,9,7,4,7,1,2,2,11,3844,96008,134831.478261,706471,reviewed,matched,true,auto_confirmed
session_563bb79b19cef8ee,S,2026-07-31,12,22,adb-observer,1,70.703,final-capture-complete,1,complete_with_identity_review,3,partial,auction-protocol-v2,0,0,0,0,false,6110916,0.996206,60,6110916,0,true,true,classifier,true,yolo26n_background_catalog_scored,true,172,1,0,15,17,19,9,23,6,3,8,20,1420,64279.0,101848.6,1307336,reviewed,matched,true,auto_confirmed
session_b69afc9d8e5f7a8a,S,2026-07-31,12,23,adb-observer,1,192.157,final-capture-complete,4,needs_review,3,partial,auction-protocol-v2,0,0,0,0,false,1966642,0.998784,28,2002053,35411,false,true,classifier,true,yolo26n_background_catalog_scored,true,102,2,0,5,11,7,5,6,3,2,5,12,2360,60868.5,71501.892857,247007,final_total_conflict,mismatched,false,conflict
session_b98277954bf7e2b8,S,2026-07-31,12,24,adb-observer,1,81.515,final-capture-complete,1,complete,3,partial,auction-protocol-v2,0,0,0,0,false,749930,0.995011,11,749930,0,true,true,classifier,true,yolo26n_background_catalog_scored,true,32,0,0,3,4,3,1,2,2,2,1,4,2360,70278,68175.454545,182546,reviewed,matched,true,auto_confirmed
session_804093cc0d458829,S,2026-07-31,12,25,adb-observer,1,145.172,final-capture-complete,3,needs_review,3,partial,auction-protocol-v2,0,0,0,0,false,3046106,0.988989,32,3046106,0,true,true,classifier,true,yolo26n_background_catalog_scored,true,108,0,1,9,9,9,5,4,2,4,5,17,2360,67435.0,95190.8125,283538,reviewed,matched,true,auto_confirmed
session_16f2aef70aca76fa,S,2026-07-31,12,26,adb-observer,1,152.469,final-capture-complete,3,complete_with_identity_review,3,partial,auction-protocol-v2,0,0,0,0,false,5398316,0.973512,40,5398316,0,true,true,classifier,true,yolo26n_background_catalog_scored,true,137,1,0,9,11,15,5,7,3,5,6,19,3747,99583.0,134957.9,1080961,reviewed,matched,true,auto_confirmed
session_7eab62cc67e0203c,S,2026-07-31,12,27,adb-observer,1,84.297,final-capture-complete,2,complete,3,partial,auction-protocol-v2,0,0,0,0,false,3051186,0.990646,23,3051186,0,true,true,classifier,true,yolo26n_background_catalog_scored,true,76,0,0,5,8,6,4,5,2,2,3,11,3797,67435,132660.26087,878245,reviewed,matched,true,auto_confirmed
session_bb0e8363f550f2cf,S,2026-07-31,12,28,adb-observer,1,109.718,final-capture-complete,1,complete,3,partial,auction-protocol-v2,0,0,0,0,false,5025110,0.985755,38,5025110,0,true,true,classifier,true,yolo26n_background_catalog_scored,true,122,0,0,4,13,13,8,5,5,7,3,18,2446,73106.0,132239.736842,1587435,reviewed,matched,true,auto_confirmed
session_4666c2237c2544f0,S,2026-07-31,12,29,adb-observer,1,75.031,final-capture-complete,1,complete_with_identity_review,3,partial,auction-protocol-v2,0,0,0,0,false,4883839,0.981755,31,4883839,0,true,true,classifier,true,yolo26n_background_catalog_scored,true,88,1,0,7,7,12,5,5,5,5,6,10,2446,85093,157543.193548,1680426,reviewed,matched,true,auto_confirmed
session_79e15ad6d272efd8,S,2026-07-31,12,30,adb-observer,1,63.656,final-capture-complete,1,complete,3,partial,auction-protocol-v2,0,0,0,0,false,2325835,0.989968,24,2325835,0,true,true,classifier,true,yolo26n_background_catalog_scored,true,81,0,0,4,6,10,4,5,3,0,4,12,2446,79099.5,96909.791667,302326,reviewed,matched,true,auto_confirmed
session_d798e52973ec9219,S,2026-07-31,12,31,adb-observer,1,142.25,final-capture-complete,3,needs_review,3,partial,auction-protocol-v2,0,0,0,0,false,4861735,0.991012,60,5343968,482233,false,true,classifier,true,yolo26n_background_catalog_scored,true,205,2,1,8,26,18,8,11,2,7,8,32,1814,68589.5,89066.133333,489972,final_total_conflict,mismatched,false,conflict
session_cd305b4abcf634ae,S,2026-07-31,12,32,adb-observer,1,60.688,final-capture-complete,1,complete,3,partial,auction-protocol-v2,0,0,0,0,false,2639763,0.987754,31,2639763,0,true,true,classifier,true,yolo26n_background_catalog_scored,true,96,0,0,9,7,12,3,9,2,4,3,13,1420,51756,85153.645161,302326,reviewed,matched,true,auto_confirmed
session_e148e85d5d53f3d2,S,2026-07-31,12,33,adb-observer,1,50.297,final-capture-complete,1,complete,3,partial,auction-protocol-v2,0,0,0,0,false,3235707,0.983759,10,3235707,0,true,true,classifier,true,yolo26n_background_catalog_scored,true,38,0,0,1,3,3,3,3,0,0,2,5,1814,82127.0,323570.7,2539483,reviewed,matched,true,auto_confirmed
session_d8686441023df465,S,2026-07-31,12,34,adb-observer,1,143.453,final-capture-complete,3,complete_with_identity_review,3,partial,auction-protocol-v2,0,0,0,0,false,4665441,0.99581,41,4665441,0,true,true,classifier,true,yolo26n_background_catalog_scored,true,134,1,0,5,13,15,8,9,3,5,7,17,3797,96008,113791.243902,540336,reviewed,matched,true,auto_confirmed
session_2d399b35021603ec,S,2026-07-31,12,35,adb-observer,1,344.437,final-capture-complete,5,complete,3,partial,auction-protocol-v2,0,0,0,0,false,6935438,0.984165,56,6935438,0,true,true,classifier,true,yolo26n_background_catalog_scored,true,198,0,0,14,17,17,8,10,8,6,4,28,1420,64024.5,123847.107143,1635681,reviewed,matched,true,auto_confirmed
session_79bace769ec9bc23,S,2026-07-31,12,36,adb-observer,1,182.312,final-capture-complete,4,needs_review,3,partial,auction-protocol-v2,0,0,0,0,false,5363995,0.986929,58,5849460,485465,false,true,classifier,true,yolo26n_background_catalog_scored,true,204,1,0,16,18,20,4,10,10,2,11,25,1420,70620.5,100852.758621,489972,final_total_conflict,mismatched,false,conflict
session_fbfdb067a1fc9bd0,S,2026-07-31,12,37,adb-observer,1,155.485,final-capture-complete,2,needs_review,3,partial,auction-protocol-v2,0,0,0,0,false,6923734,0.980731,40,6951866,28132,false,true,classifier,true,yolo26n_background_catalog_scored,true,119,1,2,9,13,11,7,8,4,4,8,16,2360,79737.0,173796.65,2999999,final_total_conflict,mismatched,false,conflict
session_31a58f01a8ae7aa9,S,2026-07-31,12,38,adb-observer,1,197.094,final-capture-complete,4,complete_with_identity_review,3,partial,auction-protocol-v2,0,0,0,0,false,5186622,0.982685,46,5186622,0,true,true,classifier,true,yolo26n_background_catalog_scored,true,151,1,0,10,15,11,10,8,4,7,10,17,3747,64024.5,112752.652174,886532,reviewed,matched,true,auto_confirmed
session_c766f83d86b0e483,S,2026-07-31,12,39,adb-observer,1,155.141,final-capture-complete,4,complete,3,partial,auction-protocol-v2,0,0,0,0,false,1406518,0.98953,16,1406518,0,true,true,classifier,true,yolo26n_background_catalog_scored,true,45,0,0,1,4,6,5,5,0,3,1,7,1814,61626.5,87907.375,198487,reviewed,matched,true,auto_confirmed
session_6d724f6a26f7ab2f,S,2026-07-31,12,40,adb-observer,1,97.672,final-capture-complete,2,complete,3,partial,auction-protocol-v2,0,0,0,0,false,2381525,0.997004,11,2381525,0,true,true,classifier,true,yolo26n_background_catalog_scored,true,22,0,0,1,4,3,3,6,2,0,3,0,7279,98067,216502.272727,1307336,reviewed,matched,true,auto_confirmed
session_6360d80bec833308,S,2026-07-31,13,41,adb-observer,1,166.219,final-capture-complete,3,complete,3,partial,auction-protocol-v2,0,0,0,0,false,894213,0.995558,10,894213,0,true,true,classifier,true,yolo26n_background_catalog_scored,true,31,0,0,2,3,4,1,2,2,1,2,3,1420,78565.5,89421.3,226538,reviewed,matched,true,auto_confirmed
session_be4d5e4d77c87d3e,S,2026-07-31,13,42,adb-observer,1,170.875,final-capture-complete,4,needs_review,3,partial,auction-protocol-v2,0,0,0,0,false,5406679,0.991694,50,5438414,31735,false,true,classifier,true,yolo26n_background_catalog_scored,true,160,1,0,8,17,18,7,10,2,8,7,23,3747,93012.0,108768.28,381262,final_total_conflict,mismatched,false,conflict
session_827e40d4adfcab89,S,2026-07-31,13,43,adb-observer,1,149.375,final-capture-complete,4,complete,3,partial,auction-protocol-v2,0,0,0,0,false,793190,0.99709,10,793190,0,true,true,classifier,true,yolo26n_background_catalog_scored,true,39,0,0,1,5,3,1,1,1,1,1,6,3844,71497.0,79319.0,153238,reviewed,matched,true,auto_confirmed
session_a9832b709d498ff9,S,2026-07-31,13,44,adb-observer,1,90.766,final-capture-incomplete,2,,,partial,auction-protocol-v2,0,0,0,0,false,,,,,,,,,,,,,,,0,0,0,0,0,0,0,0,0,,,,,,,,
session_6271c09ea62a2f08,S,2026-07-31,13,1,adb-observer,1,63.313,final-capture-complete,1,complete,3,complete,auction-protocol-v2,17,17,0,0,true,3462456,0.991514,38,3462456,0,true,true,classifier,true,yolo26n_background_catalog_scored,true,126,0,0,6,13,14,5,9,5,1,6,17,1814,69744.0,91117.263158,499425,reviewed,matched,true,auto_confirmed
session_87ed8efe68b6cc34,S,2026-07-31,13,2,adb-observer,1,52.297,final-capture-complete,1,complete,3,complete,auction-protocol-v2,17,15,2,0,true,832659,0.98881,10,832659,0,true,true,classifier,true,yolo26n_background_catalog_scored,true,36,0,0,2,4,3,1,3,0,0,0,7,9053,94774.5,83265.9,175056,reviewed,matched,true,auto_confirmed
session_76438e631ae5c23f,S,2026-07-31,13,3,adb-observer,1,161.141,final-capture-complete,3,complete,3,complete,auction-protocol-v2,51,48,3,0,true,6409927,0.994741,54,6409927,0,true,true,classifier,true,yolo26n_background_catalog_scored,true,181,0,0,18,22,7,7,8,5,4,5,32,1420,60316.0,118702.351852,1486670,reviewed,matched,true,auto_confirmed
session_4be6353f962acb94,S,2026-07-31,13,4,adb-observer,1,75.984,final-capture-complete,2,complete,3,complete,auction-protocol-v2,32,32,0,0,true,1057577,0.995456,13,1057577,0,true,true,classifier,true,yolo26n_background_catalog_scored,true,44,0,0,3,3,4,3,2,1,0,1,9,7279,96008,81352.076923,202368,reviewed,matched,true,auto_confirmed
session_fef07d0b95665b84,S,2026-07-31,13,5,adb-observer,1,213.953,final-capture-complete,4,complete,3,complete,auction-protocol-v2,68,63,5,0,true,4685220,0.996016,43,4685220,0,true,true,classifier,true,yolo26n_background_catalog_scored,true,148,0,0,8,15,14,6,11,6,2,7,17,1420,92730,108958.604651,776546,reviewed,matched,true,auto_confirmed
session_de0ea7484bcfad44,S,2026-07-31,13,6,adb-observer,1,51.062,final-capture-complete,1,complete,3,complete,auction-protocol-v2,18,17,1,0,true,1686775,0.993071,17,1686775,0,true,true,classifier,true,yolo26n_background_catalog_scored,true,60,0,0,3,6,5,3,3,0,5,2,7,5567,92730,99222.058824,302326,reviewed,matched,true,auto_confirmed
session_d679950b46b4ba96,S,2026-07-31,13,7,adb-observer,1,130.14,final-capture-complete,1,complete,3,complete,auction-protocol-v2,15,11,4,0,true,5280539,0.961502,48,5280539,0,true,true,classifier,true,yolo26n_background_catalog_scored,true,147,0,0,13,13,11,11,10,9,4,9,16,2446,60018.0,110011.229167,971708,reviewed,matched,true,auto_confirmed
session_c174691b5b131a99,S,2026-07-31,13,8,adb-observer,1,47.344,final-capture-complete,1,complete,3,complete,auction-protocol-v2,20,18,2,0,true,2377972,0.988124,11,2377972,0,true,true,classifier,true,yolo26n_background_catalog_scored,true,31,0,0,1,3,4,3,1,2,2,1,5,6685,85093,216179.272727,1635681,reviewed,matched,true,auto_confirmed
session_90504ca052689d62,S,2026-07-31,13,9,adb-observer,1,125.359,final-capture-complete,3,complete,3,complete,auction-protocol-v2,48,48,0,0,true,6712540,0.984069,38,6712540,0,true,true,classifier,true,yolo26n_background_catalog_scored,true,135,0,0,8,13,10,7,6,4,3,4,21,2360,76421.5,176645.789474,1733281,reviewed,matched,true,auto_confirmed
session_54ae9fe822efeb2d,S,2026-07-31,13,10,adb-observer,1,69.047,final-capture-complete,1,complete_with_identity_review,3,complete,auction-protocol-v2,18,17,1,0,true,6966752,0.978267,47,6966752,0,true,true,classifier,true,yolo26n_background_catalog_scored,true,135,3,0,10,14,12,11,14,4,4,15,10,1420,61123,148228.765957,1307336,reviewed,matched,true,auto_confirmed
session_ec5a459722bbd4f6,S,2026-07-31,13,11,adb-observer,1,188.203,final-capture-complete,4,complete,3,complete,auction-protocol-v2,64,63,1,0,true,3282891,0.990756,24,3282891,0,true,true,classifier,true,yolo26n_background_catalog_scored,true,97,0,0,3,12,6,3,1,3,1,4,15,2360,76421.5,136787.125,1293299,reviewed,matched,true,auto_confirmed
session_bdad38adcceef73e,S,2026-07-31,13,12,adb-observer,1,158.437,final-capture-complete,4,complete,3,complete,auction-protocol-v2,62,62,0,0,true,2669566,0.977652,22,2669566,0,true,true,classifier,true,yolo26n_background_catalog_scored,true,71,0,0,5,7,7,3,4,3,2,6,7,2446,82415.0,121343.909091,659511,reviewed,matched,true,auto_confirmed
session_d18ee3be6ab933cd,S,2026-07-31,14,13,adb-observer,1,82.906,final-capture-complete,2,complete,3,complete,auction-protocol-v2,33,33,0,0,true,3547149,0.980565,24,3547149,0,true,true,classifier,true,yolo26n_background_catalog_scored,true,89,0,0,5,11,4,4,3,3,2,4,12,1814,71425.0,147797.875,992601,reviewed,matched,true,auto_confirmed
session_2a994d80dfd837a6,S,2026-07-31,14,14,adb-observer,1,161.437,final-capture-complete,2,complete,3,complete,auction-protocol-v2,33,33,0,0,true,6298699,0.991714,49,6298699,0,true,true,classifier,true,yolo26n_background_catalog_scored,true,159,0,0,12,16,13,8,10,8,4,2,25,1420,60018,128544.877551,2685114,reviewed,matched,true,auto_confirmed
session_fb0d7978c746ddcc,S,2026-07-31,14,15,adb-observer,1,48.906,final-capture-complete,1,complete,3,complete,auction-protocol-v2,17,17,0,0,true,4042164,0.994614,22,4042164,0,true,true,classifier,true,yolo26n_background_catalog_scored,true,88,0,0,5,6,5,6,4,1,2,6,9,1420,70011.0,183734.727273,1486670,reviewed,matched,true,auto_confirmed
session_5fd36288f50e1d71,S,2026-07-31,14,16,adb-observer,1,71.328,final-capture-complete,1,complete,3,complete,auction-protocol-v2,18,17,1,0,true,5700762,0.991618,47,5700762,0,true,true,classifier,true,yolo26n_background_catalog_scored,true,124,0,0,7,13,19,8,17,6,4,3,17,1814,73106,121292.808511,886532,reviewed,matched,true,auto_confirmed
session_fb7be36d3fe5752a,S,2026-07-31,14,17,adb-observer,1,127.844,final-capture-complete,3,needs_review,3,complete,auction-protocol-v2,48,48,0,0,true,2151040,0.998593,23,2179413,28373,false,true,classifier,true,yolo26n_background_catalog_scored,true,85,1,0,6,7,7,3,5,2,1,5,10,2360,60614,94757.086957,302326,final_total_conflict,mismatched,false,conflict
session_80fd06c23a9c06cc,S,2026-07-31,14,18,adb-observer,1,243.875,final-capture-complete,4,needs_review,3,complete,auction-protocol-v2,65,62,3,0,true,6086463,0.987753,52,8973599,2887136,false,true,classifier,true,yolo26n_background_catalog_scored,true,151,1,0,11,18,18,5,13,4,6,7,22,3844,76421.5,172569.211538,2999999,final_total_conflict,mismatched,false,conflict
session_e7e1361a64468fab,S,2026-07-31,14,19,adb-observer,1,212.797,final-capture-complete,5,complete,3,complete,auction-protocol-v2,80,77,3,0,true,2008851,0.996146,30,2008851,0,true,true,classifier,true,yolo26n_background_catalog_scored,true,104,0,0,9,9,7,5,6,1,7,1,15,3747,46464.0,66961.7,247007,reviewed,matched,true,auto_confirmed
session_be685a9f65f298cc,S,2026-07-31,14,20,adb-observer,1,111.562,final-capture-complete,2,needs_review,3,complete,auction-protocol-v2,32,32,0,0,true,4855438,0.984162,54,5338725,483287,false,true,classifier,true,yolo26n_background_catalog_scored,true,191,1,0,13,18,14,9,7,8,6,12,21,1420,60570.5,98865.277778,776546,final_total_conflict,mismatched,false,conflict
session_d91b6db359f86794,S,2026-07-31,14,21,adb-observer,1,154.328,final-capture-complete,4,complete,3,complete,auction-protocol-v2,62,62,0,0,true,1879548,0.994452,20,1879548,0,true,true,classifier,true,yolo26n_background_catalog_scored,true,51,0,0,3,6,9,2,6,1,2,3,8,1814,108262.5,93977.4,198487,reviewed,matched,true,auto_confirmed
session_ff66a2cddb8da0e0,S,2026-07-31,14,22,adb-observer,1,57.297,final-capture-complete,1,complete,3,complete,auction-protocol-v2,18,18,0,0,true,2806725,0.989746,24,2806725,0,true,true,classifier,true,yolo26n_background_catalog_scored,true,84,0,0,5,9,7,3,3,1,3,4,13,2446,70011.0,116946.875,776546,reviewed,matched,true,auto_confirmed
session_8fe831465e2590e6,S,2026-07-31,14,23,adb-observer,1,208.828,final-capture-complete,5,complete,3,complete,auction-protocol-v2,80,78,2,0,true,5672090,0.98935,42,5672090,0,true,true,classifier,true,yolo26n_background_catalog_scored,true,137,0,0,4,14,16,8,5,4,5,6,22,1814,75007.5,135049.761905,1680426,reviewed,matched,true,auto_confirmed
session_4c404404ce40a3b6,S,2026-07-31,14,24,adb-observer,1,145.765,final-capture-complete,3,complete_with_identity_review,3,complete,auction-protocol-v2,46,45,1,0,true,6812043,0.99266,39,6812043,0,true,true,classifier,true,yolo26n_background_catalog_scored,true,129,1,0,8,11,13,7,9,4,4,5,17,1420,92730,174667.769231,2394967,reviewed,matched,true,auto_confirmed
session_91695b12e33f9200,S,2026-07-31,14,25,adb-observer,1,50.532,final-capture-complete,1,complete_with_identity_review,3,complete,auction-protocol-v2,17,17,0,0,true,4788116,0.998121,28,4788116,0,true,true,classifier,true,yolo26n_background_catalog_scored,true,85,1,0,8,7,8,5,7,2,4,3,12,6685,71497.0,171004.142857,1680426,reviewed,matched,true,auto_confirmed
session_b804c598c8ea63be,S,2026-07-31,14,26,adb-observer,1,56.016,final-capture-complete,1,complete,3,complete,auction-protocol-v2,19,18,1,0,true,6115807,0.987537,27,6115807,0,true,true,classifier,true,yolo26n_background_catalog_scored,true,103,0,0,4,9,9,5,4,2,3,5,13,1814,119697,226511.37037,1587435,reviewed,matched,true,auto_confirmed
session_8a03245532699d34,S,2026-07-31,14,27,adb-observer,1,166.453,final-capture-complete,4,complete,3,complete,auction-protocol-v2,64,57,7,0,true,3486930,0.988549,29,3486930,0,true,true,classifier,true,yolo26n_background_catalog_scored,true,100,0,0,6,9,11,3,6,2,1,7,13,8661,102347,120238.965517,799999,reviewed,matched,true,auto_confirmed
session_7b9ecfc15a27fbef,S,2026-07-31,14,28,adb-observer,1,45.14,final-capture-complete,1,complete,3,complete,auction-protocol-v2,18,18,0,0,true,3469077,0.988045,11,3469077,0,true,true,classifier,true,yolo26n_background_catalog_scored,true,42,0,0,1,3,5,2,2,2,1,1,5,2360,109576,315370.636364,2394967,reviewed,matched,true,auto_confirmed
session_b528eafa2a01068c,S,2026-07-31,14,29,adb-observer,1,68.688,final-capture-complete,1,complete,3,complete,auction-protocol-v2,18,18,0,0,true,5039157,0.992723,35,5039157,0,true,true,classifier,true,yolo26n_background_catalog_scored,true,114,0,0,6,14,9,6,10,4,2,2,17,1814,60614,143975.914286,1956574,reviewed,matched,true,auto_confirmed
session_511a710ef487202b,S,2026-07-31,14,30,adb-observer,1,224.25,final-capture-complete,5,complete_with_identity_review,3,complete,auction-protocol-v2,73,72,1,0,true,6470984,0.987564,46,6470984,0,true,true,classifier,true,yolo26n_background_catalog_scored,true,166,2,0,8,15,15,8,7,4,6,7,22,1814,65433.5,140673.565217,2557820,reviewed,matched,true,auto_confirmed
session_aab2db494373a4a4,S,2026-07-31,14,31,adb-observer,1,70.141,final-capture-complete,1,complete_with_identity_review,3,complete,auction-protocol-v2,17,17,0,0,true,6335270,0.975267,51,6335270,0,true,true,classifier,true,yolo26n_background_catalog_scored,true,175,1,0,13,16,13,9,9,7,5,7,23,3797,47954,124220.980392,2557820,reviewed,matched,true,auto_confirmed
session_56af122b74670717,S,2026-07-31,14,32,adb-observer,1,47.75,final-capture-complete,1,complete,3,complete,auction-protocol-v2,17,15,2,0,true,925791,0.995196,10,925791,0,true,true,classifier,true,yolo26n_background_catalog_scored,true,32,0,0,2,3,3,2,2,1,2,0,5,2360,88902.0,92579.1,240927,reviewed,matched,true,auto_confirmed
session_a2f9953606656f71,S,2026-07-31,14,33,adb-observer,1,55.782,final-capture-complete,1,complete,3,complete,auction-protocol-v2,18,18,0,0,true,2430992,0.99617,30,2430992,0,true,true,classifier,true,yolo26n_background_catalog_scored,true,87,0,0,6,9,12,3,7,4,2,5,12,4507,68856.5,81033.066667,302326,reviewed,matched,true,auto_confirmed
session_f927a48a1f893c3e,S,2026-07-31,14,34,adb-observer,1,246.547,final-capture-complete,5,needs_review,3,complete,auction-protocol-v2,79,78,1,0,true,4983522,0.991381,39,7981161,2997639,false,true,classifier,true,yolo26n_background_catalog_scored,true,132,1,0,8,9,19,3,8,5,4,4,18,2446,102347,204645.153846,2999999,final_total_conflict,mismatched,false,conflict
session_89e7e5c0a48ac38b,S,2026-07-31,14,35,adb-observer,1,173.422,final-capture-complete,5,complete_with_identity_review,3,complete,auction-protocol-v2,77,77,0,0,true,5058926,0.984532,17,5058926,0,true,true,classifier,true,yolo26n_background_catalog_scored,true,59,1,0,2,5,5,5,6,0,1,3,7,1814,51756,297583.882353,2999999,reviewed,matched,true,auto_confirmed
session_b4277a529a1b0efc,S,2026-07-31,14,36,adb-observer,1,136.766,final-capture-complete,2,complete_with_identity_review,3,complete,auction-protocol-v2,33,33,0,0,true,5269745,0.965167,51,5269745,0,true,true,classifier,true,yolo26n_background_catalog_scored,true,175,1,0,12,19,8,12,9,1,9,5,27,2446,44974,103328.333333,1587435,reviewed,matched,true,auto_confirmed
session_463ae37e5e9e3287,S,2026-07-31,15,37,adb-observer,1,45.937,final-capture-complete,1,complete,3,complete,auction-protocol-v2,18,18,0,0,true,1169664,0.998716,10,1169664,0,true,true,classifier,true,yolo26n_background_catalog_scored,true,33,0,0,1,5,3,1,2,0,2,0,6,5567,108262.5,116966.4,302326,reviewed,matched,true,auto_confirmed
session_71232f4dcd709f65,S,2026-07-31,15,38,adb-observer,1,118.906,final-capture-complete,3,complete,3,complete,auction-protocol-v2,48,48,0,0,true,5629410,0.987809,27,5629410,0,true,true,classifier,true,yolo26n_background_catalog_scored,true,86,0,0,3,9,11,4,8,1,2,6,10,7982,119697,208496.666667,1307336,reviewed,matched,true,auto_confirmed
session_73ef2c7f69519747,S,2026-07-31,15,39,adb-observer,1,182.672,final-capture-complete,4,complete,3,complete,auction-protocol-v2,58,57,1,0,true,2936879,0.991838,32,2936879,0,true,true,classifier,true,yolo26n_background_catalog_scored,true,96,0,0,7,13,8,4,9,7,1,8,7,3797,73106.0,91777.46875,438654,reviewed,matched,true,auto_confirmed
session_f6fa448fc5f5734b,S,2026-07-31,15,40,adb-observer,1,202.5,final-capture-complete,5,complete_with_identity_review,3,complete,auction-protocol-v2,76,76,0,0,true,2438017,0.994538,15,2438017,0,true,true,classifier,true,yolo26n_background_catalog_scored,true,42,1,0,3,4,3,5,3,2,1,3,6,1814,44974,162534.466667,799999,reviewed,matched,true,auto_confirmed
session_2896e4c5de9116f3,S,2026-07-31,15,41,adb-observer,1,117.985,final-capture-complete,2,complete,3,complete,auction-protocol-v2,33,32,1,0,true,4687672,0.985127,42,4687672,0,true,true,classifier,true,yolo26n_background_catalog_scored,true,136,0,0,8,10,14,10,8,7,3,9,15,2360,60868.5,111611.238095,971708,reviewed,matched,true,auto_confirmed
session_1a7877ed7ea5faa5,S,2026-07-31,15,42,adb-observer,1,204.844,final-capture-complete,4,complete_with_identity_review,3,complete,auction-protocol-v2,64,63,1,0,true,5514823,0.985146,30,5514823,0,true,true,classifier,true,yolo26n_background_catalog_scored,true,89,1,0,6,9,12,3,5,7,4,2,12,4507,79099.5,183827.433333,2557820,reviewed,matched,true,auto_confirmed
session_2a7eb1646b3004f6,S,2026-07-31,15,43,adb-observer,1,210.516,final-capture-complete,5,complete,3,complete,auction-protocol-v2,70,69,1,0,true,2478043,0.991573,22,2478043,0,true,true,classifier,true,yolo26n_background_catalog_scored,true,77,0,0,4,7,10,1,3,1,3,3,12,2360,88911.5,112638.318182,302326,reviewed,matched,true,auto_confirmed
session_9019c18bb462d371,S,2026-07-31,15,44,adb-observer,1,206.485,final-capture-complete,5,complete_with_identity_review,3,complete,auction-protocol-v2,77,77,0,0,true,3456645,0.986935,30,3456645,0,true,true,classifier,true,yolo26n_background_catalog_scored,true,107,1,0,5,11,10,4,8,1,1,5,15,1814,75617.0,115221.5,438654,reviewed,matched,true,auto_confirmed
session_9485c8e5d1b7afb1,S,2026-07-31,15,45,adb-observer,1,121.938,final-capture-complete,1,complete,3,complete,auction-protocol-v2,16,15,1,0,true,3627428,0.989471,32,3627428,0,true,true,classifier,true,yolo26n_background_catalog_scored,true,119,0,0,8,13,8,3,5,2,3,5,17,6271,56185.0,113357.125,992601,reviewed,matched,true,auto_confirmed
session_31b1b0207c175bb9,S,2026-07-31,15,46,adb-observer,1,62.016,final-capture-complete,1,complete,3,complete,auction-protocol-v2,20,18,2,0,true,3897398,0.988034,36,3897398,0,true,true,classifier,true,yolo26n_background_catalog_scored,true,122,0,0,8,7,16,5,7,4,3,5,17,1420,85093.0,108261.055556,302326,reviewed,matched,true,auto_confirmed
session_c9e4b82c2a2928c8,S,2026-07-31,15,47,adb-observer,1,231.531,final-capture-complete,5,complete,3,complete,auction-protocol-v2,79,78,1,0,true,5118728,0.978809,60,5118728,0,true,true,classifier,true,yolo26n_background_catalog_scored,true,190,0,0,19,19,16,6,14,11,1,8,26,2446,44974.0,85312.133333,659511,reviewed,matched,true,auto_confirmed
session_e7657571a93c8960,S,2026-07-31,15,48,adb-observer,1,91.922,final-capture-complete,2,complete,3,complete,auction-protocol-v2,34,32,2,0,true,2194011,0.998415,24,2194011,0,true,true,classifier,true,yolo26n_background_catalog_scored,true,75,0,0,4,9,8,3,7,3,1,3,10,1420,87872.5,91417.125,240927,reviewed,matched,true,auto_confirmed
session_f44022b96cdfb832,S,2026-07-31,15,49,adb-observer,1,182.14,final-capture-complete,4,needs_review,3,complete,auction-protocol-v2,66,63,3,0,true,6394294,0.987893,59,6903944,509650,false,true,classifier,true,yolo26n_background_catalog_scored,true,196,1,0,10,19,20,10,14,3,5,10,27,2360,71497,117016.0,1307336,final_total_conflict,mismatched,false,conflict
session_4b5508d96244e935,S,2026-07-31,15,50,adb-observer,1,145.438,final-capture-complete,3,complete,3,complete,auction-protocol-v2,43,42,1,0,true,6237246,0.983531,50,6237246,0,true,true,classifier,true,yolo26n_background_catalog_scored,true,168,0,0,10,13,19,8,12,5,2,7,24,2446,82415.0,124744.92,659511,reviewed,matched,true,auto_confirmed
session_764d87b13e5ec22d,S,2026-07-31,15,51,adb-observer,1,233.75,final-capture-complete,4,complete_with_identity_review,3,complete,auction-protocol-v2,59,58,1,0,true,6101983,0.994273,60,6101983,0,true,true,classifier,true,yolo26n_background_catalog_scored,true,187,1,0,15,17,22,6,13,10,2,6,29,1420,82415.0,101699.716667,1080961,reviewed,matched,true,auto_confirmed
session_412b99e63a24fd03,S,2026-07-31,15,52,adb-observer,1,177.047,final-capture-complete,4,complete,3,complete,auction-protocol-v2,66,62,4,0,true,2382266,0.990341,24,2382266,0,true,true,classifier,true,yolo26n_background_catalog_scored,true,76,0,0,3,10,9,2,5,3,4,0,12,6685,97037.5,99261.083333,247007,reviewed,matched,true,auto_confirmed
session_a05fb399815919c5,S,2026-07-31,15,53,adb-observer,1,103.515,final-capture-complete,2,complete_with_identity_review,3,complete,auction-protocol-v2,31,30,1,0,true,5521195,0.994821,20,5521195,0,true,true,classifier,true,yolo26n_background_catalog_scored,true,72,1,0,1,8,8,3,2,1,0,5,12,9053,105561.5,276059.75,3061687,reviewed,matched,true,auto_confirmed
session_d3717738e73c1c4a,S,2026-07-31,15,54,adb-observer,1,149.297,final-capture-complete,4,complete,3,complete,auction-protocol-v2,64,63,1,0,true,2093854,0.997164,21,2093854,0,true,true,classifier,true,yolo26n_background_catalog_scored,true,69,0,0,8,5,6,2,5,1,1,3,11,2446,51756,99707.333333,659511,reviewed,matched,true,auto_confirmed
session_48c9ded018518e41,S,2026-07-31,15,55,adb-observer,1,160.313,final-capture-complete,4,needs_review,3,complete,auction-protocol-v2,57,56,1,0,true,3533769,0.956189,31,3533769,0,true,true,classifier,true,yolo26n_background_catalog_scored,true,113,0,1,5,8,12,6,5,3,3,6,14,4507,96819,113992.548387,540336,reviewed,matched,true,auto_confirmed
session_97c98ed3953681c2,S,2026-07-31,16,56,adb-observer,1,199.234,final-capture-complete,5,complete_with_identity_review,3,complete,auction-protocol-v2,78,77,1,0,true,4680578,0.981534,28,4680578,0,true,true,classifier,true,yolo26n_background_catalog_scored,true,91,1,0,9,7,9,3,6,5,2,5,10,5567,54284.0,167163.5,2557820,reviewed,matched,true,auto_confirmed
session_67a2c03e9d6dc00f,S,2026-07-31,16,57,adb-observer,1,236.921,final-capture-complete,5,needs_review,3,complete,auction-protocol-v2,86,77,9,0,true,5779576,0.978313,58,6180091,400515,false,true,classifier,true,yolo26n_background_catalog_scored,true,178,5,0,8,21,17,12,11,10,6,6,25,1420,76421.5,106553.293103,776546,final_total_conflict,mismatched,false,conflict
session_a560b8e1a1034ca4,S,2026-07-31,16,58,adb-observer,1,220.765,final-capture-complete,5,needs_review,3,complete,auction-protocol-v2,69,68,1,0,true,5972399,0.990686,59,6420977,448578,false,true,classifier,true,yolo26n_background_catalog_scored,true,221,2,0,16,21,15,7,8,5,2,10,34,2446,67435,108830.118644,1080961,final_total_conflict,mismatched,false,conflict
session_2387bfca6cc47e6c,S,2026-07-31,16,59,adb-observer,1,109.531,final-capture-complete,2,complete,3,complete,auction-protocol-v2,32,32,0,0,true,5613700,0.98532,60,5613700,0,true,true,classifier,true,yolo26n_background_catalog_scored,true,176,0,0,10,21,21,8,16,8,6,6,24,1420,76421.5,93561.666667,281034,reviewed,matched,true,auto_confirmed
session_39b4cdcfd0491ef8,S,2026-07-31,16,60,adb-observer,1,180.984,final-capture-complete,4,complete,3,complete,auction-protocol-v2,62,62,0,0,true,3731162,0.978196,44,3731162,0,true,true,classifier,true,yolo26n_background_catalog_scored,true,139,0,0,9,15,14,6,7,8,3,8,18,1420,61123.0,84799.136364,302326,reviewed,matched,true,auto_confirmed
session_4be2006ddeb3dc5f,S,2026-07-31,16,61,adb-observer,1,206.985,final-capture-complete,5,needs_review,3,complete,auction-protocol-v2,77,77,0,0,true,5852454,0.987291,43,5858125,5671,false,true,classifier,true,yolo26n_background_catalog_scored,true,128,0,0,12,11,12,8,14,8,1,3,17,3747,79737,136235.465116,1293299,final_total_conflict,mismatched,false,conflict
session_101fccd4581c1718,S,2026-07-31,16,62,adb-observer,1,103.0,final-capture-complete,2,complete_with_identity_review,3,complete,auction-protocol-v2,33,32,1,0,true,6351498,0.98992,37,6351498,0,true,true,classifier,true,yolo26n_background_catalog_scored,true,122,1,0,6,14,9,8,9,5,2,3,18,1420,70278,171662.108108,2557820,reviewed,matched,true,auto_confirmed
session_8ed0b52f5877b219,S,2026-07-31,16,63,adb-observer,1,202.813,final-capture-complete,5,needs_review,3,complete,auction-protocol-v2,80,78,2,0,true,2368643,0.977642,32,2331246,-37397,false,true,classifier,true,yolo26n_background_catalog_scored,true,112,0,0,7,10,11,4,4,5,3,2,18,2360,68856.5,72851.4375,302326,final_total_conflict,mismatched,false,conflict
session_3b55ff6d2aa8437f,S,2026-07-31,16,64,adb-observer,1,124.11,final-capture-complete,2,complete_with_identity_review,3,complete,auction-protocol-v2,32,32,0,0,true,5702313,0.981615,35,5702313,0,true,true,classifier,true,yolo26n_background_catalog_scored,true,118,1,0,5,10,13,7,8,2,5,3,17,2360,92730,162923.228571,1307336,reviewed,matched,true,auto_confirmed
session_7818df9b991a2e6a,S,2026-07-31,16,65,adb-observer,1,75.422,final-capture-complete,1,complete_with_identity_review,3,complete,auction-protocol-v2,17,17,0,0,true,4314111,0.996166,17,4314111,0,true,true,classifier,true,yolo26n_background_catalog_scored,true,57,1,0,3,5,5,4,2,4,1,6,4,3797,60018,253771.235294,3061687,reviewed,matched,true,auto_confirmed
session_dbb728e35ac27e28,S,2026-07-31,16,66,adb-observer,1,108.625,final-capture-complete,2,complete_with_identity_review,3,complete,auction-protocol-v2,33,33,0,0,true,5833035,0.975437,49,5833035,0,true,true,classifier,true,yolo26n_background_catalog_scored,true,164,1,0,15,16,12,6,6,10,5,11,17,1420,51756,119041.530612,2557820,reviewed,matched,true,auto_confirmed
session_300776c404629b4c,S,2026-07-31,16,67,adb-observer,1,208.687,final-capture-complete,5,complete_with_identity_review,3,complete,auction-protocol-v2,78,77,1,0,true,2277856,0.992102,24,2277856,0,true,true,classifier,true,yolo26n_background_catalog_scored,true,90,1,0,4,10,7,3,2,4,3,5,10,2360,70620.5,94910.666667,713390,reviewed,matched,true,auto_confirmed
session_11a1f3eed2068008,S,2026-07-31,16,68,adb-observer,1,186.969,final-capture-complete,4,needs_review,3,complete,auction-protocol-v2,66,62,4,0,true,6224544,0.978113,60,6707831,483287,false,true,classifier,true,yolo26n_background_catalog_scored,true,199,1,1,11,21,22,6,16,3,5,8,28,2360,76421.5,111797.183333,1083805,final_total_conflict,mismatched,false,conflict
session_c66063feb0067ec7,S,2026-07-31,16,69,adb-observer,1,177.641,final-capture-complete,4,complete,3,complete,auction-protocol-v2,66,62,4,0,true,4954284,0.990267,28,4954284,0,true,true,classifier,true,yolo26n_background_catalog_scored,true,95,0,0,4,9,11,4,3,3,3,5,14,3747,102792.0,176938.714286,799999,reviewed,matched,true,auto_confirmed
session_bc8c47c30a027910,S,2026-07-31,16,70,adb-observer,1,58.297,final-capture-complete,1,complete,3,complete,auction-protocol-v2,17,16,1,0,true,4698530,0.983166,37,4698530,0,true,true,classifier,true,yolo26n_background_catalog_scored,true,137,0,0,8,14,10,5,9,2,2,3,21,1814,96008,126987.297297,1307336,reviewed,matched,true,auto_confirmed
session_22caa5266b91b630,S,2026-07-31,16,71,adb-observer,1,106.094,final-capture-complete,3,complete,3,complete,auction-protocol-v2,46,44,2,0,true,1311168,0.998871,10,1311168,0,true,true,classifier,true,yolo26n_background_catalog_scored,true,38,0,0,1,5,3,1,2,0,1,1,6,3844,113323.0,131116.8,302326,reviewed,matched,true,auto_confirmed
session_2f9222535ade5e1f,S,2026-07-31,16,72,adb-observer,1,83.672,final-capture-complete,2,complete,3,complete,auction-protocol-v2,33,33,0,0,true,1176055,0.994107,10,1176055,0,true,true,classifier,true,yolo26n_background_catalog_scored,true,28,0,0,1,4,3,2,3,3,0,1,3,1420,72301.5,117605.5,438654,reviewed,matched,true,auto_confirmed
session_873a628781978ced,S,2026-07-31,16,73,adb-observer,1,182.344,final-capture-complete,4,complete,3,complete,auction-protocol-v2,64,63,1,0,true,4907290,0.991401,40,4907290,0,true,true,classifier,true,yolo26n_background_catalog_scored,true,150,0,0,8,15,9,8,9,4,2,3,22,1814,68856.5,122682.25,1307336,reviewed,matched,true,auto_confirmed
session_7a6da600f4d64d2b,S,2026-07-31,16,74,adb-observer,1,177.813,final-capture-complete,5,complete,3,complete,auction-protocol-v2,77,77,0,0,true,1535578,0.973269,15,1535578,0,true,true,classifier,true,yolo26n_background_catalog_scored,true,62,0,0,1,6,7,1,1,2,1,1,10,4507,93012,102371.866667,226538,reviewed,matched,true,auto_confirmed
session_717418affef14ee5,S,2026-07-31,17,75,adb-observer,1,190.922,final-capture-complete,4,complete,3,complete,auction-protocol-v2,62,62,0,0,true,5669069,0.976363,27,5669069,0,true,true,classifier,true,yolo26n_background_catalog_scored,true,73,0,0,3,15,6,3,9,1,5,4,8,6685,106949,209965.518519,2685114,reviewed,matched,true,auto_confirmed
session_f74fdf757c497434,S,2026-07-31,17,76,adb-observer,1,114.266,final-capture-complete,3,complete,3,complete,auction-protocol-v2,47,47,0,0,true,2888715,0.979733,23,2888715,0,true,true,classifier,true,yolo26n_background_catalog_scored,true,67,0,0,3,8,4,8,4,5,1,9,4,1814,61123,125596.304348,878245,reviewed,matched,true,auto_confirmed
session_9b4dd04b28e8ec17,S,2026-07-31,17,77,adb-observer,1,46.282,final-capture-complete,1,complete,3,complete,auction-protocol-v2,18,18,0,0,true,973246,0.997061,10,973246,0,true,true,classifier,true,yolo26n_background_catalog_scored,true,33,0,0,1,4,4,1,1,2,1,2,4,9053,77451.5,97324.6,224110,reviewed,matched,true,auto_confirmed
session_6e9e4f4d225ca86e,S,2026-07-31,17,78,adb-observer,1,81.172,final-capture-complete,1,complete,3,complete,auction-protocol-v2,18,18,0,0,true,4669961,0.995303,41,4669961,0,true,true,classifier,true,yolo26n_background_catalog_scored,true,130,0,0,8,10,16,7,7,4,6,4,20,2360,92730,113901.487805,630423,reviewed,matched,true,auto_confirmed
session_db572980d2f1d1a0,S,2026-07-31,17,79,adb-observer,1,55.485,final-capture-complete,1,complete,3,complete,auction-protocol-v2,19,18,1,0,true,2424708,0.980883,14,2424708,0,true,true,classifier,true,yolo26n_background_catalog_scored,true,52,0,0,2,4,6,2,3,2,1,1,7,5567,97037.5,173193.428571,992601,reviewed,matched,true,auto_confirmed
session_9957718fdd9da726,S,2026-07-31,17,80,adb-observer,1,63.359,final-capture-complete,1,complete,3,complete,auction-protocol-v2,18,18,0,0,true,2382681,0.996241,39,2382681,0,true,true,classifier,true,yolo26n_background_catalog_scored,true,128,0,0,10,19,5,5,9,4,4,4,18,1814,44974,61094.384615,224110,reviewed,matched,true,auto_confirmed
session_2acab25d5d5e669c,S,2026-07-31,17,81,adb-observer,1,194.735,final-capture-complete,1,complete,3,complete,auction-protocol-v2,29,24,5,0,true,4720834,0.976804,28,4720834,0,true,true,classifier,true,yolo26n_background_catalog_scored,true,104,0,0,5,8,8,7,3,3,2,4,16,1420,68856.5,168601.214286,1561430,reviewed,matched,true,auto_confirmed
session_a9f036ff2baa8ca7,S,2026-07-31,17,82,adb-observer,1,132.656,final-capture-complete,3,complete,3,complete,auction-protocol-v2,50,48,2,0,true,3062404,0.996551,33,3062404,0,true,true,classifier,true,yolo26n_background_catalog_scored,true,118,0,0,5,14,9,5,3,4,4,9,13,1420,92730,92800.121212,302326,reviewed,matched,true,auto_confirmed
session_d27116fddbb7481f,S,2026-07-31,17,83,adb-observer,1,148.5,final-capture-complete,4,complete,3,complete,auction-protocol-v2,63,62,1,0,true,1030805,0.981298,10,1030805,0,true,true,classifier,true,yolo26n_background_catalog_scored,true,29,0,0,1,3,5,1,3,2,0,1,4,1814,88911.5,103080.5,221819,reviewed,matched,true,auto_confirmed
session_7a5e0664d07e624b,S,2026-07-31,17,84,adb-observer,1,222.688,final-capture-complete,5,needs_review,3,complete,auction-protocol-v2,83,77,6,0,true,4691912,0.997172,43,4691912,0,true,true,classifier,true,yolo26n_background_catalog_scored,true,137,0,2,9,13,14,7,9,3,6,8,17,1420,70278,109114.232558,452757,reviewed,matched,true,auto_confirmed
session_d16c39c6a8cde3ad,S,2026-07-31,17,85,adb-observer,1,128.875,final-capture-complete,4,complete,3,complete,auction-protocol-v2,56,54,2,0,true,821013,0.999255,10,821013,0,true,true,classifier,true,yolo26n_background_catalog_scored,true,33,0,0,1,4,4,1,2,0,1,2,5,2446,70887.5,82101.3,226538,reviewed,matched,true,auto_confirmed
session_3a16b2f84ddc15ef,S,2026-07-31,17,86,adb-observer,1,234.313,final-capture-complete,5,needs_review,3,complete,auction-protocol-v2,81,78,3,0,true,4125830,0.990865,37,4116806,-9024,false,true,classifier,true,yolo26n_background_catalog_scored,true,139,1,0,7,17,10,3,4,6,2,5,20,5567,73106,111265.027027,886532,final_total_conflict,mismatched,false,conflict
session_41c5eeab8108d189,S,2026-07-31,17,87,adb-observer,1,226.484,final-capture-complete,4,complete,3,complete,auction-protocol-v2,66,66,0,0,true,5607029,0.996829,29,5607029,0,true,true,classifier,true,yolo26n_background_catalog_scored,true,109,0,0,9,6,9,5,4,4,2,6,13,2446,67435,193345.827586,1486670,reviewed,matched,true,auto_confirmed
session_3f3c40414fc72947,S,2026-07-31,17,88,adb-observer,1,122.046,final-capture-complete,3,complete_with_identity_review,3,complete,auction-protocol-v2,48,48,0,0,true,2546443,0.989028,17,2546443,0,true,true,classifier,true,yolo26n_background_catalog_scored,true,68,1,0,3,5,6,3,1,2,2,2,10,1420,79737,149790.764706,992601,reviewed,matched,true,auto_confirmed
session_c54d9630ef9b7320,S,2026-07-31,17,89,adb-observer,1,67.594,final-capture-complete,1,complete,3,complete,auction-protocol-v2,19,18,1,0,true,5838244,0.985658,30,5838244,0,true,true,classifier,true,yolo26n_background_catalog_scored,true,95,0,0,8,9,8,5,7,2,4,4,13,1420,80082.5,194608.133333,2394967,reviewed,matched,true,auto_confirmed
session_75224d022bbeb640,S,2026-07-31,17,90,adb-observer,1,119.859,final-capture-complete,3,complete,3,complete,auction-protocol-v2,48,48,0,0,true,1300395,0.981814,10,1300395,0,true,true,classifier,true,yolo26n_background_catalog_scored,true,35,0,0,1,3,5,1,1,1,0,2,6,5567,116981.5,130039.5,302326,reviewed,matched,true,auto_confirmed
session_581ab82b7329969d,S,2026-07-31,17,91,adb-observer,1,86.265,final-capture-complete,1,complete_with_identity_review,3,complete,auction-protocol-v2,18,18,0,0,true,6302863,0.965777,59,6302863,0,true,true,classifier,true,yolo26n_background_catalog_scored,true,213,1,0,10,24,10,15,11,5,1,13,29,1420,69744,106828.186441,992601,reviewed,matched,true,auto_confirmed
session_9b1bf5f740125b29,S,2026-07-31,17,92,adb-observer,1,184.594,final-capture-complete,3,complete,3,complete,auction-protocol-v2,47,47,0,0,true,5780965,0.984568,50,5780965,0,true,true,classifier,true,yolo26n_background_catalog_scored,true,167,0,0,11,18,15,6,8,5,6,11,20,4507,70887.5,115619.3,776546,reviewed,matched,true,auto_confirmed
session_9d04fbb90365b2a6,S,2026-07-31,17,93,adb-observer,1,81.734,final-capture-complete,1,complete,3,complete,auction-protocol-v2,17,17,0,0,true,5373784,0.967681,60,5373784,0,true,true,classifier,true,yolo26n_background_catalog_scored,true,212,0,0,13,22,18,7,11,6,4,7,32,1814,60316.0,89563.066667,878245,reviewed,matched,true,auto_confirmed
session_66b87d215175650a,S,2026-07-31,17,94,adb-observer,1,230.563,final-capture-complete,5,complete,3,complete,auction-protocol-v2,87,78,9,0,true,6389784,0.983806,55,6389784,0,true,true,classifier,true,yolo26n_background_catalog_scored,true,163,0,0,10,16,20,9,13,6,6,6,24,1420,79737,116177.890909,1635681,reviewed,matched,true,auto_confirmed
session_2b4fabb0ee4e3847,S,2026-07-31,17,95,adb-observer,1,75.172,final-capture-complete,1,complete,3,complete,auction-protocol-v2,17,17,0,0,true,3567243,0.979648,30,3567243,0,true,true,classifier,true,yolo26n_background_catalog_scored,true,90,0,0,9,8,10,3,9,3,5,2,11,8454,56185.0,118908.1,992601,reviewed,matched,true,auto_confirmed
session_323ca1df8ff3b68c,S,2026-07-31,17,96,adb-observer,1,66.891,final-capture-complete,1,needs_review,3,complete,auction-protocol-v2,18,18,0,0,true,3383744,0.977717,35,3383744,0,true,true,classifier,true,yolo26n_background_catalog_scored,true,107,0,3,5,15,14,1,7,5,3,3,17,2360,92730,96678.4,240927,reviewed,matched,true,auto_confirmed
session_bb42ee912b4c84aa,S,2026-07-31,17,97,adb-observer,1,247.579,final-capture-complete,5,complete,3,complete,auction-protocol-v2,78,78,0,0,true,5677323,0.979779,35,5677323,0,true,true,classifier,true,yolo26n_background_catalog_scored,true,111,0,0,6,14,10,5,4,7,3,9,12,2360,67435,162209.228571,2685114,reviewed,matched,true,auto_confirmed
session_ef59dd7a9de1d118,S,2026-07-31,18,98,adb-observer,1,61.954,final-capture-complete,1,needs_review,3,complete,auction-protocol-v2,17,17,0,0,true,4737521,0.970185,32,4743192,5671,false,true,classifier,true,yolo26n_background_catalog_scored,true,104,2,0,9,7,9,7,9,3,3,5,12,1814,71692.0,148224.75,1080961,final_total_conflict,mismatched,false,conflict
session_20a2fe9c16ed2f64,S,2026-07-31,18,99,adb-observer,1,190.781,final-capture-complete,4,complete,3,complete,auction-protocol-v2,60,59,1,0,true,3814305,0.989548,43,3814305,0,true,true,classifier,true,yolo26n_background_catalog_scored,true,128,0,0,9,15,14,5,8,5,10,6,14,6271,67435,88704.767442,381262,reviewed,matched,true,auto_confirmed
session_94d958aeae4e2596,S,2026-07-31,18,100,adb-observer,1,113.907,final-capture-complete,3,complete,3,complete,auction-protocol-v2,48,47,1,0,true,2736240,0.984143,19,2736240,0,true,true,classifier,true,yolo26n_background_catalog_scored,true,57,0,0,4,4,9,2,5,4,2,1,7,5567,71497,144012.631579,706471,reviewed,matched,true,auto_confirmed
session_ef40e8178cd020fe,S,2026-07-31,18,101,adb-observer,1,81.953,final-capture-complete,2,complete,3,complete,auction-protocol-v2,36,33,3,0,true,1161524,0.997335,13,1161524,0,true,true,classifier,true,yolo26n_background_catalog_scored,true,34,0,0,1,6,5,1,3,2,1,4,3,12171,70278,89348.0,221819,reviewed,matched,true,auto_confirmed
session_3c3524e1652650af,S,2026-07-31,18,102,adb-observer,1,117.438,final-capture-complete,3,complete_with_identity_review,3,complete,auction-protocol-v2,48,48,0,0,true,3365186,0.987926,14,3365186,0,true,true,classifier,true,yolo26n_background_catalog_scored,true,53,1,0,4,5,3,2,3,1,1,1,8,5567,60868.5,240370.428571,2557820,reviewed,matched,true,auto_confirmed
session_15c623440e414d21,S,2026-07-31,18,103,adb-observer,1,48.281,final-capture-complete,1,complete,3,complete,auction-protocol-v2,21,18,3,0,true,719442,0.995736,10,719442,0,true,true,classifier,true,yolo26n_background_catalog_scored,true,33,0,0,2,3,4,1,3,0,1,1,5,5567,75617.0,71944.2,142861,reviewed,matched,true,auto_confirmed
session_d2c41b19eeaf42b2,S,2026-07-31,18,104,adb-observer,1,316.391,final-capture-complete,5,complete,3,complete,auction-protocol-v2,76,70,6,0,true,5578363,0.976202,50,5578363,0,true,true,classifier,true,yolo26n_background_catalog_scored,true,159,0,0,11,18,16,5,8,8,8,8,18,3747,93720.0,111567.26,799999,reviewed,matched,true,auto_confirmed
session_c0ef2ada0f50d747,S,2026-07-31,18,105,adb-observer,1,186.86,final-capture-complete,4,complete,3,complete,auction-protocol-v2,62,62,0,0,true,4375962,0.992785,33,4375962,0,true,true,classifier,true,yolo26n_background_catalog_scored,true,100,0,0,7,7,15,4,6,6,4,5,12,1420,92730,132604.909091,1307336,reviewed,matched,true,auto_confirmed
session_d4e5565e509c42ac,S,2026-07-31,18,106,adb-observer,1,106.062,final-capture-complete,2,complete_with_identity_review,3,complete,auction-protocol-v2,33,30,3,0,true,4511739,0.993147,27,4511739,0,true,true,classifier,true,yolo26n_background_catalog_scored,true,101,1,0,4,10,8,5,2,3,2,5,15,3797,60614,167101.444444,2557820,reviewed,matched,true,auto_confirmed
session_f6c3f4a2a697e2f4,S,2026-07-31,18,107,adb-observer,1,47.484,final-capture-complete,1,complete,3,complete,auction-protocol-v2,19,18,1,0,true,1718536,0.981285,11,1718536,0,true,true,classifier,true,yolo26n_background_catalog_scored,true,31,0,0,2,3,4,2,2,3,1,3,2,5567,106949,156230.545455,776546,reviewed,matched,true,auto_confirmed
session_fadfb000624d644b,S,2026-07-31,18,108,adb-observer,1,53.718,final-capture-complete,1,complete,3,complete,auction-protocol-v2,19,18,1,0,true,1813335,0.993307,16,1813335,0,true,true,classifier,true,yolo26n_background_catalog_scored,true,52,0,0,2,6,6,2,2,5,0,1,8,7982,76421.5,113333.4375,452757,reviewed,matched,true,auto_confirmed
session_9c26330910715963,S,2026-07-31,18,109,adb-observer,1,224.969,final-capture-complete,5,needs_review,3,complete,auction-protocol-v2,77,77,0,0,true,6658686,0.974703,50,6658686,0,true,true,classifier,true,yolo26n_background_catalog_scored,true,150,1,3,10,14,14,12,13,7,4,7,19,3797,71425.0,133173.72,1080961,reviewed,matched,true,auto_confirmed
session_71bb1b88ffed1a91,S,2026-07-31,18,110,adb-observer,1,257.843,final-capture-complete,5,needs_review,3,complete,auction-protocol-v2,77,77,0,0,true,5574929,0.988993,52,6056447,481518,false,true,classifier,true,yolo26n_background_catalog_scored,true,178,1,0,11,19,14,8,12,4,5,10,21,2360,72301.5,116470.134615,630423,final_total_conflict,mismatched,false,conflict
session_3b7ac1091fe6dfba,S,2026-07-31,18,111,adb-observer,1,130.11,final-capture-complete,3,complete,3,complete,auction-protocol-v2,51,47,4,0,true,4280822,0.994855,31,4280822,0,true,true,classifier,true,yolo26n_background_catalog_scored,true,106,0,0,7,11,9,4,8,5,3,4,11,1420,96008,138091.032258,992601,reviewed,matched,true,auto_confirmed
session_8ddba4a934d7bb59,S,2026-07-31,18,112,adb-observer,1,174.563,final-capture-complete,4,needs_review,3,complete,auction-protocol-v2,62,62,0,0,true,5952788,0.978779,35,5790987,-161801,false,true,classifier,true,yolo26n_background_catalog_scored,true,113,1,0,6,12,11,6,9,5,0,7,14,2446,70278,165456.771429,1733281,final_total_conflict,mismatched,false,conflict
session_67d71192aaf8233d,S,2026-07-31,18,113,adb-observer,1,116.312,final-capture-complete,3,complete,3,complete,auction-protocol-v2,53,47,6,0,true,3866896,0.983523,19,3866896,0,true,true,classifier,true,yolo26n_background_catalog_scored,true,56,0,0,2,6,6,5,6,4,0,3,6,1420,71497,203520.842105,1293299,reviewed,matched,true,auto_confirmed
session_9d3cec9920204f3d,S,2026-07-31,18,114,adb-observer,1,166.687,final-capture-complete,5,complete,3,complete,auction-protocol-v2,69,67,2,0,true,1383692,0.995177,10,1383692,0,true,true,classifier,true,yolo26n_background_catalog_scored,true,25,0,0,1,3,3,3,3,1,2,1,3,8454,98067.0,138369.2,302326,reviewed,matched,true,auto_confirmed
session_54b61c09a3c2915b,S,2026-07-31,18,115,adb-observer,1,70.969,final-capture-complete,1,needs_review,3,complete,auction-protocol-v2,18,18,0,0,true,6060468,0.988815,55,6543755,483287,false,true,classifier,true,yolo26n_background_catalog_scored,true,195,1,0,10,22,13,10,10,5,5,9,26,1814,73106,118977.363636,1486670,final_total_conflict,mismatched,false,conflict
session_94d2dd24dbe3f934,S,2026-07-31,18,116,adb-observer,1,183.469,final-capture-complete,4,complete,3,complete,auction-protocol-v2,65,62,3,0,true,1854160,0.994929,20,1854160,0,true,true,classifier,true,yolo26n_background_catalog_scored,true,75,0,0,1,11,6,2,2,3,3,1,11,6685,104648.0,92708.0,220529,reviewed,matched,true,auto_confirmed
session_9c28ed6f0dac3e3a,S,2026-07-31,18,117,adb-observer,1,172.281,final-capture-complete,3,needs_review,3,complete,auction-protocol-v2,44,43,1,0,true,5238765,0.965369,59,5201878,-36887,false,true,classifier,true,yolo26n_background_catalog_scored,true,197,1,0,7,22,22,8,9,7,4,7,32,1814,70278,88167.423729,247007,final_total_conflict,mismatched,false,conflict
session_e8beb0d90b5f09cd,S,2026-07-31,19,118,adb-observer,1,273.531,final-capture-complete,5,complete,3,complete,auction-protocol-v2,76,76,0,0,true,5636821,0.983354,46,5636821,0,true,true,classifier,true,yolo26n_background_catalog_scored,true,142,0,0,10,12,18,6,13,7,2,6,18,1420,67435.0,122539.586957,1083805,reviewed,matched,true,auto_confirmed
session_321e1f43cc651774,S,2026-07-31,19,119,adb-observer,1,108.031,final-capture-complete,2,complete_with_identity_review,3,complete,auction-protocol-v2,33,32,1,0,true,3448583,0.979392,40,3448583,0,true,true,classifier,true,yolo26n_background_catalog_scored,true,148,1,0,4,20,12,4,9,2,0,9,20,1814,69744.0,86214.575,283538,reviewed,matched,true,auto_confirmed
session_dc6d0200e7c376b5,S,2026-07-31,19,120,adb-observer,1,127.437,final-capture-complete,3,complete_with_identity_review,3,complete,auction-protocol-v2,50,48,2,0,true,3459586,0.979756,25,3459586,0,true,true,classifier,true,yolo26n_background_catalog_scored,true,71,1,0,5,6,11,3,6,4,2,2,11,8661,67435,138383.44,1083805,reviewed,matched,true,auto_confirmed
session_353def66bd11465f,S,2026-07-31,19,121,adb-observer,1,160.0,final-capture-complete,4,complete,3,complete,auction-protocol-v2,63,63,0,0,true,4665545,0.972202,30,4665545,0,true,true,classifier,true,yolo26n_background_catalog_scored,true,100,0,0,4,13,10,3,4,3,4,4,15,7279,88911.5,155518.166667,1680426,reviewed,matched,true,auto_confirmed
session_48a0add743a139ec,S,2026-07-31,19,122,adb-observer,1,121.282,final-capture-complete,3,complete,3,complete,auction-protocol-v2,44,43,1,0,true,4303654,0.987684,22,4303654,0,true,true,classifier,true,yolo26n_background_catalog_scored,true,83,0,0,2,5,9,6,5,1,2,6,8,1420,119697.0,195620.636364,992601,reviewed,matched,true,auto_confirmed
session_99ccde69965ee896,S,2026-07-31,19,123,adb-observer,1,77.422,final-capture-complete,1,needs_review,3,complete,auction-protocol-v2,18,18,0,0,true,6470153,0.988961,58,6479317,9164,false,true,classifier,true,yolo26n_background_catalog_scored,true,188,3,0,16,18,15,9,10,5,9,6,28,2446,67435.0,111712.362069,971708,final_total_conflict,mismatched,false,conflict
session_20a95883547a4e13,S,2026-07-31,19,124,adb-observer,1,123.11,final-capture-complete,3,complete,3,complete,auction-protocol-v2,48,48,0,0,true,3540163,0.987102,34,3540163,0,true,true,classifier,true,yolo26n_background_catalog_scored,true,125,0,0,8,10,7,9,7,1,3,8,15,3747,71497.0,104122.441176,630423,reviewed,matched,true,auto_confirmed
session_d945a1c0e1ed0b5b,S,2026-07-31,19,125,adb-observer,1,96.172,final-capture-complete,2,complete,3,complete,auction-protocol-v2,32,32,0,0,true,5230621,0.986156,25,5230621,0,true,true,classifier,true,yolo26n_background_catalog_scored,true,70,0,0,3,10,7,5,7,2,3,2,11,1814,71497,209224.84,1635681,reviewed,matched,true,auto_confirmed
session_70e7c0f37af9de08,S,2026-07-31,19,126,adb-observer,1,141.953,final-capture-complete,3,complete,3,complete,auction-protocol-v2,47,47,0,0,true,4603973,0.994107,31,4603973,0,true,true,classifier,true,yolo26n_background_catalog_scored,true,92,0,0,8,11,9,3,6,2,8,3,12,4507,96819,148515.258065,1956574,reviewed,matched,true,auto_confirmed
session_8709d7e6cebb519a,S,2026-07-31,19,127,adb-observer,1,166.578,final-capture-complete,4,complete_with_identity_review,3,complete,auction-protocol-v2,65,63,2,0,true,4446702,0.978033,45,4446702,0,true,true,classifier,true,yolo26n_background_catalog_scored,true,138,1,0,7,19,10,9,11,5,3,9,17,1814,60614,98815.6,1680426,reviewed,matched,true,auto_confirmed
session_89ba074efd5fcf78,S,2026-07-31,19,128,adb-observer,1,144.906,final-capture-complete,4,complete,3,complete,auction-protocol-v2,56,54,2,0,true,2507308,0.950299,18,2507308,0,true,true,classifier,true,yolo26n_background_catalog_scored,true,54,0,0,4,6,5,3,5,1,2,4,6,3797,51756.0,139294.888889,1307336,reviewed,matched,true,auto_confirmed
session_ffd54e06d117ba3f,S,2026-07-31,19,129,adb-observer,1,177.313,final-capture-complete,5,needs_review,3,complete,auction-protocol-v2,78,78,0,0,true,3153151,0.997394,39,3184886,31735,false,true,classifier,true,yolo26n_background_catalog_scored,true,122,1,0,13,11,7,8,9,6,2,10,12,1814,36824,81663.74359,438654,final_total_conflict,mismatched,false,conflict
session_99b1273c90f7995a,S,2026-07-31,19,130,adb-observer,1,46.453,final-capture-complete,1,complete,3,complete,auction-protocol-v2,17,15,2,0,true,1098237,0.997572,10,1098237,0,true,true,classifier,true,yolo26n_background_catalog_scored,true,27,0,0,1,4,4,1,3,1,1,2,3,4507,105561.5,109823.7,226538,reviewed,matched,true,auto_confirmed
session_c8b553a0e30dd5ff,S,2026-07-31,19,131,adb-observer,1,158.094,final-capture-complete,4,complete,3,complete,auction-protocol-v2,68,63,5,0,true,4547984,0.987869,22,4547984,0,true,true,classifier,true,yolo26n_background_catalog_scored,true,77,0,0,4,5,7,6,3,3,2,4,10,1420,88911.5,206726.545455,1635681,reviewed,matched,true,auto_confirmed
session_d0bcc895e4196d01,S,2026-07-31,19,132,adb-observer,1,63.828,final-capture-complete,1,complete,3,complete,auction-protocol-v2,18,18,0,0,true,4335006,0.988337,34,4335006,0,true,true,classifier,true,yolo26n_background_catalog_scored,true,105,0,0,5,10,9,10,4,3,10,3,14,4507,82415.0,127500.176471,1561430,reviewed,matched,true,auto_confirmed
session_1ea5889a67ff3316,S,2026-07-31,19,133,adb-observer,1,68.25,final-capture-complete,1,needs_review,3,complete,auction-protocol-v2,18,18,0,0,true,4120009,0.990665,43,4120009,0,true,true,classifier,true,yolo26n_background_catalog_scored,true,134,0,1,10,14,16,3,11,4,5,3,20,1814,85093,95814.162791,438654,reviewed,matched,true,auto_confirmed
session_7c8041a22a0c4f68,S,2026-07-31,19,134,adb-observer,1,303.235,final-capture-complete,5,needs_review,3,complete,auction-protocol-v2,81,78,3,0,true,5640164,0.992014,42,5640164,0,true,true,classifier,true,yolo26n_background_catalog_scored,true,133,0,3,9,11,16,6,7,8,3,5,19,2360,73106.0,134289.619048,1635681,reviewed,matched,true,auto_confirmed
session_6963f7fddea979ad,S,2026-07-31,19,135,adb-observer,1,227.86,final-capture-complete,4,complete,3,complete,auction-protocol-v2,62,62,0,0,true,6085082,0.971181,44,6085082,0,true,true,classifier,true,yolo26n_background_catalog_scored,true,138,0,0,8,12,16,8,5,4,10,6,19,2360,94510.0,138297.318182,1083805,reviewed,matched,true,auto_confirmed
session_f3c01651861c03c1,S,2026-07-31,19,136,adb-observer,1,60.687,final-capture-complete,1,complete,3,complete,auction-protocol-v2,17,17,0,0,true,2760046,0.992329,28,2760046,0,true,true,classifier,true,yolo26n_background_catalog_scored,true,98,0,0,10,6,6,6,6,0,2,7,13,2446,22240.5,98573.071429,1293299,reviewed,matched,true,auto_confirmed
session_9ecd3727e8ceb13f,S,2026-07-31,19,137,adb-observer,1,185.922,final-capture-complete,4,needs_review,3,complete,auction-protocol-v2,66,63,3,0,true,8909200,0.991489,61,8959068,49868,false,true,classifier,true,yolo26n_background_catalog_scored,true,182,1,0,15,16,22,8,18,6,8,4,25,1420,96819,146869.967213,2999999,final_total_conflict,mismatched,false,conflict
session_584d8553eb5ca064,S,2026-07-31,19,138,adb-observer,1,243.047,final-capture-complete,5,complete,3,complete,auction-protocol-v2,77,77,0,0,true,3998045,0.992269,43,3998045,0,true,true,classifier,true,yolo26n_background_catalog_scored,true,152,0,0,10,13,15,5,11,1,3,7,21,1814,61123,92977.790698,630423,reviewed,matched,true,auto_confirmed
session_07d86d58d40c6426,S,2026-07-31,20,139,adb-observer,1,171.781,final-capture-complete,5,complete,3,complete,auction-protocol-v2,71,69,2,0,true,869379,0.992489,10,869379,0,true,true,classifier,true,yolo26n_background_catalog_scored,true,35,0,0,2,4,3,1,2,0,0,3,5,3747,65700.5,86937.9,281034,reviewed,matched,true,auto_confirmed
session_e079b01addd85ba4,S,2026-07-31,20,140,adb-observer,1,230.75,final-capture-complete,4,complete_with_identity_review,3,complete,auction-protocol-v2,65,62,3,0,true,6396807,0.982355,50,6396807,0,true,true,classifier,true,yolo26n_background_catalog_scored,true,174,1,0,11,14,18,7,6,6,8,5,25,2446,88911.5,127936.14,886532,reviewed,matched,true,auto_confirmed
session_1d459d5c433f0ade,S,2026-07-31,20,141,adb-observer,1,54.328,final-capture-complete,1,complete,3,complete,auction-protocol-v2,17,17,0,0,true,3971359,0.993929,16,3971359,0,true,true,classifier,true,yolo26n_background_catalog_scored,true,52,0,0,3,5,6,2,4,1,1,5,5,3844,82876.0,248209.9375,2539483,reviewed,matched,true,auto_confirmed
session_51149ea411e7df7c,S,2026-07-31,20,142,adb-observer,1,72.234,final-capture-complete,1,complete,3,complete,auction-protocol-v2,20,18,2,0,true,6690800,0.988688,45,6690800,0,true,true,classifier,true,yolo26n_background_catalog_scored,true,160,0,0,12,12,17,4,7,4,5,6,23,2446,96008,148684.444444,992601,reviewed,matched,true,auto_confirmed
session_6491ec07ee38fba5,S,2026-07-31,20,143,adb-observer,1,238.75,final-capture-complete,5,complete_with_identity_review,3,complete,auction-protocol-v2,78,78,0,0,true,5406212,0.990423,32,5406212,0,true,true,classifier,true,yolo26n_background_catalog_scored,true,100,1,0,5,10,10,7,9,4,4,0,15,2360,73586.0,168944.125,2557820,reviewed,matched,true,auto_confirmed
session_bf04b077f3048942,S,2026-07-31,20,144,adb-observer,1,79.453,final-capture-complete,1,needs_review,3,complete,auction-protocol-v2,17,17,0,0,true,6108633,0.971398,51,6873008,764375,false,true,classifier,true,yolo26n_background_catalog_scored,true,173,1,1,9,19,13,10,11,2,7,6,25,3797,79737,134764.862745,992601,final_total_conflict,mismatched,false,conflict
session_ebd8ca99a8e05d1c,S,2026-07-31,20,145,adb-observer,1,46.391,final-capture-complete,1,complete,3,complete,auction-protocol-v2,18,18,0,0,true,740618,0.994226,10,740618,0,true,true,classifier,true,yolo26n_background_catalog_scored,true,28,0,0,2,4,3,1,4,0,0,0,6,1814,73586.0,74061.8,198487,reviewed,matched,true,auto_confirmed
session_14384b7ea04234f8,S,2026-07-31,20,146,adb-observer,1,70.813,final-capture-complete,1,needs_review,3,complete,auction-protocol-v2,18,18,0,0,true,5915723,0.987442,48,5870749,-44974,false,true,classifier,true,yolo26n_background_catalog_scored,true,158,0,1,8,11,20,9,10,4,4,9,21,3747,94369.0,122307.270833,776546,final_total_conflict,mismatched,false,conflict
session_2facf61f2d91f954,S,2026-07-31,20,147,adb-observer,1,76.094,final-capture-complete,1,complete,3,complete,auction-protocol-v2,18,18,0,0,true,5559960,0.979882,60,5559960,0,true,true,classifier,true,yolo26n_background_catalog_scored,true,158,0,0,13,18,22,7,20,8,8,7,17,2446,70620.5,92666.0,776546,reviewed,matched,true,auto_confirmed
session_413f732d26f91a94,S,2026-07-31,20,148,adb-observer,1,107.718,final-capture-complete,3,complete,3,complete,auction-protocol-v2,48,48,0,0,true,2618094,0.993284,14,2618094,0,true,true,classifier,true,yolo26n_background_catalog_scored,true,43,0,0,2,4,4,4,4,0,1,4,5,3797,61123.0,187006.714286,971708,reviewed,matched,true,auto_confirmed
session_357dbc1173d0dc1c,S,2026-07-31,20,149,adb-observer,1,149.812,final-capture-complete,2,complete,3,complete,auction-protocol-v2,31,29,2,0,true,3644993,0.990581,33,3644993,0,true,true,classifier,true,yolo26n_background_catalog_scored,true,105,0,0,6,10,12,5,10,2,3,4,14,2360,92730,110454.333333,364855,reviewed,matched,true,auto_confirmed
session_e799e1928ed25455,S,2026-07-31,20,150,adb-observer,1,231.094,final-capture-complete,5,needs_review,3,complete,auction-protocol-v2,81,78,3,0,true,4667550,0.994443,39,4667550,0,true,true,classifier,true,yolo26n_background_catalog_scored,true,128,1,1,5,14,14,6,8,4,4,5,18,4507,92730,119680.769231,713390,reviewed,matched,true,auto_confirmed
session_15948a28d18a7153,S,2026-07-31,20,151,adb-observer,1,86.734,final-capture-complete,1,complete,3,complete,auction-protocol-v2,18,17,1,0,true,6872178,0.988304,45,6872178,0,true,true,classifier,true,yolo26n_background_catalog_scored,true,159,0,0,10,14,13,8,7,5,7,2,24,1420,85093,152715.066667,1587435,reviewed,matched,true,auto_confirmed
session_f06079f634ab48b6,S,2026-07-31,20,152,adb-observer,1,48.89,final-capture-complete,1,complete,3,complete,auction-protocol-v2,20,17,3,0,true,1243398,0.9982,13,1243398,0,true,true,classifier,true,yolo26n_background_catalog_scored,true,49,0,0,2,6,4,1,3,0,0,1,9,6271,79737,95646.0,281034,reviewed,matched,true,auto_confirmed
session_b96531b59159cf08,S,2026-07-31,21,1,adb-observer,1,183.296,final-capture-complete,5,complete,3,complete,auction-protocol-v2,77,77,0,0,true,1177449,0.996115,10,1177449,0,true,true,classifier,true,yolo26n_background_catalog_scored,true,28,0,0,1,4,4,1,2,1,1,1,5,8454,108882.0,117744.9,281034,reviewed,matched,true,auto_confirmed
session_f04cff35dbac5447,S,2026-07-31,22,2,adb-observer,1,239.984,final-capture-complete,3,complete,3,complete,auction-protocol-v2,59,58,1,0,true,6923365,0.982405,46,6923365,0,true,true,classifier,true,yolo26n_background_catalog_scored,true,155,0,0,9,14,14,9,8,8,4,9,17,1420,61123.0,150507.934783,1635681,reviewed,matched,true,auto_confirmed
session_b908a513808ce203,S,2026-07-31,22,3,adb-observer,1,50.453,final-capture-complete,1,complete,3,complete,auction-protocol-v2,18,18,0,0,true,4242584,0.99424,19,4242584,0,true,true,classifier,true,yolo26n_background_catalog_scored,true,68,0,0,2,7,8,2,1,3,3,4,8,9053,92730,223293.894737,2539483,reviewed,matched,true,auto_confirmed
session_ad3ebc30fcd26615,S,2026-07-31,22,4,adb-observer,1,172.406,final-capture-complete,5,complete_with_identity_review,3,complete,auction-protocol-v2,78,78,0,0,true,2267367,0.979139,16,2267367,0,true,true,classifier,true,yolo26n_background_catalog_scored,true,67,1,0,5,6,3,2,0,2,1,4,9,10078,68589.5,141710.4375,1080961,reviewed,matched,true,auto_confirmed
session_3a5d4cd4d3815864,S,2026-07-31,22,5,adb-observer,1,99.984,final-capture-complete,2,complete,3,complete,auction-protocol-v2,33,33,0,0,true,4781470,0.992416,19,4781470,0,true,true,classifier,true,yolo26n_background_catalog_scored,true,70,0,0,2,8,7,2,2,2,3,4,8,3797,96008,251656.315789,3061687,reviewed,matched,true,auto_confirmed
session_059db9940a8f1e5f,S,2026-07-31,22,6,adb-observer,1,168.281,final-capture-complete,3,needs_review,3,complete,auction-protocol-v2,45,44,1,0,true,6313312,0.987287,60,9284994,2971682,false,true,classifier,true,yolo26n_background_catalog_scored,true,221,1,0,14,20,20,6,5,9,5,11,30,2446,73106.0,154749.9,2999999,final_total_conflict,mismatched,false,conflict
session_5ffa552f29e99049,S,2026-07-31,22,7,adb-observer,1,122.078,final-capture-complete,3,complete,3,complete,auction-protocol-v2,47,47,0,0,true,3005372,0.981625,18,3005372,0,true,true,classifier,true,yolo26n_background_catalog_scored,true,64,0,0,6,5,4,3,3,2,2,2,9,3747,70011.0,166965.111111,1083805,reviewed,matched,true,auto_confirmed
session_29b675806132f436,S,2026-07-31,22,8,adb-observer,1,47.36,final-capture-complete,1,needs_review,3,complete,auction-protocol-v2,18,18,0,0,true,2077431,0.998797,15,2084710,7279,false,true,classifier,true,yolo26n_background_catalog_scored,true,44,1,0,3,5,4,3,2,3,3,3,4,7279,106949,138980.666667,776546,final_total_conflict,mismatched,false,conflict
session_d791b1dcb378f78f,S,2026-07-31,22,9,adb-observer,1,58.078,final-capture-complete,1,complete,3,complete,auction-protocol-v2,18,17,1,0,true,2322815,0.998984,31,2322815,0,true,true,classifier,true,yolo26n_background_catalog_scored,true,81,0,0,4,6,13,8,9,2,9,2,9,1420,70278,74929.516129,225664,reviewed,matched,true,auto_confirmed
session_c1333de5343d5122,S,2026-07-31,22,10,adb-observer,1,200.484,final-capture-complete,5,complete,3,complete,auction-protocol-v2,78,78,0,0,true,5043497,0.987289,25,5043497,0,true,true,classifier,true,yolo26n_background_catalog_scored,true,103,0,0,1,12,8,4,2,2,2,3,16,2360,106949,201739.88,1680426,reviewed,matched,true,auto_confirmed
session_5ce4ebf6190d2d9d,S,2026-07-31,22,11,adb-observer,1,141.734,final-capture-complete,3,needs_review,3,complete,auction-protocol-v2,47,47,0,0,true,3420402,0.997803,30,3420402,0,true,true,classifier,true,yolo26n_background_catalog_scored,true,104,0,1,6,10,11,3,7,1,3,5,14,8454,97443.0,114013.4,499425,reviewed,matched,true,auto_confirmed
session_665c6a2c150c8c82,S,2026-07-31,22,12,adb-observer,1,219.5,final-capture-complete,5,needs_review,3,complete,auction-protocol-v2,78,78,0,0,true,6974859,0.976982,52,6893113,-81746,false,true,classifier,true,yolo26n_background_catalog_scored,true,161,1,5,7,14,22,9,11,8,6,5,22,1814,109576.0,132559.865385,776546,final_total_conflict,mismatched,false,conflict
session_474138a06df583f9,S,2026-07-31,22,13,adb-observer,1,45.25,final-capture-complete,1,complete,3,complete,auction-protocol-v2,17,17,0,0,true,2809646,0.993537,11,2809646,0,true,true,classifier,true,yolo26n_background_catalog_scored,true,39,0,0,1,3,4,3,2,1,1,3,4,3797,115115,255422.363636,1878833,reviewed,matched,true,auto_confirmed
session_768a6db4d75220f6,S,2026-07-31,22,14,adb-observer,1,100.735,final-capture-complete,2,needs_review,3,complete,auction-protocol-v2,39,30,9,0,true,6692026,0.978193,41,6692026,0,true,true,classifier,true,yolo26n_background_catalog_scored,true,144,0,1,7,12,14,8,6,6,3,6,20,2360,70278,163220.146341,1587435,reviewed,matched,true,auto_confirmed
session_b87934a89e1d026b,S,2026-07-31,22,15,adb-observer,1,206.203,final-capture-complete,5,complete,3,complete,auction-protocol-v2,78,78,0,0,true,6987351,0.986999,39,6987351,0,true,true,classifier,true,yolo26n_background_catalog_scored,true,116,0,0,8,9,11,11,11,1,6,7,14,2360,47954,179162.846154,2999999,reviewed,matched,true,auto_confirmed
session_dbe81b80f53b1a3d,S,2026-07-31,22,16,adb-observer,1,84.703,final-capture-complete,2,complete_with_identity_review,3,complete,auction-protocol-v2,31,30,1,0,true,2650998,0.992283,20,2650998,0,true,true,classifier,true,yolo26n_background_catalog_scored,true,81,1,0,5,5,6,4,2,2,3,0,13,2360,58235.5,132549.9,713390,reviewed,matched,true,auto_confirmed
session_0325e8f94a8ba3a9,S,2026-07-31,22,17,adb-observer,1,77.0,final-capture-complete,2,complete,3,complete,auction-protocol-v2,33,33,0,0,true,824110,0.997108,10,824110,0,true,true,classifier,true,yolo26n_background_catalog_scored,true,38,0,0,2,4,3,1,1,2,1,1,5,6271,68852.0,82411.0,168340,reviewed,matched,true,auto_confirmed
session_f4abb615c3181484,S,2026-07-31,22,18,adb-observer,1,242.75,final-capture-complete,5,needs_review,3,complete,auction-protocol-v2,78,78,0,0,true,6207432,0.986338,46,6207432,0,true,true,classifier,true,yolo26n_background_catalog_scored,true,149,0,6,6,15,20,5,6,6,6,8,20,2360,96008.0,134944.173913,1680426,reviewed,matched,true,auto_confirmed
session_b2d20784337ebd44,S,2026-07-31,22,19,adb-observer,1,66.172,final-capture-complete,1,complete,3,complete,auction-protocol-v2,18,17,1,0,true,3614483,0.989555,41,3614483,0,true,true,classifier,true,yolo26n_background_catalog_scored,true,139,0,0,7,14,13,7,7,7,5,6,16,2446,73106,88158.121951,385956,reviewed,matched,true,auto_confirmed
session_b9def14acaf994ee,S,2026-07-31,22,20,adb-observer,1,54.422,final-capture-complete,1,complete,3,complete,auction-protocol-v2,18,18,0,0,true,2677490,0.994513,22,2677490,0,true,true,classifier,true,yolo26n_background_catalog_scored,true,83,0,0,2,7,9,4,3,2,2,3,12,2360,93012.0,121704.090909,540336,reviewed,matched,true,auto_confirmed
session_1714ba4cd9232ae0,S,2026-07-31,22,21,adb-observer,1,221.437,final-capture-complete,5,needs_review,3,complete,auction-protocol-v2,78,78,0,0,true,4914094,0.990225,29,4832348,-81746,false,true,classifier,true,yolo26n_background_catalog_scored,true,105,1,0,7,8,9,5,3,5,4,3,14,1420,60018,166632.689655,1486670,final_total_conflict,mismatched,false,conflict
session_31d22ffb32818fbc,S,2026-07-31,22,22,adb-observer,1,141.968,final-capture-complete,3,complete,3,complete,auction-protocol-v2,49,47,2,0,true,6801799,0.990877,40,6801799,0,true,true,classifier,true,yolo26n_background_catalog_scored,true,137,0,0,5,12,16,7,8,5,3,8,16,2446,94915.5,170044.975,2999999,reviewed,matched,true,auto_confirmed
session_beb289c5d5230462,S,2026-07-31,22,23,adb-observer,1,60.969,final-capture-complete,1,complete,3,complete,auction-protocol-v2,17,17,0,0,true,2610149,0.998552,29,2610149,0,true,true,classifier,true,yolo26n_background_catalog_scored,true,111,0,0,7,10,9,3,2,4,2,4,17,2360,60614,90005.137931,302326,reviewed,matched,true,auto_confirmed
session_45490952338ac237,S,2026-07-31,22,24,adb-observer,1,127.344,final-capture-complete,3,complete_with_identity_review,3,complete,auction-protocol-v2,48,48,0,0,true,4738620,0.970702,22,4738620,0,true,true,classifier,true,yolo26n_background_catalog_scored,true,66,1,0,4,6,7,5,7,1,3,3,8,1814,99839.5,215391.818182,2557820,reviewed,matched,true,auto_confirmed
session_772831650519d49a,S,2026-07-31,23,25,adb-observer,1,152.907,final-capture-complete,4,complete,3,complete,auction-protocol-v2,65,63,2,0,true,2943492,0.996988,18,2943492,0,true,true,classifier,true,yolo26n_background_catalog_scored,true,64,0,0,4,7,4,3,1,2,3,5,7,2360,70620.5,163527.333333,1733281,reviewed,matched,true,auto_confirmed
session_7ef9d6d1481127aa,S,2026-07-31,23,26,adb-observer,1,288.641,final-capture-complete,4,complete,3,complete,auction-protocol-v2,59,58,1,0,true,3297764,0.983296,37,3297764,0,true,true,classifier,true,yolo26n_background_catalog_scored,true,119,0,0,7,9,12,9,5,5,4,6,17,1420,51756,89128.756757,630423,reviewed,matched,true,auto_confirmed
session_8bc167ae3a39fca3,S,2026-07-31,23,27,adb-observer,1,112.687,final-capture-complete,3,complete,3,complete,auction-protocol-v2,44,43,1,0,true,1731784,0.989628,20,1731784,0,true,true,classifier,true,yolo26n_background_catalog_scored,true,64,0,0,4,7,7,2,2,4,2,2,10,3747,63726.5,86589.2,302326,reviewed,matched,true,auto_confirmed
session_8556c9314b96c301,S,2026-07-31,23,28,adb-observer,1,211.703,final-capture-complete,4,complete,3,complete,auction-protocol-v2,62,62,0,0,true,5670826,0.988788,33,5670826,0,true,true,classifier,true,yolo26n_background_catalog_scored,true,108,0,0,5,8,13,7,4,9,2,4,14,3797,109576,171843.212121,1956574,reviewed,matched,true,auto_confirmed
session_7a345552f4a5ff44,S,2026-07-31,23,29,adb-observer,1,165.875,final-capture-complete,4,complete,3,complete,auction-protocol-v2,63,63,0,0,true,3221584,0.988996,27,3221584,0,true,true,classifier,true,yolo26n_background_catalog_scored,true,91,0,0,2,11,9,5,3,3,1,5,15,2360,92730,119317.925926,659511,reviewed,matched,true,auto_confirmed
session_aa2c04580f59f7c9,S,2026-07-31,23,30,adb-observer,1,52.234,final-capture-complete,1,complete,3,complete,auction-protocol-v2,18,17,1,0,true,2404569,0.984508,20,2404569,0,true,true,classifier,true,yolo26n_background_catalog_scored,true,65,0,0,3,6,7,4,4,3,2,3,8,3844,102508.0,120228.45,438654,reviewed,matched,true,auto_confirmed
session_ccbe74e6243bbbde,S,2026-07-31,23,31,adb-observer,1,182.062,final-capture-complete,4,complete_with_identity_review,3,complete,auction-protocol-v2,63,63,0,0,true,4472917,0.993532,43,4472917,0,true,true,classifier,true,yolo26n_background_catalog_scored,true,139,1,0,10,17,9,7,8,4,5,11,15,3747,71497,104021.325581,799999,reviewed,matched,true,auto_confirmed
session_c0379c53b66720ad,S,2026-07-31,23,32,adb-observer,1,138.25,final-capture-complete,3,complete,3,complete,auction-protocol-v2,47,47,0,0,true,2504617,0.953024,30,2504617,0,true,true,classifier,true,yolo26n_background_catalog_scored,true,118,0,0,6,13,6,5,5,1,3,3,18,3797,64279.0,83487.233333,224110,reviewed,matched,true,auto_confirmed
session_41264a468b17a959,S,2026-07-31,23,33,adb-observer,1,120.375,final-capture-complete,3,complete,3,complete,auction-protocol-v2,48,47,1,0,true,1668684,0.989473,12,1668684,0,true,true,classifier,true,yolo26n_background_catalog_scored,true,39,0,0,2,3,4,3,5,0,0,1,6,1814,81645.0,139057.0,452757,reviewed,matched,true,auto_confirmed
session_ddc82d950e26c334,S,2026-07-31,23,34,adb-observer,1,174.344,final-capture-complete,3,needs_review,3,complete,auction-protocol-v2,48,47,1,0,true,2606390,0.992171,28,2613669,7279,false,true,classifier,true,yolo26n_background_catalog_scored,true,98,1,0,10,7,7,4,4,3,0,4,17,2446,60570.5,93345.321429,499425,final_total_conflict,mismatched,false,conflict
session_01c076463859f6da,S,2026-07-31,23,35,adb-observer,1,111.688,final-capture-complete,3,complete,3,complete,auction-protocol-v2,52,48,4,0,true,539853,0.9917,10,539853,0,true,true,classifier,true,yolo26n_background_catalog_scored,true,38,0,0,1,4,3,2,1,1,0,2,6,2360,57359.0,53985.3,110503,reviewed,matched,true,auto_confirmed
session_983fb2e65c3bae1d,S,2026-07-31,23,36,adb-observer,1,99.0,final-capture-complete,2,complete,3,complete,auction-protocol-v2,33,33,0,0,true,5580178,0.9765,31,5580178,0,true,true,classifier,true,yolo26n_background_catalog_scored,true,114,0,0,5,8,12,6,4,3,3,2,19,2360,109576,180005.741935,1956574,reviewed,matched,true,auto_confirmed
session_31781f34532ca5ae,S,2026-07-31,23,1,adb-observer,1,114.36,final-capture-complete,3,complete,3,complete,auction-protocol-v2,45,45,0,0,true,3778636,0.973437,25,3778636,0,true,true,classifier,true,yolo26n_background_catalog_scored,true,73,0,0,4,8,9,4,6,3,4,5,7,6685,98067,151145.44,992601,reviewed,matched,true,auto_confirmed
session_0f050f5a6ab87200,S,2026-07-31,23,2,adb-observer,1,54.031,final-capture-complete,1,needs_review,3,complete,auction-protocol-v2,18,18,0,0,true,1278043,0.995019,11,1285322,7279,false,true,classifier,true,yolo26n_background_catalog_scored,true,36,1,0,1,3,5,2,1,2,0,4,4,7279,119697,116847.454545,281034,final_total_conflict,mismatched,false,conflict
session_cb6909840e07d677,S,2026-07-31,23,3,adb-observer,1,49.469,final-capture-complete,1,complete,3,complete,auction-protocol-v2,18,18,0,0,true,1037615,0.993544,10,1037615,0,true,true,classifier,true,yolo26n_background_catalog_scored,true,29,0,0,1,4,4,1,1,3,0,1,5,6271,82415.0,103761.5,302326,reviewed,matched,true,auto_confirmed
session_10788164a5afe01a,S,2026-07-31,23,4,adb-observer,1,64.593,final-capture-complete,1,needs_review,3,complete,auction-protocol-v2,19,18,1,0,true,5968075,0.990538,28,5996207,28132,false,true,classifier,true,yolo26n_background_catalog_scored,true,97,0,0,4,11,8,5,5,2,2,6,13,1420,76421.5,214150.25,1878833,final_total_conflict,mismatched,false,conflict
session_bfe8e447edb9630d,S,2026-07-31,23,5,adb-observer,1,126.094,final-capture-complete,1,complete,3,complete,auction-protocol-v2,19,16,3,0,true,5871292,0.984233,44,5871292,0,true,true,classifier,true,yolo26n_background_catalog_scored,true,132,0,0,11,13,14,6,11,2,7,4,20,1814,70278.0,133438.454545,1733281,reviewed,matched,true,auto_confirmed
session_81019d6f250b0ab9,S,2026-07-31,23,6,adb-observer,1,262.563,final-capture-complete,5,needs_review,3,complete,auction-protocol-v2,71,69,2,0,true,4253564,0.98871,56,4260843,7279,false,true,classifier,true,yolo26n_background_catalog_scored,true,199,1,2,18,15,15,8,9,5,4,10,28,3797,52496.0,76086.482143,385956,final_total_conflict,mismatched,false,conflict
session_8507a49152b72419,S,2026-07-31,23,7,adb-observer,1,166.688,final-capture-complete,4,complete_with_identity_review,3,complete,auction-protocol-v2,62,62,0,0,true,4905061,0.993166,23,4905061,0,true,true,classifier,true,yolo26n_background_catalog_scored,true,79,1,0,4,6,6,7,4,4,3,1,11,3747,92730,213263.521739,1486670,reviewed,matched,true,auto_confirmed
session_9ff3d07ba1debbf7,S,2026-07-31,23,8,adb-observer,1,188.953,final-capture-complete,4,complete,3,complete,auction-protocol-v2,63,62,1,0,true,2833945,0.995431,14,2833945,0,true,true,classifier,true,yolo26n_background_catalog_scored,true,39,0,0,1,5,6,2,4,3,1,0,6,9053,85586.5,202424.642857,1486670,reviewed,matched,true,auto_confirmed
session_0d05825edb88ea92,S,2026-07-31,23,9,adb-observer,1,135.859,final-capture-complete,4,complete,3,complete,auction-protocol-v2,63,63,0,0,true,969314,0.998738,11,969314,0,true,true,classifier,true,yolo26n_background_catalog_scored,true,38,0,0,1,5,4,1,3,2,0,1,5,3797,85093,88119.454545,240927,reviewed,matched,true,auto_confirmed
session_56e430fcf5040dd4,S,2026-08-01,0,10,adb-observer,1,209.625,final-capture-complete,5,needs_review,3,complete,auction-protocol-v2,78,78,0,0,true,5039325,0.973954,51,8775382,3736057,false,true,classifier,true,yolo26n_background_catalog_scored,true,192,2,2,10,18,15,8,10,5,3,7,26,1420,69744,172066.313725,2999999,final_total_conflict,mismatched,false,conflict
session_18bed55f0310fccf,S,2026-08-01,0,11,adb-observer,1,271.313,final-capture-complete,4,needs_review,3,complete,auction-protocol-v2,59,58,1,0,true,10871897,0.997335,60,11353415,481518,false,true,classifier,true,yolo26n_background_catalog_scored,true,236,4,1,9,24,13,14,8,2,6,11,33,2360,76421.5,189223.583333,1635681,final_total_conflict,mismatched,false,conflict
session_fc2fb046f8edb5d6,S,2026-08-01,0,12,adb-observer,1,78.89,final-capture-complete,2,complete,3,complete,auction-protocol-v2,31,30,1,0,true,1284575,0.968671,17,1284575,0,true,true,classifier,true,yolo26n_background_catalog_scored,true,52,0,0,2,6,5,4,3,2,4,1,7,2446,60614,75563.235294,247007,reviewed,matched,true,auto_confirmed
session_53f0f4e2c22784c3,S,2026-08-01,0,13,adb-observer,1,213.797,final-capture-complete,5,complete,3,complete,auction-protocol-v2,92,78,14,0,true,6801486,0.986938,40,6801486,0,true,true,classifier,true,yolo26n_background_catalog_scored,true,120,0,0,4,18,9,9,11,3,5,3,18,3747,99177.5,170037.15,1587435,reviewed,matched,true,auto_confirmed
session_bfa91ab126d07f21,S,2026-08-01,0,14,adb-observer,1,177.172,final-capture-complete,4,complete,3,complete,auction-protocol-v2,63,62,1,0,true,4290909,0.984585,38,4290909,0,true,true,classifier,true,yolo26n_background_catalog_scored,true,134,0,0,7,14,11,6,4,7,3,5,19,1420,73106.0,112918.657895,706471,reviewed,matched,true,auto_confirmed
session_37f5b0e7cfed25ad,S,2026-08-01,0,15,adb-observer,1,155.344,final-capture-complete,3,complete,3,complete,auction-protocol-v2,51,47,4,0,true,5099957,0.990336,60,5099957,0,true,true,classifier,true,yolo26n_background_catalog_scored,true,193,0,0,11,26,14,9,13,6,7,7,27,1814,67435.0,84999.283333,438654,reviewed,matched,true,auto_confirmed
session_d984c7045b2b922d,S,2026-08-01,0,16,adb-observer,1,158.531,final-capture-complete,4,complete,3,complete,auction-protocol-v2,62,62,0,0,true,2707139,0.992669,32,2707139,0,true,true,classifier,true,yolo26n_background_catalog_scored,true,85,0,0,8,8,9,7,9,6,3,4,10,1420,51756.0,84598.09375,364855,reviewed,matched,true,auto_confirmed
session_a77eb01e12931dec,S,2026-08-01,0,17,adb-observer,1,205.875,final-capture-complete,5,needs_review,3,complete,auction-protocol-v2,73,70,3,0,true,5419719,0.988417,34,5903006,483287,false,true,classifier,true,yolo26n_background_catalog_scored,true,122,2,0,8,11,10,5,3,2,6,7,16,2360,96008.0,173617.823529,2557820,final_total_conflict,mismatched,false,conflict
session_f341d31418054e0d,S,2026-08-01,0,18,adb-observer,1,145.594,final-capture-complete,3,complete,3,complete,auction-protocol-v2,47,47,0,0,true,4936981,0.988932,38,4936981,0,true,true,classifier,true,yolo26n_background_catalog_scored,true,123,0,0,9,15,11,3,10,5,2,3,18,3747,72301.5,129920.552632,1587435,reviewed,matched,true,auto_confirmed
session_305f1d98d92ca1c2,S,2026-08-01,0,19,adb-observer,1,174.375,final-capture-complete,4,complete,3,complete,auction-protocol-v2,63,63,0,0,true,6836478,0.987882,28,6836478,0,true,true,classifier,true,yolo26n_background_catalog_scored,true,109,0,0,7,5,9,7,4,2,2,4,16,5567,108262.5,244159.928571,1680426,reviewed,matched,true,auto_confirmed
session_b67040880a9a5109,S,2026-08-01,0,20,adb-observer,1,210.797,final-capture-complete,5,complete,3,complete,auction-protocol-v2,78,78,0,0,true,6058436,0.94713,44,6058436,0,true,true,classifier,true,yolo26n_background_catalog_scored,true,143,0,0,7,13,12,12,9,7,5,5,18,1420,70278.0,137691.727273,1587435,reviewed,matched,true,auto_confirmed
session_ac9ba4b361813686,S,2026-08-01,0,21,adb-observer,1,184.953,final-capture-complete,5,complete,3,complete,auction-protocol-v2,78,77,1,0,true,3564850,0.98102,29,3564850,0,true,true,classifier,true,yolo26n_background_catalog_scored,true,95,0,0,7,10,9,3,8,1,3,7,10,1814,85093,122925.862069,1083805,reviewed,matched,true,auto_confirmed
session_5f87c51df15b9565,S,2026-08-01,0,22,adb-observer,1,135.531,final-capture-complete,3,needs_review,3,complete,auction-protocol-v2,48,48,0,0,true,6430487,0.99165,48,6430487,0,true,true,classifier,true,yolo26n_background_catalog_scored,true,146,0,1,8,18,15,7,14,5,5,4,20,1814,70011.0,133968.479167,1561430,reviewed,matched,true,auto_confirmed
session_f392432e27cd1016,S,2026-08-01,0,23,adb-observer,1,175.531,final-capture-complete,4,complete_with_identity_review,3,complete,auction-protocol-v2,64,63,1,0,true,5657101,0.992492,24,5657101,0,true,true,classifier,true,yolo26n_background_catalog_scored,true,92,1,0,6,6,8,4,2,3,1,7,11,3844,93012.0,235712.541667,3061687,reviewed,matched,true,auto_confirmed
session_4aa531772e41acac,S,2026-08-01,0,24,adb-observer,1,76.953,final-capture-complete,1,complete,3,complete,auction-protocol-v2,18,18,0,0,true,6732667,0.971282,37,6732667,0,true,true,classifier,true,yolo26n_background_catalog_scored,true,110,0,0,10,13,10,4,12,7,1,7,10,8661,67435,181963.972973,2999999,reviewed,matched,true,auto_confirmed
session_b81e494255e117e8,S,2026-08-01,0,25,adb-observer,1,193.5,final-capture-complete,4,needs_review,3,complete,auction-protocol-v2,64,58,6,0,true,4783720,0.966192,60,4783720,0,true,true,classifier,true,yolo26n_background_catalog_scored,true,181,0,2,14,15,20,11,15,8,9,6,22,1420,40930.5,79728.666667,302326,reviewed,matched,true,auto_confirmed
session_e64ef2c55f2a167e,S,2026-08-01,0,26,adb-observer,1,65.75,final-capture-complete,1,complete,3,complete,auction-protocol-v2,18,17,1,0,true,5786677,0.980288,44,5786677,0,true,true,classifier,true,yolo26n_background_catalog_scored,true,158,0,0,9,19,12,4,4,4,5,7,24,2446,70887.5,131515.386364,1956574,reviewed,matched,true,auto_confirmed
session_f4c7c23466dc8f28,S,2026-08-01,0,27,adb-observer,1,88.406,final-capture-complete,2,complete,3,complete,auction-protocol-v2,33,33,0,0,true,4894712,0.9869,27,4894712,0,true,true,classifier,true,yolo26n_background_catalog_scored,true,90,0,0,5,12,7,3,4,4,1,4,14,1420,70278,181285.62963,2685114,reviewed,matched,true,auto_confirmed
session_d875e8a1f52c0f92,S,2026-08-01,0,28,adb-observer,1,123.375,final-capture-complete,1,complete,3,complete,auction-protocol-v2,18,17,1,0,true,5912629,0.996699,60,5912629,0,true,true,classifier,true,yolo26n_background_catalog_scored,true,195,0,0,9,28,15,8,14,8,4,4,30,1420,71497.0,98543.816667,776546,reviewed,matched,true,auto_confirmed
session_adf6a8541b869bc4,S,2026-08-01,1,29,adb-observer,1,135.219,final-capture-complete,3,complete,3,complete,auction-protocol-v2,48,48,0,0,true,4600943,0.99186,31,4600943,0,true,true,classifier,true,yolo26n_background_catalog_scored,true,112,0,0,8,11,6,6,5,2,2,9,13,2446,69744,148417.516129,992601,reviewed,matched,true,auto_confirmed
session_2d3343691f5bcdc3,S,2026-08-01,1,30,adb-observer,1,183.016,final-capture-complete,4,needs_review,3,complete,auction-protocol-v2,64,63,1,0,true,6867361,0.980233,49,7350648,483287,false,true,classifier,true,yolo26n_background_catalog_scored,true,164,1,1,7,22,13,7,9,6,8,4,22,3747,79737,150013.22449,1878833,final_total_conflict,mismatched,false,conflict
session_9759dc0fa25d220a,S,2026-08-01,1,31,adb-observer,1,134.406,final-capture-complete,4,complete,3,complete,auction-protocol-v2,62,62,0,0,true,1898551,0.996828,10,1898551,0,true,true,classifier,true,yolo26n_background_catalog_scored,true,35,0,0,1,4,3,2,0,2,2,0,6,6685,87872.5,189855.1,878245,reviewed,matched,true,auto_confirmed
session_ce86004399f48e8f,S,2026-08-01,1,32,adb-observer,1,184.172,final-capture-complete,4,needs_review,3,complete,auction-protocol-v2,64,63,1,0,true,6590380,0.968532,60,7071898,481518,false,true,classifier,true,yolo26n_background_catalog_scored,true,197,1,1,9,23,18,10,10,6,7,11,26,2446,86233.5,117864.966667,1083805,final_total_conflict,mismatched,false,conflict
session_ae627af6ca81e91f,S,2026-08-01,1,33,adb-observer,1,81.75,final-capture-complete,2,complete,3,complete,auction-protocol-v2,31,30,1,0,true,3713333,0.977039,18,3713333,0,true,true,classifier,true,yolo26n_background_catalog_scored,true,58,0,0,3,5,7,3,3,3,3,1,8,3797,87872.5,206296.277778,1878833,reviewed,matched,true,auto_confirmed
session_68f5b6e1da7bed49,S,2026-08-01,1,34,adb-observer,1,72.579,final-capture-complete,2,complete,3,complete,auction-protocol-v2,34,33,1,0,true,3622431,0.996299,10,3622431,0,true,true,classifier,true,yolo26n_background_catalog_scored,true,32,0,0,1,4,3,2,3,0,1,3,3,3797,60750.0,362243.1,2999999,reviewed,matched,true,auto_confirmed
session_5af40b795802463d,S,2026-08-01,1,35,adb-observer,1,108.5,final-capture-complete,2,complete,3,complete,auction-protocol-v2,34,33,1,0,true,5309902,0.989121,60,5309902,0,true,true,classifier,true,yolo26n_background_catalog_scored,true,182,0,0,15,19,14,12,12,5,7,11,25,1814,49855.0,88498.366667,1083805,reviewed,matched,true,auto_confirmed
session_5f7f9dbedb95aa81,S,2026-08-01,1,36,adb-observer,1,60.016,final-capture-complete,1,complete,3,complete,auction-protocol-v2,20,18,2,0,true,2966414,0.992149,11,2966414,0,true,true,classifier,true,yolo26n_background_catalog_scored,true,33,0,0,1,3,5,2,1,1,2,2,5,5567,115115,269674.0,1680426,reviewed,matched,true,auto_confirmed
session_ffdaaaa53b26ab58,S,2026-08-01,1,37,adb-observer,1,191.516,final-capture-complete,4,complete,3,complete,auction-protocol-v2,63,63,0,0,true,5131037,0.999431,44,5131037,0,true,true,classifier,true,yolo26n_background_catalog_scored,true,138,0,0,7,13,15,9,8,7,9,5,15,1420,72301.5,116614.477273,1635681,reviewed,matched,true,auto_confirmed
session_1e870fe0ee63865b,S,2026-08-01,1,38,adb-observer,1,190.531,final-capture-complete,4,needs_review,3,complete,auction-protocol-v2,64,63,1,0,true,4498973,0.992153,52,4931356,432383,false,true,classifier,true,yolo26n_background_catalog_scored,true,171,2,0,11,18,13,10,8,8,5,8,23,1420,46464.0,94833.769231,713390,final_total_conflict,mismatched,false,conflict
session_2062c312842ab0c9,S,2026-08-01,1,39,adb-observer,1,158.828,final-capture-complete,3,needs_review,3,complete,auction-protocol-v2,48,47,1,0,true,10954653,0.990928,60,11437940,483287,false,true,classifier,true,yolo26n_background_catalog_scored,true,194,1,0,11,16,19,14,15,6,4,9,26,2360,79737.0,190632.333333,1956574,final_total_conflict,mismatched,false,conflict
session_506910b1c5011b84,S,2026-08-01,1,40,adb-observer,1,194.812,final-capture-complete,4,complete_with_identity_review,3,complete,auction-protocol-v2,64,58,6,0,true,4002804,0.99279,14,4002804,0,true,true,classifier,true,yolo26n_background_catalog_scored,true,57,1,0,2,7,3,2,1,2,0,1,10,3797,73106.0,285914.571429,3061687,reviewed,matched,true,auto_confirmed
session_cdc4ad8f90677f7a,S,2026-08-01,1,41,adb-observer,1,230.953,final-capture-complete,5,complete_with_identity_review,3,complete,auction-protocol-v2,86,78,8,0,true,5478696,0.98797,30,5478696,0,true,true,classifier,true,yolo26n_background_catalog_scored,true,98,1,0,5,13,10,2,5,2,3,2,18,2446,56185.0,182623.2,3061687,reviewed,matched,true,auto_confirmed
session_fe3b4a76ed07104a,S,2026-08-01,1,42,adb-observer,1,234.39,final-capture-complete,5,complete,3,complete,auction-protocol-v2,79,76,3,0,true,6471389,0.975649,36,6471389,0,true,true,classifier,true,yolo26n_background_catalog_scored,true,133,0,0,6,17,10,3,5,3,2,7,19,7982,86374.5,179760.805556,2539483,reviewed,matched,true,auto_confirmed
session_97f563d2a878e114,S,2026-08-01,1,43,adb-observer,1,179.641,final-capture-complete,5,complete,3,complete,auction-protocol-v2,77,77,0,0,true,4474245,0.983212,33,4474245,0,true,true,classifier,true,yolo26n_background_catalog_scored,true,108,0,0,5,8,14,6,5,5,4,4,15,2446,70278,135583.181818,878245,reviewed,matched,true,auto_confirmed
session_6e35873a8d892183,S,2026-08-01,1,44,adb-observer,1,44.468,final-capture-complete,1,complete,3,complete,auction-protocol-v2,17,17,0,0,true,910540,0.992206,10,910540,0,true,true,classifier,true,yolo26n_background_catalog_scored,true,31,0,0,2,4,3,1,3,1,2,1,3,8454,95398.5,91054.0,226538,reviewed,matched,true,auto_confirmed
session_4aa5215410298c04,S,2026-08-01,1,45,adb-observer,1,181.438,final-capture-complete,3,complete_with_identity_review,3,complete,auction-protocol-v2,45,44,1,0,true,4336613,0.98347,44,4336613,0,true,true,classifier,true,yolo26n_background_catalog_scored,true,139,1,0,15,9,13,7,10,6,5,2,21,2360,40899.0,98559.386364,713390,reviewed,matched,true,auto_confirmed
session_90eb7020f06ed441,S,2026-08-01,1,46,adb-observer,1,179.953,final-capture-complete,5,complete,3,complete,auction-protocol-v2,78,78,0,0,true,2647706,0.997445,26,2647706,0,true,true,classifier,true,yolo26n_background_catalog_scored,true,73,0,0,8,8,7,3,6,2,5,2,11,6685,64279.0,101834.846154,499425,reviewed,matched,true,auto_confirmed
session_84c7cc7ab83e2d9f,S,2026-08-01,1,47,adb-observer,1,91.828,final-capture-complete,2,complete,3,complete,auction-protocol-v2,33,33,0,0,true,3228362,0.954778,18,3228362,0,true,true,classifier,true,yolo26n_background_catalog_scored,true,76,0,0,5,5,6,2,2,2,2,0,12,5567,82254.5,179353.444444,1878833,reviewed,matched,true,auto_confirmed
session_b708fc949befd5e9,S,2026-08-01,1,48,adb-observer,1,115.515,final-capture-complete,3,complete,3,complete,auction-protocol-v2,48,48,0,0,true,5362351,0.988191,20,5362351,0,true,true,classifier,true,yolo26n_background_catalog_scored,true,89,0,0,3,6,6,5,1,2,3,3,11,1420,108258.0,268117.55,2394967,reviewed,matched,true,auto_confirmed
session_29a3b3c19cd42784,S,2026-08-01,1,49,adb-observer,1,156.453,final-capture-complete,4,complete,3,complete,auction-protocol-v2,66,63,3,0,true,2033710,0.9615,28,2033710,0,true,true,classifier,true,yolo26n_background_catalog_scored,true,84,0,0,8,9,6,5,7,5,3,4,9,1814,46464.0,72632.5,283538,reviewed,matched,true,auto_confirmed
session_8d95ed46f79cc23d,S,2026-08-01,2,50,adb-observer,1,275.031,final-capture-complete,5,complete_with_identity_review,3,complete,auction-protocol-v2,79,77,2,0,true,5975710,0.987639,48,5975710,0,true,true,classifier,true,yolo26n_background_catalog_scored,true,147,1,0,9,19,14,6,10,9,4,6,19,8661,88911.5,124493.958333,1561430,reviewed,matched,true,auto_confirmed
session_36b7c05486e4c415,S,2026-08-01,2,51,adb-observer,1,54.219,final-capture-complete,1,complete,3,complete,auction-protocol-v2,17,17,0,0,true,2682939,0.988843,26,2682939,0,true,true,classifier,true,yolo26n_background_catalog_scored,true,87,0,0,4,7,9,6,7,2,2,6,9,2446,100207.0,103189.961538,364855,reviewed,matched,true,auto_confirmed
session_b588a8cd290745dd,S,2026-08-01,2,52,adb-observer,1,179.891,final-capture-complete,5,needs_review,3,complete,auction-protocol-v2,79,78,1,0,true,1042476,0.996231,12,1057034,14558,false,true,classifier,true,yolo26n_background_catalog_scored,true,36,2,0,1,3,5,3,2,2,1,1,6,3797,90550.5,88086.166667,221819,final_total_conflict,mismatched,false,conflict
session_a76f75eb86e68db8,S,2026-08-01,2,53,adb-observer,1,160.016,final-capture-complete,2,needs_review,3,complete,auction-protocol-v2,33,31,2,0,true,4356256,0.975233,48,4356256,0,true,true,classifier,true,yolo26n_background_catalog_scored,true,156,0,2,13,17,11,7,9,8,4,6,21,2446,64024.5,90755.333333,489972,reviewed,matched,true,auto_confirmed
session_82b17a2de9e6ea6f,S,2026-08-01,2,54,adb-observer,1,63.937,final-capture-complete,1,complete_with_identity_review,3,complete,auction-protocol-v2,18,18,0,0,true,4908170,0.997119,27,4908170,0,true,true,classifier,true,yolo26n_background_catalog_scored,true,98,1,0,5,6,9,7,2,4,3,7,11,1420,60018,181784.074074,1680426,reviewed,matched,true,auto_confirmed
session_b9fb58008c6fb33f,S,2026-08-01,2,55,adb-observer,1,44.922,final-capture-complete,1,complete,3,complete,auction-protocol-v2,20,18,2,0,true,3246101,0.992981,11,3246101,0,true,true,classifier,true,yolo26n_background_catalog_scored,true,30,0,0,1,3,4,3,3,1,3,1,3,6685,61123,295100.090909,1733281,reviewed,matched,true,auto_confirmed
session_8e9aa56427bc8383,S,2026-08-01,2,56,adb-observer,1,93.485,final-capture-complete,1,complete_with_identity_review,3,complete,auction-protocol-v2,18,18,0,0,true,6095134,0.993049,57,6095134,0,true,true,classifier,true,yolo26n_background_catalog_scored,true,184,2,0,18,19,12,8,11,3,8,10,25,2446,61123,106932.175439,713390,reviewed,matched,true,auto_confirmed
session_6148cc0cfda93e82,S,2026-08-01,2,57,adb-observer,1,202.375,protocol-settlement-complete,5,needs_review,3,complete,auction-protocol-v2,71,70,1,0,true,5111344,0.998137,35,3000716,-2110628,false,true,classifier,true,yolo26n_background_catalog_scored,true,100,2,0,8,11,11,5,5,8,6,4,12,1420,70278,85734.742857,284912,final_total_conflict,mismatched,false,conflict
session_caaead5693650eff,S,2026-08-01,2,58,adb-observer,1,79.078,final-capture-complete,1,complete,3,complete,auction-protocol-v2,18,17,1,0,true,4440759,0.977755,33,4440759,0,true,true,classifier,true,yolo26n_background_catalog_scored,true,118,0,0,8,13,10,2,5,3,2,4,19,2360,73106,134568.454545,1587435,reviewed,matched,true,auto_confirmed
session_5855457e6f2c150a,S,2026-08-01,2,59,adb-observer,1,186.125,final-capture-complete,3,complete,3,complete,auction-protocol-v2,46,44,2,0,true,5053952,0.993976,33,5053952,0,true,true,classifier,true,yolo26n_background_catalog_scored,true,117,0,0,4,12,11,6,3,2,5,10,13,3797,71497,153150.060606,1587435,reviewed,matched,true,auto_confirmed
session_b124c607d3cba762,S,2026-08-01,2,60,adb-observer,1,136.547,final-capture-complete,3,needs_review,3,complete,auction-protocol-v2,52,48,4,0,true,5382700,0.967058,60,5382700,0,true,true,classifier,true,yolo26n_background_catalog_scored,true,205,2,1,13,19,20,8,9,9,4,8,30,1814,70278.0,89711.666667,302326,reviewed,matched,true,auto_confirmed
session_b1e04a2a76e3b74d,S,2026-08-01,2,61,adb-observer,1,213.281,final-capture-complete,5,needs_review,3,complete,auction-protocol-v2,82,77,5,0,true,2773630,0.985497,43,2773630,0,true,true,classifier,true,yolo26n_background_catalog_scored,true,153,0,2,12,14,11,6,6,4,7,8,18,4507,42261,64503.023256,281034,reviewed,matched,true,auto_confirmed
session_93c616b8b6d49ef7,S,2026-08-01,2,62,adb-observer,1,106.844,final-capture-complete,3,complete,3,complete,auction-protocol-v2,43,42,1,0,true,1188666,0.976694,10,1188666,0,true,true,classifier,true,yolo26n_background_catalog_scored,true,28,0,0,1,3,5,1,0,5,0,0,5,7982,109734.0,118866.6,281034,reviewed,matched,true,auto_confirmed
session_36e4b5542df85271,S,2026-08-01,2,63,adb-observer,1,180.312,final-capture-complete,4,complete,3,complete,auction-protocol-v2,62,62,0,0,true,3120816,0.989405,24,3120816,0,true,true,classifier,true,yolo26n_background_catalog_scored,true,93,0,0,4,9,8,3,3,0,1,7,13,7279,94369.0,130034.0,659511,reviewed,matched,true,auto_confirmed
session_eadcb541c084e768,S,2026-08-01,2,64,adb-observer,1,47.968,final-capture-complete,1,complete,3,complete,auction-protocol-v2,19,18,1,0,true,1851141,0.999797,14,1851141,0,true,true,classifier,true,yolo26n_background_catalog_scored,true,53,0,0,1,8,3,2,0,0,4,3,7,2446,86233.5,132224.357143,630423,reviewed,matched,true,auto_confirmed
session_12e2dd75b016a3b0,S,2026-08-01,2,65,adb-observer,1,49.344,final-capture-complete,1,complete,3,complete,auction-protocol-v2,20,17,3,0,true,1522529,0.986,21,1522529,0,true,true,classifier,true,yolo26n_background_catalog_scored,true,73,0,0,7,5,5,4,4,2,2,1,12,2446,36887,72501.380952,385956,reviewed,matched,true,auto_confirmed
session_a7977add14fe78de,S,2026-08-01,2,66,adb-observer,1,50.531,final-capture-complete,1,complete,3,complete,auction-protocol-v2,18,18,0,0,true,1128122,0.998268,15,1128122,0,true,true,classifier,true,yolo26n_background_catalog_scored,true,49,0,0,3,5,4,3,1,3,3,3,5,3797,47954,75208.133333,247007,reviewed,matched,true,auto_confirmed
session_4e9ddf59a7769cab,S,2026-08-01,2,67,adb-observer,1,78.125,final-capture-complete,1,needs_review,3,complete,auction-protocol-v2,19,18,1,0,true,6765794,0.986512,37,6771465,5671,false,true,classifier,true,yolo26n_background_catalog_scored,true,138,0,0,7,14,9,7,5,2,4,4,22,2360,92730,183012.567568,2394967,final_total_conflict,mismatched,false,conflict
session_cea5071ec1a1741b,S,2026-08-01,2,68,adb-observer,1,78.328,final-capture-complete,2,complete,3,complete,auction-protocol-v2,32,30,2,0,true,4507540,0.975612,26,4507540,0,true,true,classifier,true,yolo26n_background_catalog_scored,true,76,0,0,3,10,6,7,8,1,4,4,9,6271,97037.5,173366.923077,971708,reviewed,matched,true,auto_confirmed
session_5c254d667d96ffba,S,2026-08-01,2,69,adb-observer,1,52.859,final-capture-complete,1,complete,3,complete,auction-protocol-v2,19,18,1,0,true,1711871,0.999782,21,1711871,0,true,true,classifier,true,yolo26n_background_catalog_scored,true,68,0,0,5,9,6,1,3,3,0,5,10,3844,71497,81517.666667,198487,reviewed,matched,true,auto_confirmed
session_5f146a0a4d6dcfa2,S,2026-08-01,2,70,adb-observer,1,170.031,final-capture-complete,5,complete,3,complete,auction-protocol-v2,78,78,0,0,true,2007730,0.998085,21,2007730,0,true,true,classifier,true,yolo26n_background_catalog_scored,true,53,0,0,5,7,7,2,4,2,5,2,8,1814,98067,95606.190476,247007,reviewed,matched,true,auto_confirmed
session_fb027c26c4319865,S,2026-08-01,2,71,adb-observer,1,187.031,final-capture-complete,4,complete_with_identity_review,3,complete,auction-protocol-v2,63,63,0,0,true,3197594,0.985302,38,3197594,0,true,true,classifier,true,yolo26n_background_catalog_scored,true,120,1,0,9,11,12,6,5,5,6,6,16,1420,82415.0,84147.210526,281034,reviewed,matched,true,auto_confirmed
session_4abe18f9d5c7ebb6,S,2026-08-01,2,72,adb-observer,1,166.907,final-capture-complete,3,needs_review,3,complete,auction-protocol-v2,47,47,0,0,true,6262975,0.990301,61,6799096,536121,false,true,classifier,true,yolo26n_background_catalog_scored,true,181,2,0,13,15,25,8,13,10,6,7,25,1420,79737,111460.590164,971708,final_total_conflict,mismatched,false,conflict
session_01abd487fef0c695,S,2026-08-01,2,73,adb-observer,1,81.641,final-capture-complete,1,needs_review,3,complete,auction-protocol-v2,18,17,1,0,true,5753920,0.977902,51,6235438,481518,false,true,classifier,true,yolo26n_background_catalog_scored,true,171,1,0,14,15,12,10,9,6,5,8,23,1814,51756,122263.490196,886532,final_total_conflict,mismatched,false,conflict
session_e5e25a23059c65ab,S,2026-08-01,3,74,adb-observer,1,159.968,final-capture-complete,4,complete,3,complete,auction-protocol-v2,64,63,1,0,true,1911840,0.998055,10,1911840,0,true,true,classifier,true,yolo26n_background_catalog_scored,true,34,0,0,1,3,3,3,1,1,2,3,3,1420,109576.0,191184.0,1083805,reviewed,matched,true,auto_confirmed
session_88ddf802a69e1ccd,S,2026-08-01,3,75,adb-observer,1,86.953,final-capture-complete,2,complete,3,complete,auction-protocol-v2,34,33,1,0,true,2342085,0.990023,20,2342085,0,true,true,classifier,true,yolo26n_background_catalog_scored,true,73,0,0,3,8,6,3,3,2,0,3,12,2446,87872.5,117104.25,499425,reviewed,matched,true,auto_confirmed
session_100e478c834234e8,S,2026-08-01,3,76,adb-observer,1,50.016,final-capture-complete,1,complete,3,complete,auction-protocol-v2,18,18,0,0,true,1124390,0.995121,14,1124390,0,true,true,classifier,true,yolo26n_background_catalog_scored,true,58,0,0,4,4,5,1,1,1,0,1,11,2360,64024.5,80313.571429,281034,reviewed,matched,true,auto_confirmed
session_4f03d1a0ec41e30e,S,2026-08-01,3,77,adb-observer,1,62.109,final-capture-complete,1,complete,3,complete,auction-protocol-v2,18,18,0,0,true,2802807,0.991417,35,2802807,0,true,true,classifier,true,yolo26n_background_catalog_scored,true,102,0,0,8,14,9,4,6,4,5,6,14,4507,73106,80080.2,283538,reviewed,matched,true,auto_confirmed
session_5e5b6823e9a99552,S,2026-08-01,3,78,adb-observer,1,103.938,final-capture-complete,2,complete,3,complete,auction-protocol-v2,36,33,3,0,true,4485135,0.991232,50,4485135,0,true,true,classifier,true,yolo26n_background_catalog_scored,true,167,0,0,10,19,14,7,10,2,11,5,22,1814,70620.5,89702.7,302326,reviewed,matched,true,auto_confirmed
session_01a3fb6169341789,S,2026-08-01,3,79,adb-observer,1,83.422,final-capture-complete,2,complete,3,complete,auction-protocol-v2,34,33,1,0,true,3892605,0.990395,25,3892605,0,true,true,classifier,true,yolo26n_background_catalog_scored,true,93,0,0,4,10,8,3,4,0,2,7,12,5567,70278,155704.2,1956574,reviewed,matched,true,auto_confirmed
session_66487cccbfd604cf,S,2026-08-01,3,80,adb-observer,1,258.641,final-capture-complete,5,needs_review,3,complete,auction-protocol-v2,78,78,0,0,true,6428358,0.982217,58,6346612,-81746,false,true,classifier,true,yolo26n_background_catalog_scored,true,174,2,0,11,17,20,10,11,10,7,9,21,2360,78295.0,109424.344828,878245,final_total_conflict,mismatched,false,conflict
session_45d5291b609c2e01,S,2026-08-01,3,81,adb-observer,1,96.016,final-capture-complete,2,complete,3,complete,auction-protocol-v2,31,29,2,0,true,2410802,0.993731,33,2410802,0,true,true,classifier,true,yolo26n_background_catalog_scored,true,108,0,0,9,10,11,3,5,6,3,4,15,1420,67435,73054.606061,302326,reviewed,matched,true,auto_confirmed
session_91732961148d969c,S,2026-08-01,3,82,adb-observer,1,224.328,final-capture-complete,5,complete,3,complete,auction-protocol-v2,78,78,0,0,true,4319808,0.9957,26,4319808,0,true,true,classifier,true,yolo26n_background_catalog_scored,true,96,0,0,2,9,8,7,6,3,1,4,12,1420,86233.5,166146.461538,1083805,reviewed,matched,true,auto_confirmed
session_872c04a138fd1187,S,2026-08-01,3,83,adb-observer,1,211.515,final-capture-complete,5,complete,3,complete,auction-protocol-v2,77,77,0,0,true,5256198,0.987751,47,5256198,0,true,true,classifier,true,yolo26n_background_catalog_scored,true,157,0,0,8,19,13,7,13,6,4,4,20,1814,73106,111834.0,706471,reviewed,matched,true,auto_confirmed
session_bf93ad849e95f9cf,S,2026-08-01,3,84,adb-observer,1,76.172,final-capture-complete,1,complete_with_identity_review,3,complete,auction-protocol-v2,17,17,0,0,true,5816345,0.979058,53,5816345,0,true,true,classifier,true,yolo26n_background_catalog_scored,true,160,1,0,13,15,15,10,17,5,5,9,17,1420,71497,109742.358491,886532,reviewed,matched,true,auto_confirmed
session_aefb500108e45b06,S,2026-08-01,3,85,adb-observer,1,91.0,final-capture-complete,1,complete,3,complete,auction-protocol-v2,17,17,0,0,true,3811424,0.997815,33,3811424,0,true,true,classifier,true,yolo26n_background_catalog_scored,true,106,0,0,9,10,10,4,8,5,2,3,15,1420,60614,115497.69697,1307336,reviewed,matched,true,auto_confirmed
session_a4341feca3464706,S,2026-08-01,3,86,adb-observer,1,202.547,final-capture-complete,5,complete,3,complete,auction-protocol-v2,80,78,2,0,true,3944842,0.991781,19,3944842,0,true,true,classifier,true,yolo26n_background_catalog_scored,true,71,0,0,5,6,5,3,3,0,2,4,10,1814,67435,207623.263158,2539483,reviewed,matched,true,auto_confirmed
session_c200913ad2bcd8a4,S,2026-08-01,3,87,adb-observer,1,82.516,final-capture-complete,1,needs_review,3,complete,auction-protocol-v2,19,18,1,0,true,6497602,0.988395,57,7261977,764375,false,true,classifier,true,yolo26n_background_catalog_scored,true,172,2,0,9,23,17,8,16,7,5,6,23,1814,73106,127403.105263,1080961,final_total_conflict,mismatched,false,conflict
session_12dd90ed330b253e,S,2026-08-01,3,88,adb-observer,1,151.765,final-capture-complete,4,complete,3,complete,auction-protocol-v2,61,61,0,0,true,2329021,0.998992,18,2329021,0,true,true,classifier,true,yolo26n_background_catalog_scored,true,48,0,0,3,7,4,4,7,1,2,2,6,1420,74740.5,129390.055556,886532,reviewed,matched,true,auto_confirmed
session_454291187f77e56b,S,2026-08-01,3,89,adb-observer,1,183.984,final-capture-complete,4,needs_review,3,complete,auction-protocol-v2,63,63,0,0,true,4997190,0.996295,39,5042663,45473,false,true,classifier,true,yolo26n_background_catalog_scored,true,143,1,1,12,8,16,3,6,4,2,8,19,2360,69744,129299.051282,992601,final_total_conflict,mismatched,false,conflict
session_fbd7e3d7bc9d1303,S,2026-08-01,3,90,adb-observer,1,191.265,final-capture-complete,5,complete,3,complete,auction-protocol-v2,77,77,0,0,true,2879833,0.987822,23,2879833,0,true,true,classifier,true,yolo26n_background_catalog_scored,true,66,0,0,3,9,8,3,5,3,2,3,10,1814,96008,125210.130435,630423,reviewed,matched,true,auto_confirmed
session_074fa6d1699c27cf,S,2026-08-01,3,91,adb-observer,1,76.266,final-capture-complete,1,complete,3,complete,auction-protocol-v2,18,18,0,0,true,5753662,0.975228,60,5753662,0,true,true,classifier,true,yolo26n_background_catalog_scored,true,168,0,0,9,25,18,8,17,7,4,6,26,1420,60614.0,95894.366667,776546,reviewed,matched,true,auto_confirmed
session_94b517393df03fdd,S,2026-08-01,3,92,adb-observer,1,195.39,final-capture-complete,4,complete_with_identity_review,3,complete,auction-protocol-v2,63,62,1,0,true,3966571,0.994643,37,3966571,0,true,true,classifier,true,yolo26n_background_catalog_scored,true,121,1,0,9,10,13,5,6,5,5,2,19,6685,85093,107204.621622,540336,reviewed,matched,true,auto_confirmed
session_59918604c5474475,S,2026-08-01,3,93,adb-observer,1,140.172,final-capture-complete,3,complete_with_identity_review,3,complete,auction-protocol-v2,53,47,6,0,true,6309564,0.97788,49,6309564,0,true,true,classifier,true,yolo26n_background_catalog_scored,true,150,1,0,11,19,10,9,12,5,9,5,18,1420,71497,128766.612245,971708,reviewed,matched,true,auto_confirmed
session_7c8fd0157512bbef,S,2026-08-01,3,94,adb-observer,1,139.25,final-capture-complete,3,complete,3,complete,auction-protocol-v2,47,47,0,0,true,3738007,0.989676,10,3738007,0,true,true,classifier,true,yolo26n_background_catalog_scored,true,40,0,0,1,3,3,3,2,0,0,2,6,1814,70175.5,373800.7,2999999,reviewed,matched,true,auto_confirmed
session_32720091aa614704,S,2026-08-01,3,95,adb-observer,1,191.734,final-capture-complete,4,complete,3,complete,auction-protocol-v2,63,63,0,0,true,5792651,0.982051,30,5792651,0,true,true,classifier,true,yolo26n_background_catalog_scored,true,91,0,0,5,10,10,5,6,4,2,7,11,1814,91580.0,193088.366667,1293299,reviewed,matched,true,auto_confirmed
session_75386158017088d2,S,2026-08-01,4,96,adb-observer,1,167.203,final-capture-complete,4,complete,3,complete,auction-protocol-v2,62,62,0,0,true,3327172,0.985725,32,3327172,0,true,true,classifier,true,yolo26n_background_catalog_scored,true,114,0,0,6,14,10,2,5,5,2,2,18,2446,108262.5,103974.125,364855,reviewed,matched,true,auto_confirmed
session_40b4082a2940ddde,S,2026-08-01,10,1,adb-observer,1,48.562,final-capture-complete,1,complete,3,complete,auction-protocol-v2,18,16,2,0,true,930573,0.991722,10,930573,0,true,true,classifier,true,yolo26n_background_catalog_scored,true,31,0,0,2,4,3,1,2,1,2,2,3,2360,79042.5,93057.3,302326,reviewed,matched,true,auto_confirmed
session_2212563f404afded,S,2026-08-01,10,2,adb-observer,1,257.14,final-capture-complete,5,needs_review,3,complete,auction-protocol-v2,78,78,0,0,true,3972697,0.992034,57,3495657,-477040,false,true,classifier,true,yolo26n_background_catalog_scored,true,165,1,0,21,19,10,7,15,12,3,6,21,1420,42261,61327.315789,452757,final_total_conflict,mismatched,false,conflict
session_258d9737b8c364ef,S,2026-08-01,10,3,adb-observer,1,219.625,final-capture-complete,4,complete,3,complete,auction-protocol-v2,67,62,5,0,true,5582743,0.968112,43,5582743,0,true,true,classifier,true,yolo26n_background_catalog_scored,true,145,0,0,10,9,19,5,8,5,4,8,18,3797,85093,129831.232558,1486670,reviewed,matched,true,auto_confirmed
session_baa1550cd041d728,S,2026-08-01,10,4,adb-observer,1,156.938,final-capture-complete,4,complete_with_identity_review,3,complete,auction-protocol-v2,62,62,0,0,true,4833550,0.981271,28,4833550,0,true,true,classifier,true,yolo26n_background_catalog_scored,true,93,1,0,3,9,11,5,6,3,1,4,14,1420,71692.0,172626.785714,2539483,reviewed,matched,true,auto_confirmed
session_07513a0ccddf9be9,S,2026-08-01,10,5,adb-observer,1,51.125,final-capture-complete,1,complete,3,complete,auction-protocol-v2,18,18,0,0,true,2885557,0.989083,29,2885557,0,true,true,classifier,true,yolo26n_background_catalog_scored,true,80,0,0,4,8,12,5,6,5,5,3,10,1420,106949,99501.965517,226538,reviewed,matched,true,auto_confirmed
session_08fd892f268309a9,S,2026-08-01,10,6,adb-observer,1,59.25,final-capture-complete,1,complete,3,complete,auction-protocol-v2,19,18,1,0,true,4739927,0.983548,27,4739927,0,true,true,classifier,true,yolo26n_background_catalog_scored,true,108,0,0,6,13,4,4,1,0,5,4,17,8454,61123,175552.851852,992601,reviewed,matched,true,auto_confirmed
session_f3cb3c30d6fea573,S,2026-08-01,10,7,adb-observer,1,142.0,final-capture-complete,4,complete,3,complete,auction-protocol-v2,64,63,1,0,true,1155943,0.998513,14,1155943,0,true,true,classifier,true,yolo26n_background_catalog_scored,true,52,0,0,1,4,6,3,2,2,1,2,7,5567,76813.0,82567.357143,198487,reviewed,matched,true,auto_confirmed
session_2d02e3a56c78e219,S,2026-08-01,10,8,adb-observer,1,123.266,final-capture-complete,3,complete_with_identity_review,3,complete,auction-protocol-v2,51,48,3,0,true,5484309,0.979443,25,5484309,0,true,true,classifier,true,yolo26n_background_catalog_scored,true,93,1,0,3,9,7,6,6,0,2,2,15,5567,106949,219372.36,1956574,reviewed,matched,true,auto_confirmed
session_1277335b74a7a6ca,S,2026-08-01,10,9,adb-observer,1,53.609,final-capture-complete,1,complete,3,complete,auction-protocol-v2,20,18,2,0,true,2382944,0.998439,26,2382944,0,true,true,classifier,true,yolo26n_background_catalog_scored,true,76,0,0,4,13,8,1,6,3,5,6,6,7982,106949.0,91651.692308,188499,reviewed,matched,true,auto_confirmed
session_e20e6b05878033f2,S,2026-08-01,10,10,adb-observer,1,78.375,final-capture-complete,2,complete,3,complete,auction-protocol-v2,34,33,1,0,true,2380900,0.988061,18,2380900,0,true,true,classifier,true,yolo26n_background_catalog_scored,true,80,0,0,2,7,6,3,2,1,0,4,11,2360,75617.0,132272.222222,1083805,reviewed,matched,true,auto_confirmed
session_58f930a9ffa99a35,S,2026-08-01,11,11,adb-observer,1,128.468,final-capture-complete,3,complete,3,complete,auction-protocol-v2,48,48,0,0,true,942437,0.988647,10,942437,0,true,true,classifier,true,yolo26n_background_catalog_scored,true,43,0,0,1,4,3,2,1,0,0,3,6,6271,75617.0,94243.7,240927,reviewed,matched,true,auto_confirmed
session_fc3f45f18d5406a6,S,2026-08-01,11,12,adb-observer,1,116.969,final-capture-complete,2,complete,3,complete,auction-protocol-v2,34,33,1,0,true,3232315,0.990187,40,3232315,0,true,true,classifier,true,yolo26n_background_catalog_scored,true,130,0,0,11,13,11,5,8,4,5,8,15,2446,64279.0,80807.875,659511,reviewed,matched,true,auto_confirmed
session_4843c17cc36e35c3,S,2026-08-01,11,13,adb-observer,1,178.547,final-capture-complete,3,complete,3,complete,auction-protocol-v2,50,48,2,0,true,6489863,0.979308,40,6489863,0,true,true,classifier,true,yolo26n_background_catalog_scored,true,130,0,0,9,16,8,7,7,3,6,9,15,3747,66860.0,162246.575,2685114,reviewed,matched,true,auto_confirmed
session_a6ef44dc0bcc4f0b,S,2026-08-01,11,14,adb-observer,1,50.469,final-capture-complete,1,complete,3,complete,auction-protocol-v2,20,17,3,0,true,4135216,0.998739,16,4135216,0,true,true,classifier,true,yolo26n_background_catalog_scored,true,48,0,0,5,3,5,3,4,2,2,3,5,12171,78418.5,258451.0,2685114,reviewed,matched,true,auto_confirmed
session_ae7447fd96b4d287,S,2026-08-01,11,15,adb-observer,1,109.766,final-capture-complete,1,needs_review,3,complete,auction-protocol-v2,18,18,0,0,true,4187882,0.981245,37,4105511,-82371,false,true,classifier,true,yolo26n_background_catalog_scored,true,115,0,0,9,9,14,5,8,5,5,9,10,1814,85093,110959.756757,630423,final_total_conflict,mismatched,false,conflict
session_f8b9bd2f4503b852,S,2026-08-01,11,16,adb-observer,1,116.328,final-capture-complete,1,complete,3,complete,auction-protocol-v2,17,17,0,0,true,5422501,0.990824,43,5422501,0,true,true,classifier,true,yolo26n_background_catalog_scored,true,137,0,0,9,14,14,6,9,5,4,5,20,3844,61123,126104.674419,1956574,reviewed,matched,true,auto_confirmed
session_fabcf28ceb5e25e6,S,2026-08-01,11,17,adb-observer,1,113.75,final-capture-complete,1,complete,3,complete,auction-protocol-v2,18,18,0,0,true,3181703,0.984561,32,3181703,0,true,true,classifier,true,yolo26n_background_catalog_scored,true,85,0,0,9,9,10,4,6,8,3,3,12,2446,67435.0,99428.21875,540336,reviewed,matched,true,auto_confirmed
session_772c904f6f8999e9,S,2026-08-01,11,18,adb-observer,1,206.516,final-capture-complete,5,complete_with_identity_review,3,complete,auction-protocol-v2,71,70,1,0,true,1815824,0.994088,20,1815824,0,true,true,classifier,true,yolo26n_background_catalog_scored,true,64,1,0,2,5,9,4,3,4,1,3,9,2360,85586.5,90791.2,225664,reviewed,matched,true,auto_confirmed
session_5dc39911d0862e10,S,2026-08-01,11,19,adb-observer,1,187.953,final-capture-complete,4,complete,3,complete,auction-protocol-v2,61,61,0,0,true,5217253,0.989549,34,5217253,0,true,true,classifier,true,yolo26n_background_catalog_scored,true,112,0,0,6,10,14,4,5,6,2,7,14,3797,67114.5,153448.617647,2394967,reviewed,matched,true,auto_confirmed
session_cf9b066af0ff2f62,S,2026-08-01,11,20,adb-observer,1,115.203,final-capture-complete,3,complete,3,complete,auction-protocol-v2,47,47,0,0,true,2190672,0.996058,21,2190672,0,true,true,classifier,true,yolo26n_background_catalog_scored,true,68,0,0,3,8,7,3,3,3,3,5,7,1814,85093,104317.714286,452757,reviewed,matched,true,auto_confirmed
session_7478b517b599932b,S,2026-08-01,11,21,adb-observer,1,192.829,final-capture-complete,5,complete_with_identity_review,3,complete,auction-protocol-v2,71,69,2,0,true,5308188,0.973622,33,5308188,0,true,true,classifier,true,yolo26n_background_catalog_scored,true,118,1,0,5,11,9,8,5,2,3,4,19,1420,71497,160854.181818,1561430,reviewed,matched,true,auto_confirmed
session_3a20af042db5867a,S,2026-08-01,11,22,adb-observer,1,165.359,final-capture-complete,4,complete,3,complete,auction-protocol-v2,64,63,1,0,true,5464780,0.972514,25,5464780,0,true,true,classifier,true,yolo26n_background_catalog_scored,true,72,0,0,4,12,5,4,9,2,3,2,9,4507,71497,218591.2,1587435,reviewed,matched,true,auto_confirmed
session_dcd7d2d3b6be30bb,S,2026-08-01,11,23,adb-observer,1,119.907,final-capture-complete,3,complete,3,complete,auction-protocol-v2,43,41,2,0,true,2046191,0.997674,19,2046191,0,true,true,classifier,true,yolo26n_background_catalog_scored,true,60,0,0,6,5,6,2,4,3,2,1,9,3747,93012,107694.263158,499425,reviewed,matched,true,auto_confirmed
session_73cce99a031234ee,S,2026-08-01,11,24,adb-observer,1,132.985,final-capture-complete,2,complete_with_identity_review,3,complete,auction-protocol-v2,33,33,0,0,true,3411030,0.998886,28,3411030,0,true,true,classifier,true,yolo26n_background_catalog_scored,true,99,1,0,8,8,8,4,5,1,2,4,16,2446,81504.0,121822.5,713390,reviewed,matched,true,auto_confirmed
session_724c388c39b5618b,S,2026-08-01,11,25,adb-observer,1,145.453,final-capture-complete,4,complete,3,complete,auction-protocol-v2,62,62,0,0,true,1144287,0.99895,10,1144287,0,true,true,classifier,true,yolo26n_background_catalog_scored,true,47,0,0,2,3,4,1,0,1,0,3,6,5567,123453.5,114428.7,302326,reviewed,matched,true,auto_confirmed
session_02983d06a170b93b,S,2026-08-01,11,26,adb-observer,1,139.016,final-capture-complete,3,complete,3,complete,auction-protocol-v2,59,48,11,0,true,3587545,0.972926,31,3587545,0,true,true,classifier,true,yolo26n_background_catalog_scored,true,113,0,0,4,13,11,3,2,4,2,6,17,1420,102347,115727.258065,630423,reviewed,matched,true,auto_confirmed
session_afb0816f3609bf5e,S,2026-08-01,11,27,adb-observer,1,177.359,final-capture-complete,3,complete_with_identity_review,3,complete,auction-protocol-v2,45,43,2,0,true,3351320,0.990865,32,3351320,0,true,true,classifier,true,yolo26n_background_catalog_scored,true,93,1,0,6,14,9,3,4,7,7,1,13,8454,72301.5,104728.75,713390,reviewed,matched,true,auto_confirmed
session_4a8958a98cdd32c2,S,2026-08-01,11,28,adb-observer,1,44.797,final-capture-complete,1,complete_with_identity_review,3,complete,auction-protocol-v2,18,17,1,0,true,2341266,0.997767,14,2341266,0,true,true,classifier,true,yolo26n_background_catalog_scored,true,54,1,0,1,5,5,3,4,0,0,2,8,3797,88278.0,167233.285714,1080961,reviewed,matched,true,auto_confirmed
session_5a3d81ed0760ff99,S,2026-08-01,11,29,adb-observer,1,96.75,final-capture-complete,1,complete,3,complete,auction-protocol-v2,18,18,0,0,true,3752151,0.998279,35,3752151,0,true,true,classifier,true,yolo26n_background_catalog_scored,true,109,0,0,6,7,19,3,7,5,2,7,14,2446,96819,107204.314286,302326,reviewed,matched,true,auto_confirmed
session_4a91927b60af705c,S,2026-08-01,11,30,adb-observer,1,47.672,final-capture-complete,1,complete,3,complete,auction-protocol-v2,18,18,0,0,true,902652,0.992876,10,902652,0,true,true,classifier,true,yolo26n_background_catalog_scored,true,39,0,0,1,5,3,1,1,1,1,1,6,3747,88278.0,90265.2,247007,reviewed,matched,true,auto_confirmed
session_3858d5ab1f993ac4,S,2026-08-01,11,31,adb-observer,1,71.14,final-capture-complete,2,complete,3,complete,auction-protocol-v2,33,33,0,0,true,2015185,0.990281,17,2015185,0,true,true,classifier,true,yolo26n_background_catalog_scored,true,62,0,0,1,4,7,5,4,0,0,4,9,3844,93012,118540.294118,452757,reviewed,matched,true,auto_confirmed
session_ce8da10bfda99486,S,2026-08-01,11,32,adb-observer,1,230.313,final-capture-complete,5,complete,3,complete,auction-protocol-v2,75,75,0,0,true,4913176,0.999072,28,4913176,0,true,true,classifier,true,yolo26n_background_catalog_scored,true,89,0,0,3,11,9,5,5,3,3,3,14,2360,79737.0,175470.571429,2394967,reviewed,matched,true,auto_confirmed
session_a30e7c780a1c4195,S,2026-08-01,11,33,adb-observer,1,106.922,final-capture-complete,2,complete,3,complete,auction-protocol-v2,32,32,0,0,true,3204327,0.983506,32,3204327,0,true,true,classifier,true,yolo26n_background_catalog_scored,true,94,0,0,5,10,12,5,6,4,4,6,12,7279,85093.0,100135.21875,364855,reviewed,matched,true,auto_confirmed
session_535245130935597a,S,2026-08-01,12,34,adb-observer,1,161.328,final-capture-complete,3,complete_with_identity_review,3,complete,auction-protocol-v2,47,47,0,0,true,4441826,0.985659,39,4441826,0,true,true,classifier,true,yolo26n_background_catalog_scored,true,134,1,0,9,11,14,5,6,9,1,9,14,2446,85093,113892.974359,1083805,reviewed,matched,true,auto_confirmed
session_601bd6797c5395f6,S,2026-08-01,12,35,adb-observer,1,173.641,final-capture-complete,5,complete,3,complete,auction-protocol-v2,77,77,0,0,true,3199496,0.996559,27,3199496,0,true,true,classifier,true,yolo26n_background_catalog_scored,true,90,0,0,4,9,9,5,6,0,3,3,15,1814,98067,118499.851852,659511,reviewed,matched,true,auto_confirmed
session_904ee2fd4d94ce1a,S,2026-08-01,12,36,adb-observer,1,180.375,final-capture-complete,5,complete,3,complete,auction-protocol-v2,77,77,0,0,true,1720768,0.980295,25,1720768,0,true,true,classifier,true,yolo26n_background_catalog_scored,true,73,0,0,4,9,8,4,5,4,4,1,11,2360,71497,68830.72,221819,reviewed,matched,true,auto_confirmed
session_9b4c8903c606ae09,S,2026-08-01,12,37,adb-observer,1,207.11,final-capture-complete,5,complete,3,complete,auction-protocol-v2,79,77,2,0,true,6453123,0.98843,47,6453123,0,true,true,classifier,true,yolo26n_background_catalog_scored,true,114,0,0,10,15,14,8,20,5,4,7,11,1420,61123,137300.489362,1561430,reviewed,matched,true,auto_confirmed
session_befdc38d02a0fce1,S,2026-08-01,12,38,adb-observer,1,60.688,final-capture-complete,1,complete,3,complete,auction-protocol-v2,17,17,0,0,true,6584202,0.965438,33,6584202,0,true,true,classifier,true,yolo26n_background_catalog_scored,true,122,0,0,7,12,10,4,4,4,4,6,15,2360,85093,199521.272727,2999999,reviewed,matched,true,auto_confirmed
session_b8796a2c811d0a2c,S,2026-08-01,12,39,adb-observer,1,148.438,final-capture-complete,3,complete,3,complete,auction-protocol-v2,48,48,0,0,true,5659051,0.99317,37,5659051,0,true,true,classifier,true,yolo26n_background_catalog_scored,true,152,0,0,7,14,10,6,3,3,2,10,19,1420,96819,152947.324324,1561430,reviewed,matched,true,auto_confirmed
session_55c5ce2fbc46e7d6,S,2026-08-01,12,40,adb-observer,1,117.0,final-capture-complete,3,complete,3,complete,auction-protocol-v2,47,47,0,0,true,4191799,0.997676,24,4191799,0,true,true,classifier,true,yolo26n_background_catalog_scored,true,91,0,0,2,7,9,6,2,3,4,3,12,2360,101616.5,174658.291667,1878833,reviewed,matched,true,auto_confirmed
session_bcba1eb088ac46bf,S,2026-08-01,12,41,adb-observer,1,227.829,final-capture-complete,5,needs_review,3,complete,auction-protocol-v2,78,78,0,0,true,3406942,0.991404,36,3406942,0,true,true,classifier,true,yolo26n_background_catalog_scored,true,128,0,1,7,9,16,4,8,2,2,4,20,2360,65757.5,94637.277778,302326,reviewed,matched,true,auto_confirmed
session_1de5bfa340ffef1a,S,2026-08-01,12,42,adb-observer,1,160.234,final-capture-complete,4,needs_review,3,complete,auction-protocol-v2,59,56,3,0,true,5892810,0.984481,36,6078683,185873,false,true,classifier,true,yolo26n_background_catalog_scored,true,114,2,0,6,16,10,4,8,5,3,3,17,2446,71497.0,168852.305556,2394967,final_total_conflict,mismatched,false,conflict
session_ddd1eae5c0397adb,S,2026-08-01,12,43,adb-observer,1,179.562,final-capture-complete,4,complete_with_identity_review,3,complete,auction-protocol-v2,62,62,0,0,true,5201959,0.994984,38,5201959,0,true,true,classifier,true,yolo26n_background_catalog_scored,true,126,1,0,5,11,15,7,10,8,2,3,15,6271,88911.5,136893.657895,799999,reviewed,matched,true,auto_confirmed
session_e37d81236ed46689,S,2026-08-01,12,44,adb-observer,1,145.391,final-capture-complete,4,complete,3,complete,auction-protocol-v2,62,62,0,0,true,3202916,0.987001,18,3202916,0,true,true,classifier,true,yolo26n_background_catalog_scored,true,53,0,0,3,5,7,3,4,1,2,4,7,3797,100207.0,177939.777778,1561430,reviewed,matched,true,auto_confirmed
session_85704e67b992ff46,S,2026-08-01,12,45,adb-observer,1,272.641,final-capture-complete,3,complete,3,complete,auction-protocol-v2,44,42,2,0,true,4678425,0.987424,37,4678425,0,true,true,classifier,true,yolo26n_background_catalog_scored,true,118,0,0,6,12,12,7,9,7,3,5,13,2360,92730,126443.918919,878245,reviewed,matched,true,auto_confirmed
session_86c8d28507334a18,S,2026-08-01,12,46,adb-observer,1,220.671,final-capture-complete,4,needs_review,3,complete,auction-protocol-v2,62,62,0,0,true,5146752,0.979961,40,5109355,-37397,false,true,classifier,true,yolo26n_background_catalog_scored,true,103,0,0,8,14,12,6,16,6,1,4,13,1420,67435.0,127733.875,1561430,final_total_conflict,mismatched,false,conflict
session_a507ab5f7eb6dc6c,S,2026-08-01,12,47,adb-observer,1,176.297,final-capture-complete,4,complete,3,complete,auction-protocol-v2,62,62,0,0,true,4629413,0.995075,32,4629413,0,true,true,classifier,true,yolo26n_background_catalog_scored,true,118,0,0,4,10,13,5,5,4,3,3,17,3747,106949.0,144669.15625,971708,reviewed,matched,true,auto_confirmed
session_0652160ba076fa40,S,2026-08-01,12,48,adb-observer,1,152.547,final-capture-complete,4,complete,3,complete,auction-protocol-v2,66,62,4,0,true,1562661,0.998287,12,1562661,0,true,true,classifier,true,yolo26n_background_catalog_scored,true,30,0,0,2,3,5,2,5,1,1,0,5,7279,85558.5,130221.75,364855,reviewed,matched,true,auto_confirmed
session_bbfc9cf6159aeda2,S,2026-08-01,12,49,adb-observer,1,139.25,final-capture-complete,2,complete_with_identity_review,3,complete,auction-protocol-v2,31,30,1,0,true,3461046,0.99266,26,3461046,0,true,true,classifier,true,yolo26n_background_catalog_scored,true,84,1,0,2,5,11,8,5,2,2,5,12,1814,67435.0,133117.153846,878245,reviewed,matched,true,auto_confirmed
session_e069bd40f291c0a8,S,2026-08-01,12,50,adb-observer,1,45.031,final-capture-complete,1,complete,3,complete,auction-protocol-v2,18,17,1,0,true,931744,0.991895,10,931744,0,true,true,classifier,true,yolo26n_background_catalog_scored,true,29,0,0,1,3,5,1,4,0,1,2,3,4507,102347.0,93174.4,281034,reviewed,matched,true,auto_confirmed
session_bf8baaf807f0937d,S,2026-08-01,12,51,adb-observer,1,220.813,final-capture-complete,5,complete,3,complete,auction-protocol-v2,80,78,2,0,true,4362783,0.988017,38,4362783,0,true,true,classifier,true,yolo26n_background_catalog_scored,true,130,0,0,8,9,14,7,5,6,3,2,22,2446,70887.5,114810.078947,540336,reviewed,matched,true,auto_confirmed
session_8357dac971b0eec7,S,2026-08-01,12,52,adb-observer,1,69.141,final-capture-complete,1,complete_with_identity_review,3,complete,auction-protocol-v2,18,17,1,0,true,3398273,0.989333,37,3398273,0,true,true,classifier,true,yolo26n_background_catalog_scored,true,116,2,0,5,10,13,9,7,3,6,10,11,1814,60614,91845.216216,776546,reviewed,matched,true,auto_confirmed
session_ee6d284a8c226da7,S,2026-08-01,13,53,adb-observer,1,44.75,final-capture-complete,1,complete,3,complete,auction-protocol-v2,18,18,0,0,true,1038340,0.989652,12,1038340,0,true,true,classifier,true,yolo26n_background_catalog_scored,true,49,0,0,2,3,5,2,1,1,1,2,7,5567,59116.0,86528.333333,240927,reviewed,matched,true,auto_confirmed
session_dbed1e84caa5584b,S,2026-08-01,13,54,adb-observer,1,149.516,final-capture-complete,3,complete,3,complete,auction-protocol-v2,48,48,0,0,true,3832707,0.981564,36,3832707,0,true,true,classifier,true,yolo26n_background_catalog_scored,true,116,0,0,9,10,11,6,8,3,4,7,14,1420,78311.0,106464.083333,971708,reviewed,matched,true,auto_confirmed
session_23cfd7263c79a7b4,S,2026-08-01,13,55,adb-observer,1,113.187,final-capture-complete,3,complete,3,complete,auction-protocol-v2,44,43,1,0,true,1766203,0.989241,23,1766203,0,true,true,classifier,true,yolo26n_background_catalog_scored,true,66,0,0,4,8,8,3,3,6,0,0,14,1420,67435,76791.434783,198487,reviewed,matched,true,auto_confirmed
session_be3cb1e8b00635e7,S,2026-08-01,13,56,adb-observer,1,72.938,final-capture-complete,1,needs_review,3,complete,auction-protocol-v2,18,18,0,0,true,6063178,0.987123,53,7626473,1563295,false,true,classifier,true,yolo26n_background_catalog_scored,true,207,2,0,10,14,22,7,4,3,8,10,28,2446,110503,143895.716981,1083805,final_total_conflict,mismatched,false,conflict
session_4c222f36cabc1608,S,2026-08-01,13,57,adb-observer,1,186.906,final-capture-complete,5,complete,3,complete,auction-protocol-v2,71,70,1,0,true,5926643,0.991724,37,5926643,0,true,true,classifier,true,yolo26n_background_catalog_scored,true,140,0,0,5,12,14,6,5,3,3,9,17,1814,106949,160179.540541,1733281,reviewed,matched,true,auto_confirmed
session_5503db7fd60f2043,S,2026-08-01,13,58,adb-observer,1,222.219,final-capture-complete,4,complete_with_identity_review,3,complete,auction-protocol-v2,61,61,0,0,true,6910867,0.994336,36,6910867,0,true,true,classifier,true,yolo26n_background_catalog_scored,true,135,2,0,10,9,11,6,7,5,1,5,18,3797,81504.0,191968.527778,3061687,reviewed,matched,true,auto_confirmed
session_c11f3b080db2a665,S,2026-08-01,13,59,adb-observer,1,289.562,final-capture-complete,5,complete,3,complete,auction-protocol-v2,75,75,0,0,true,1662285,0.9978,12,1662285,0,true,true,classifier,true,yolo26n_background_catalog_scored,true,57,0,0,2,5,3,2,2,0,1,2,7,3747,70620.5,138523.75,659511,reviewed,matched,true,auto_confirmed
session_d7574a7a0ac544fe,S,2026-08-01,13,60,adb-observer,1,101.563,final-capture-complete,2,needs_review,3,complete,auction-protocol-v2,33,33,0,0,true,4565927,0.985417,30,4484181,-81746,false,true,classifier,true,yolo26n_background_catalog_scored,true,91,1,0,5,7,13,5,5,4,5,5,11,1420,66310.0,149472.7,1307336,final_total_conflict,mismatched,false,conflict
session_2d5f80608fb3957c,S,2026-08-01,13,61,adb-observer,1,146.391,final-capture-complete,4,complete,3,complete,auction-protocol-v2,63,63,0,0,true,1762706,0.997152,21,1762706,0,true,true,classifier,true,yolo26n_background_catalog_scored,true,75,0,0,2,10,6,3,3,1,0,4,13,2360,79737,83938.380952,281034,reviewed,matched,true,auto_confirmed
session_27b6ccc4fdcd5e1b,S,2026-08-01,13,62,adb-observer,1,47.469,final-capture-complete,1,complete,3,complete,auction-protocol-v2,18,17,1,0,true,3125090,0.969194,19,3125090,0,true,true,classifier,true,yolo26n_background_catalog_scored,true,82,0,0,3,6,7,3,3,1,0,5,10,6271,93012,164478.421053,1587435,reviewed,matched,true,auto_confirmed
session_5b820036d7023394,S,2026-08-01,13,63,adb-observer,1,181.656,final-capture-complete,5,complete,3,complete,auction-protocol-v2,78,78,0,0,true,2563956,0.988349,26,2563956,0,true,true,classifier,true,yolo26n_background_catalog_scored,true,81,0,0,6,7,12,1,3,1,6,4,12,2446,86233.5,98613.692308,302326,reviewed,matched,true,auto_confirmed
session_c7f2c5ed265345c8,S,2026-08-01,13,64,adb-observer,1,187.203,final-capture-complete,4,complete,3,complete,auction-protocol-v2,65,62,3,0,true,5281629,0.991204,40,5281629,0,true,true,classifier,true,yolo26n_background_catalog_scored,true,124,0,0,5,14,17,4,9,1,4,6,20,2360,96413.5,132040.725,1293299,reviewed,matched,true,auto_confirmed
session_c6adffd8b87ff095,S,2026-08-01,13,65,adb-observer,1,209.781,final-capture-complete,4,complete,3,complete,auction-protocol-v2,62,62,0,0,true,3142023,0.998485,37,3142023,0,true,true,classifier,true,yolo26n_background_catalog_scored,true,105,0,0,10,8,13,6,10,3,6,5,13,1814,36887,84919.540541,630423,reviewed,matched,true,auto_confirmed
session_17182150c1f5f357,S,2026-08-01,13,66,adb-observer,1,253.063,final-capture-complete,4,needs_review,3,complete,auction-protocol-v2,65,62,3,0,true,5772319,0.981236,60,5922570,150251,false,true,classifier,true,yolo26n_background_catalog_scored,true,182,2,3,9,25,22,4,10,10,8,4,28,2446,96008.0,98709.5,302326,final_total_conflict,mismatched,false,conflict
session_ad8b27e30bd15c33,S,2026-08-01,13,67,adb-observer,1,144.703,final-capture-complete,1,complete,3,complete,auction-protocol-v2,18,17,1,0,true,4972452,0.995247,53,4972452,0,true,true,classifier,true,yolo26n_background_catalog_scored,true,162,0,0,15,15,15,8,9,9,5,8,22,1814,60614,93819.849057,1307336,reviewed,matched,true,auto_confirmed
session_5907ab1536e2a5e6,S,2026-08-01,13,68,adb-observer,1,232.922,final-capture-complete,5,complete_with_identity_review,3,complete,auction-protocol-v2,80,78,2,0,true,5219416,0.998268,30,5219416,0,true,true,classifier,true,yolo26n_background_catalog_scored,true,113,1,0,7,12,8,3,4,1,2,7,16,2446,82113.5,173980.533333,2539483,reviewed,matched,true,auto_confirmed
session_71ddbb0b7f647d6d,S,2026-08-01,13,69,adb-observer,1,86.016,final-capture-complete,2,complete,3,complete,auction-protocol-v2,32,30,2,0,true,2308459,0.992003,17,2308459,0,true,true,classifier,true,yolo26n_background_catalog_scored,true,56,0,0,1,7,6,3,3,1,3,3,7,3797,67435,135791.705882,630423,reviewed,matched,true,auto_confirmed
session_233af4d3b066f1f1,S,2026-08-01,13,70,adb-observer,1,165.875,final-capture-complete,4,complete,3,complete,auction-protocol-v2,63,63,0,0,true,4030358,0.972091,25,4030358,0,true,true,classifier,true,yolo26n_background_catalog_scored,true,85,0,0,5,6,9,5,7,3,1,4,10,3747,69744,161214.32,1561430,reviewed,matched,true,auto_confirmed
session_063532eb30650198,S,2026-08-01,13,71,adb-observer,1,107.547,final-capture-complete,2,complete,3,complete,auction-protocol-v2,37,32,5,0,true,5092187,0.989321,31,5092187,0,true,true,classifier,true,yolo26n_background_catalog_scored,true,100,0,0,6,13,8,4,7,2,3,5,14,2360,102347,164264.096774,1307336,reviewed,matched,true,auto_confirmed
session_6d60487494332906,S,2026-08-01,13,72,adb-observer,1,126.219,final-capture-complete,3,needs_review,3,complete,auction-protocol-v2,49,48,1,0,true,2052045,0.98548,22,2052045,0,true,true,classifier,true,yolo26n_background_catalog_scored,true,80,0,1,4,7,7,4,4,3,2,0,13,1420,69466.0,93274.772727,302326,reviewed,matched,true,auto_confirmed
session_cd22ca68fd71f7c6,S,2026-08-01,14,73,adb-observer,1,244.234,final-capture-complete,5,needs_review,3,complete,auction-protocol-v2,71,70,1,0,true,6028385,0.965113,40,6028385,0,true,true,classifier,true,yolo26n_background_catalog_scored,true,141,0,1,10,7,17,6,6,3,6,6,19,2446,112345.5,150709.625,1083805,reviewed,matched,true,auto_confirmed
session_07751fd6e6826ba5,S,2026-08-01,14,74,adb-observer,1,44.781,final-capture-complete,1,complete,3,complete,auction-protocol-v2,17,17,0,0,true,3180147,0.998253,11,3180147,0,true,true,classifier,true,yolo26n_background_catalog_scored,true,53,0,0,2,3,4,2,0,0,1,3,7,2360,110503,289104.272727,1956574,reviewed,matched,true,auto_confirmed
session_38fe9c19d7a2b877,S,2026-08-01,14,75,adb-observer,1,208.828,final-capture-complete,5,complete,3,complete,auction-protocol-v2,78,78,0,0,true,5273490,0.987092,23,5273490,0,true,true,classifier,true,yolo26n_background_catalog_scored,true,69,0,0,3,8,7,5,3,5,5,1,9,1420,79737,229282.173913,2539483,reviewed,matched,true,auto_confirmed
session_ce06ad4721187f15,S,2026-08-01,14,76,adb-observer,1,211.047,final-capture-complete,5,complete,3,complete,auction-protocol-v2,70,69,1,0,true,6065053,0.98068,30,6065053,0,true,true,classifier,true,yolo26n_background_catalog_scored,true,115,0,0,5,16,6,3,5,1,3,3,18,8454,92730.0,202168.433333,2999999,reviewed,matched,true,auto_confirmed
session_888db74fea93ca3c,S,2026-08-01,14,77,adb-observer,1,58.469,final-capture-complete,1,complete_with_identity_review,3,complete,auction-protocol-v2,18,16,2,0,true,4847480,0.985058,17,4847480,0,true,true,classifier,true,yolo26n_background_catalog_scored,true,57,1,0,3,5,5,4,2,4,0,2,9,2446,98067,285145.882353,1733281,reviewed,matched,true,auto_confirmed
session_0b6848fbe7864eb7,S,2026-08-01,14,78,adb-observer,1,140.047,final-capture-complete,3,complete,3,complete,auction-protocol-v2,47,47,0,0,true,2237250,0.986443,22,2237250,0,true,true,classifier,true,yolo26n_background_catalog_scored,true,84,0,0,3,10,8,1,6,1,0,1,14,1814,87872.5,101693.181818,302326,reviewed,matched,true,auto_confirmed
session_e387c4a73efc102b,S,2026-08-01,14,79,adb-observer,1,199.656,final-capture-complete,5,needs_review,3,complete,auction-protocol-v2,83,78,5,0,true,2600507,0.986745,41,2600507,0,true,true,classifier,true,yolo26n_background_catalog_scored,true,132,0,1,13,13,8,7,7,5,3,10,16,1814,44974,63427.0,225664,reviewed,matched,true,auto_confirmed
session_8af2663f084acc5f,S,2026-08-01,14,80,adb-observer,1,108.797,final-capture-complete,3,complete,3,complete,auction-protocol-v2,47,47,0,0,true,2521016,0.989828,11,2521016,0,true,true,classifier,true,yolo26n_background_catalog_scored,true,34,0,0,2,3,4,2,2,1,1,1,6,7279,93012,229183.272727,1561430,reviewed,matched,true,auto_confirmed
session_7f4f1029e10013a4,S,2026-08-01,14,81,adb-observer,1,129.094,final-capture-complete,1,complete,3,complete,auction-protocol-v2,18,18,0,0,true,3809095,0.991645,40,3809095,0,true,true,classifier,true,yolo26n_background_catalog_scored,true,123,0,0,10,15,9,6,8,7,5,7,13,3797,46464.0,95227.375,1083805,reviewed,matched,true,auto_confirmed
session_782801f65d8bd0fd,S,2026-08-01,14,82,adb-observer,1,84.407,final-capture-complete,2,needs_review,3,complete,auction-protocol-v2,34,33,1,0,true,1668598,0.978072,24,1846981,178383,false,true,classifier,true,yolo26n_background_catalog_scored,true,86,1,0,7,4,9,4,5,6,0,3,10,1420,54284.0,76957.541667,240927,final_total_conflict,mismatched,false,conflict
session_235d3caf3c1433b4,S,2026-08-01,14,83,adb-observer,1,155.031,final-capture-complete,3,complete,3,complete,auction-protocol-v2,46,46,0,0,true,5647914,0.990785,31,5647914,0,true,true,classifier,true,yolo26n_background_catalog_scored,true,101,0,0,5,12,11,3,6,4,5,2,14,7982,73106,182190.774194,2685114,reviewed,matched,true,auto_confirmed
session_5455ec5a6bffbbd6,S,2026-08-01,14,84,adb-observer,1,219.688,final-capture-complete,4,complete_with_identity_review,3,complete,auction-protocol-v2,63,63,0,0,true,6350919,0.990174,51,6350919,0,true,true,classifier,true,yolo26n_background_catalog_scored,true,160,1,0,11,17,17,6,10,8,3,8,22,2446,67435,124527.823529,1561430,reviewed,matched,true,auto_confirmed
session_331cdb9db9137588,S,2026-08-01,14,85,adb-observer,1,211.781,final-capture-complete,5,complete,3,complete,auction-protocol-v2,77,77,0,0,true,6536952,0.980487,31,6536952,0,true,true,classifier,true,yolo26n_background_catalog_scored,true,110,0,0,10,8,9,4,3,2,7,5,14,2446,73106,210869.419355,1878833,reviewed,matched,true,auto_confirmed
session_a3951367718c1467,S,2026-08-01,14,86,adb-observer,1,71.703,final-capture-complete,2,complete,3,complete,auction-protocol-v2,30,28,2,0,true,3806106,0.985892,10,3806106,0,true,true,classifier,true,yolo26n_background_catalog_scored,true,25,0,0,1,4,3,2,4,1,1,2,2,2446,98067.0,380610.6,2999999,reviewed,matched,true,auto_confirmed
session_c1e2452f15adb6ce,S,2026-08-01,14,87,adb-observer,1,140.36,final-capture-complete,4,complete,3,complete,auction-protocol-v2,63,63,0,0,true,903047,0.991877,10,903047,0,true,true,classifier,true,yolo26n_background_catalog_scored,true,29,0,0,1,4,3,2,2,2,1,0,5,1420,99177.5,90304.7,188499,reviewed,matched,true,auto_confirmed
session_1f3e5f25d00514ae,S,2026-08-01,14,88,adb-observer,1,204.344,final-capture-complete,4,needs_review,3,complete,auction-protocol-v2,65,63,2,0,true,10879997,0.996604,58,10879997,0,true,true,classifier,true,yolo26n_background_catalog_scored,true,211,0,3,10,16,22,10,10,6,5,11,26,1814,96819.0,187586.155172,2394967,reviewed,matched,true,auto_confirmed
session_090a8ed1ab7ed356,S,2026-08-01,14,89,adb-observer,1,182.094,final-capture-complete,3,needs_review,3,complete,auction-protocol-v2,47,47,0,0,true,5989275,0.992217,46,6017407,28132,false,true,classifier,true,yolo26n_background_catalog_scored,true,143,0,0,5,22,15,4,10,10,1,6,19,3844,79737.0,130813.195652,1486670,final_total_conflict,mismatched,false,conflict
session_3799685a287be9a9,S,2026-08-01,14,90,adb-observer,1,76.781,final-capture-complete,1,needs_review,3,complete,auction-protocol-v2,17,17,0,0,true,5989021,0.992806,60,6472308,483287,false,true,classifier,true,yolo26n_background_catalog_scored,true,206,1,0,9,20,20,11,13,5,5,8,29,1420,70270.5,107871.8,971708,final_total_conflict,mismatched,false,conflict
session_38d94e24fc1b670a,S,2026-08-01,14,91,adb-observer,1,200.485,final-capture-complete,4,complete_with_identity_review,3,complete,auction-protocol-v2,60,59,1,0,true,5417448,0.986067,38,5417448,0,true,true,classifier,true,yolo26n_background_catalog_scored,true,127,1,0,10,9,14,5,6,6,4,2,20,1814,97538.5,142564.421053,799999,reviewed,matched,true,auto_confirmed
session_7ac01833a503ea94,S,2026-08-01,14,92,adb-observer,1,288.672,final-capture-complete,4,complete,3,complete,auction-protocol-v2,63,59,4,0,true,6382766,0.959411,47,6382766,0,true,true,classifier,true,yolo26n_background_catalog_scored,true,143,0,0,10,17,14,6,13,7,2,7,18,3747,67435,135803.531915,1680426,reviewed,matched,true,auto_confirmed
session_27344b780d580f57,S,2026-08-01,15,93,adb-observer,1,55.36,final-capture-complete,1,complete,3,complete,auction-protocol-v2,17,17,0,0,true,2720070,0.994457,20,2720070,0,true,true,classifier,true,yolo26n_background_catalog_scored,true,52,0,0,3,8,3,6,7,1,3,4,5,3844,70887.5,136003.5,776546,reviewed,matched,true,auto_confirmed
session_74aeb0dddee300a6,S,2026-08-01,15,94,adb-observer,1,55.0,final-capture-complete,1,complete_with_identity_review,3,complete,auction-protocol-v2,17,15,2,0,true,5069888,0.98629,28,5069888,0,true,true,classifier,true,yolo26n_background_catalog_scored,true,87,1,0,3,9,8,8,8,2,3,6,9,2360,102508.0,181067.428571,1307336,reviewed,matched,true,auto_confirmed
session_4668e76b7391998a,S,2026-08-01,15,95,adb-observer,1,292.093,final-capture-complete,5,complete,3,complete,auction-protocol-v2,77,77,0,0,true,5788417,0.977982,38,5788417,0,true,true,classifier,true,yolo26n_background_catalog_scored,true,128,0,0,9,12,10,7,9,1,4,7,17,3797,48365.0,152326.763158,1587435,reviewed,matched,true,auto_confirmed
session_71dd30a1b7ba2b4a,S,2026-08-01,15,96,adb-observer,1,219.562,final-capture-complete,5,complete,3,complete,auction-protocol-v2,77,77,0,0,true,6614550,0.988025,47,6614550,0,true,true,classifier,true,yolo26n_background_catalog_scored,true,155,0,0,6,15,18,8,8,4,5,9,21,1814,71497,140735.106383,2557820,reviewed,matched,true,auto_confirmed
session_e21e6422197b8b76,S,2026-08-01,15,97,adb-observer,1,152.235,final-capture-complete,4,complete,3,complete,auction-protocol-v2,62,62,0,0,true,3682203,0.982714,20,3682203,0,true,true,classifier,true,yolo26n_background_catalog_scored,true,60,0,0,5,7,5,3,6,1,2,3,8,3844,94369.0,184110.15,1635681,reviewed,matched,true,auto_confirmed
session_ca6702b2620d2e30,S,2026-08-01,15,98,adb-observer,1,266.015,final-capture-complete,5,complete,3,complete,auction-protocol-v2,80,70,10,0,true,6173906,0.991089,42,6173906,0,true,true,classifier,true,yolo26n_background_catalog_scored,true,157,0,0,11,11,15,5,8,4,4,4,22,4507,70887.5,146997.761905,2394967,reviewed,matched,true,auto_confirmed
session_8704a62047dabac3,S,2026-08-01,15,99,adb-observer,1,164.625,final-capture-complete,4,complete,3,complete,auction-protocol-v2,68,64,4,0,true,3889998,0.986937,26,3889998,0,true,true,classifier,true,yolo26n_background_catalog_scored,true,86,0,0,4,10,6,6,6,1,2,5,12,1814,72301.5,149615.307692,1486670,reviewed,matched,true,auto_confirmed
session_12d89c3e243285a4,S,2026-08-01,15,100,adb-observer,1,43.75,final-capture-complete,1,complete,3,complete,auction-protocol-v2,16,13,3,0,true,1382451,0.999491,10,1382451,0,true,true,classifier,true,yolo26n_background_catalog_scored,true,32,0,0,1,3,4,2,2,2,0,2,4,6271,94369.0,138245.1,630423,reviewed,matched,true,auto_confirmed
session_7f4a6ca4319a7675,S,2026-08-01,15,101,adb-observer,1,272.328,final-capture-complete,5,needs_review,3,complete,auction-protocol-v2,80,78,2,0,true,5312700,0.984815,62,6078146,765446,false,true,classifier,true,yolo26n_background_catalog_scored,true,191,5,0,15,17,23,7,11,12,11,8,20,1420,69744.0,98034.612903,489972,final_total_conflict,mismatched,false,conflict
session_c52bcb8e1f36035e,S,2026-08-01,15,102,adb-observer,1,191.891,final-capture-complete,5,complete_with_identity_review,3,complete,auction-protocol-v2,77,77,0,0,true,2354115,0.99818,23,2354115,0,true,true,classifier,true,yolo26n_background_catalog_scored,true,73,1,0,3,9,7,4,4,3,1,4,11,3797,61123,102352.826087,713390,reviewed,matched,true,auto_confirmed
session_55c248760e6fbce6,S,2026-08-01,15,103,adb-observer,1,173.875,final-capture-complete,1,complete,3,complete,auction-protocol-v2,17,15,2,0,true,6531797,0.98211,34,6531797,0,true,true,classifier,true,yolo26n_background_catalog_scored,true,98,0,0,7,6,9,12,9,5,5,3,12,1814,42389.0,192111.676471,2394967,reviewed,matched,true,auto_confirmed
session_4bad708c5479aeae,S,2026-08-01,15,104,adb-observer,1,239.031,final-capture-complete,5,needs_review,3,complete,auction-protocol-v2,83,78,5,0,true,3604953,0.989841,29,3633085,28132,false,true,classifier,true,yolo26n_background_catalog_scored,true,90,1,0,4,12,7,6,7,4,2,5,11,7982,71497,125278.793103,713390,final_total_conflict,mismatched,false,conflict
session_06917106632c0a7b,S,2026-08-01,15,105,adb-observer,1,178.218,final-capture-complete,4,complete,3,complete,auction-protocol-v2,62,62,0,0,true,6862113,0.992654,45,6862113,0,true,true,classifier,true,yolo26n_background_catalog_scored,true,161,0,0,10,12,14,9,9,6,4,6,20,2446,67435,152491.4,1587435,reviewed,matched,true,auto_confirmed
session_5c0c2c5316dc190b,S,2026-08-01,15,106,adb-observer,1,123.109,final-capture-complete,3,complete,3,complete,auction-protocol-v2,49,47,2,0,true,2065504,0.987248,22,2065504,0,true,true,classifier,true,yolo26n_background_catalog_scored,true,65,0,0,4,6,9,3,6,3,3,2,8,3747,67114.5,93886.545455,247007,reviewed,matched,true,auto_confirmed
session_5f459402d8611c08,S,2026-08-01,15,107,adb-observer,1,46.485,final-capture-complete,1,complete,3,complete,auction-protocol-v2,18,18,0,0,true,1027863,0.993044,11,1027863,0,true,true,classifier,true,yolo26n_background_catalog_scored,true,29,0,0,2,3,4,2,4,1,2,1,3,1814,71497,93442.090909,220529,reviewed,matched,true,auto_confirmed
session_4d26dccf506b89e7,S,2026-08-01,15,108,adb-observer,1,201.406,final-capture-complete,5,complete,3,complete,auction-protocol-v2,79,78,1,0,true,5083090,0.982601,46,5083090,0,true,true,classifier,true,yolo26n_background_catalog_scored,true,156,0,0,11,15,13,7,9,5,4,12,16,3797,68856.5,110501.956522,1293299,reviewed,matched,true,auto_confirmed
session_174fbe182086d4ad,S,2026-08-01,15,109,adb-observer,1,111.485,final-capture-complete,3,complete,3,complete,auction-protocol-v2,47,47,0,0,true,2302164,0.984971,18,2302164,0,true,true,classifier,true,yolo26n_background_catalog_scored,true,64,0,0,2,6,4,6,4,2,0,5,7,3797,60018.0,127898.0,1293299,reviewed,matched,true,auto_confirmed
session_46818332571bab50,S,2026-08-01,16,110,adb-observer,1,76.312,final-capture-complete,1,complete,3,complete,auction-protocol-v2,19,18,1,0,true,3748090,0.985273,32,3748090,0,true,true,classifier,true,yolo26n_background_catalog_scored,true,119,0,0,7,14,5,6,6,2,2,3,19,1814,46464.0,117127.8125,992601,reviewed,matched,true,auto_confirmed
session_d83dfd75330700d6,S,2026-08-01,16,111,adb-observer,1,117.765,final-capture-complete,3,complete,3,complete,auction-protocol-v2,48,48,0,0,true,1533123,0.995366,26,1533123,0,true,true,classifier,true,yolo26n_background_catalog_scored,true,83,0,0,6,8,6,6,4,6,0,4,12,1420,39542.5,58966.269231,221819,reviewed,matched,true,auto_confirmed
session_52efa2d8c5a136de,S,2026-08-01,16,112,adb-observer,1,51.125,final-capture-complete,1,complete_with_identity_review,3,complete,auction-protocol-v2,18,18,0,0,true,2966135,0.992226,21,2966135,0,true,true,classifier,true,yolo26n_background_catalog_scored,true,70,1,0,4,7,7,3,4,1,3,1,12,1814,96008,141244.52381,1080961,reviewed,matched,true,auto_confirmed
session_2d415954a057fae7,S,2026-08-01,16,113,adb-observer,1,173.875,final-capture-complete,4,needs_review,3,complete,auction-protocol-v2,63,63,0,0,true,3784218,0.97973,30,3716783,-67435,false,true,classifier,true,yolo26n_background_catalog_scored,true,88,0,0,8,5,12,5,9,2,2,5,12,2446,88911.5,123892.766667,886532,final_total_conflict,mismatched,false,conflict
session_dcfa0179ffb310c0,S,2026-08-01,16,114,adb-observer,1,183.14,final-capture-complete,3,complete,3,complete,auction-protocol-v2,45,44,1,0,true,6004113,0.993676,60,6004113,0,true,true,classifier,true,yolo26n_background_catalog_scored,true,212,0,0,14,18,16,12,10,9,4,11,26,3747,64279.0,100068.55,886532,reviewed,matched,true,auto_confirmed
session_c95e2b08cd266140,S,2026-08-01,16,115,adb-observer,1,46.64,final-capture-complete,1,complete,3,complete,auction-protocol-v2,17,17,0,0,true,2329381,0.994463,18,2329381,0,true,true,classifier,true,yolo26n_background_catalog_scored,true,73,0,0,1,5,8,4,3,1,0,5,9,3797,94987.5,129410.055556,659511,reviewed,matched,true,auto_confirmed
session_9bde478c11efa0b7,S,2026-08-01,16,116,adb-observer,1,159.859,final-capture-complete,3,complete,3,complete,auction-protocol-v2,49,48,1,0,true,5748926,0.979844,39,5748926,0,true,true,classifier,true,yolo26n_background_catalog_scored,true,124,0,0,8,14,11,6,9,4,2,4,20,1420,60614,147408.358974,1486670,reviewed,matched,true,auto_confirmed
session_e73e61e87c162b02,S,2026-08-01,16,117,adb-observer,1,231.766,final-capture-complete,4,complete_with_identity_review,3,complete,auction-protocol-v2,65,62,3,0,true,5998672,0.987403,44,5998672,0,true,true,classifier,true,yolo26n_background_catalog_scored,true,144,1,0,8,9,20,7,9,7,3,4,21,2360,85093.0,136333.454545,992601,reviewed,matched,true,auto_confirmed
session_ee2cada0b1e8790a,S,2026-08-01,16,118,adb-observer,1,194.187,final-capture-complete,5,complete,3,complete,auction-protocol-v2,78,77,1,0,true,1032993,0.996491,10,1032993,0,true,true,classifier,true,yolo26n_background_catalog_scored,true,29,0,0,2,3,4,1,1,2,2,2,3,6685,76264.0,103299.3,281034,reviewed,matched,true,auto_confirmed
session_9b0057843fd84fa1,S,2026-08-01,16,119,adb-observer,1,73.266,final-capture-complete,1,complete,3,complete,auction-protocol-v2,19,18,1,0,true,2723491,0.992932,25,2723491,0,true,true,classifier,true,yolo26n_background_catalog_scored,true,96,0,0,3,13,6,3,4,1,3,3,14,2446,93012,108939.64,489972,reviewed,matched,true,auto_confirmed
session_15d2ed029b4b3f0a,S,2026-08-01,16,120,adb-observer,1,209.375,final-capture-complete,4,complete,3,complete,auction-protocol-v2,63,63,0,0,true,4171613,0.99932,43,4171613,0,true,true,classifier,true,yolo26n_background_catalog_scored,true,121,0,0,8,18,13,4,8,8,7,5,15,4507,96008,97014.255814,281034,reviewed,matched,true,auto_confirmed
session_85960b10106363c8,S,2026-08-01,16,121,adb-observer,1,74.781,final-capture-complete,1,complete,3,complete,auction-protocol-v2,17,17,0,0,true,6120081,0.993149,60,6120081,0,true,true,classifier,true,yolo26n_background_catalog_scored,true,211,0,0,22,19,11,8,12,3,6,13,26,1814,42261.0,102001.35,1293299,reviewed,matched,true,auto_confirmed
session_a1db494b32d4b8b5,S,2026-08-01,16,122,adb-observer,1,96.766,final-capture-complete,1,complete,3,complete,auction-protocol-v2,18,18,0,0,true,2420962,0.995836,34,2420962,0,true,true,classifier,true,yolo26n_background_catalog_scored,true,116,0,0,6,16,8,4,9,4,1,4,16,3797,60316.0,71204.764706,221819,reviewed,matched,true,auto_confirmed
session_78ec7ef2f0d3f068,S,2026-08-01,16,123,adb-observer,1,70.515,final-capture-complete,1,complete,3,complete,auction-protocol-v2,18,18,0,0,true,5395512,0.984026,31,5395512,0,true,true,classifier,true,yolo26n_background_catalog_scored,true,103,0,0,2,10,12,7,3,8,2,5,13,1420,131792,174048.774194,706471,reviewed,matched,true,auto_confirmed
session_f4b5580b482c179c,S,2026-08-01,16,124,adb-observer,1,117.797,final-capture-complete,2,complete,3,complete,auction-protocol-v2,31,29,2,0,true,3669977,0.989993,36,3669977,0,true,true,classifier,true,yolo26n_background_catalog_scored,true,115,0,0,8,10,14,4,8,6,3,8,11,3844,70620.5,101943.805556,706471,reviewed,matched,true,auto_confirmed
session_c8a44bfc7dcd5847,S,2026-08-01,16,125,adb-observer,1,244.391,final-capture-complete,4,needs_review,3,complete,auction-protocol-v2,62,62,0,0,true,6149881,0.997948,61,6193532,43651,false,true,classifier,true,yolo26n_background_catalog_scored,true,182,2,0,12,16,22,11,11,6,10,7,27,1420,70278,101533.311475,799999,final_total_conflict,mismatched,false,conflict
session_09d4b7963bf9e4db,S,2026-08-01,16,126,adb-observer,1,167.547,final-capture-complete,3,complete,3,complete,auction-protocol-v2,48,47,1,0,true,4012787,0.942045,51,4012787,0,true,true,classifier,true,yolo26n_background_catalog_scored,true,165,0,0,11,16,16,8,11,8,1,7,24,1420,67435,78682.098039,302326,reviewed,matched,true,auto_confirmed
session_9ea0c61055458c7b,S,2026-08-01,16,127,adb-observer,1,103.375,final-capture-complete,2,complete,3,complete,auction-protocol-v2,32,32,0,0,true,2769743,0.976602,35,2769743,0,true,true,classifier,true,yolo26n_background_catalog_scored,true,110,0,0,9,12,11,3,7,5,3,3,17,2446,61123,79135.514286,226538,reviewed,matched,true,auto_confirmed
session_e6e33650842a9dc8,S,2026-08-01,16,128,adb-observer,1,231.844,final-capture-complete,5,complete,3,complete,auction-protocol-v2,87,78,9,0,true,4270224,0.991719,44,4270224,0,true,true,classifier,true,yolo26n_background_catalog_scored,true,161,0,0,7,15,14,8,5,6,4,7,22,1420,92871.0,97050.545455,381262,reviewed,matched,true,auto_confirmed
session_361e3e54cf9619fa,S,2026-08-01,16,129,adb-observer,1,57.0,final-capture-complete,1,complete,3,complete,auction-protocol-v2,19,17,2,0,true,1759466,0.986488,21,1759466,0,true,true,classifier,true,yolo26n_background_catalog_scored,true,70,0,0,3,9,6,3,4,1,3,4,9,3844,61123,83784.095238,225664,reviewed,matched,true,auto_confirmed
session_89e766dffc652684,S,2026-08-01,16,130,adb-observer,1,82.86,final-capture-complete,2,complete,3,complete,auction-protocol-v2,34,33,1,0,true,4618903,0.997245,26,4618903,0,true,true,classifier,true,yolo26n_background_catalog_scored,true,84,0,0,4,6,11,5,8,2,2,2,12,3797,94369.0,177650.115385,1635681,reviewed,matched,true,auto_confirmed
session_c0e68742e3230343,S,2026-08-01,16,131,adb-observer,1,52.859,final-capture-complete,1,complete,3,complete,auction-protocol-v2,18,18,0,0,true,4804807,0.983938,26,4804807,0,true,true,classifier,true,yolo26n_background_catalog_scored,true,92,0,0,8,8,8,2,7,0,3,1,15,2446,80223.5,184800.269231,2685114,reviewed,matched,true,auto_confirmed
session_06211379454e621d,S,2026-08-01,16,132,adb-observer,1,198.797,final-capture-complete,4,needs_review,3,complete,auction-protocol-v2,63,63,0,0,true,5383382,0.953559,38,5389053,5671,false,true,classifier,true,yolo26n_background_catalog_scored,true,144,0,0,12,10,11,5,7,4,1,10,16,1814,72301.5,141817.184211,1587435,final_total_conflict,mismatched,false,conflict
session_0aefce886a14376a,S,2026-08-01,17,133,adb-observer,1,171.968,final-capture-complete,4,complete_with_identity_review,3,complete,auction-protocol-v2,62,62,0,0,true,5319477,0.988262,34,5319477,0,true,true,classifier,true,yolo26n_background_catalog_scored,true,95,3,0,4,14,8,8,14,2,3,5,10,8454,97037.5,156455.205882,1733281,reviewed,matched,true,auto_confirmed
session_2d9c8498012455cf,S,2026-08-01,17,134,adb-observer,1,116.86,final-capture-complete,3,complete,3,complete,auction-protocol-v2,44,43,1,0,true,1747104,0.996364,19,1747104,0,true,true,classifier,true,yolo26n_background_catalog_scored,true,73,0,0,4,6,7,2,1,4,2,3,9,2360,73106,91952.842105,247007,reviewed,matched,true,auto_confirmed
session_1a9e86d71a7eb050,S,2026-08-01,17,135,adb-observer,1,145.75,final-capture-complete,4,complete,3,complete,auction-protocol-v2,63,63,0,0,true,1257109,0.99595,10,1257109,0,true,true,classifier,true,yolo26n_background_catalog_scored,true,42,0,0,1,4,4,1,1,1,0,0,8,7982,92871.0,125710.9,302326,reviewed,matched,true,auto_confirmed
session_68dabb81f1d3504a,S,2026-08-01,17,136,adb-observer,1,107.047,final-capture-complete,3,complete,3,complete,auction-protocol-v2,45,44,1,0,true,1061767,0.998741,10,1061767,0,true,true,classifier,true,yolo26n_background_catalog_scored,true,32,0,0,1,3,4,2,3,1,0,3,3,2360,107852.5,106176.7,226538,reviewed,matched,true,auto_confirmed
session_046eed29363a3050,S,2026-08-01,17,137,adb-observer,1,176.594,final-capture-complete,5,complete,3,complete,auction-protocol-v2,78,78,0,0,true,3652980,0.984686,10,3652980,0,true,true,classifier,true,yolo26n_background_catalog_scored,true,33,0,0,1,3,4,2,4,1,0,0,5,5567,111313.5,365298.0,2685114,reviewed,matched,true,auto_confirmed
session_456f6544b9f4185f,S,2026-08-01,17,138,adb-observer,1,227.672,final-capture-complete,4,needs_review,3,complete,auction-protocol-v2,63,63,0,0,true,6057239,0.991141,48,6057239,0,true,true,classifier,true,yolo26n_background_catalog_scored,true,157,2,1,11,14,19,4,7,7,5,3,26,3844,70278.0,126192.479167,1080961,reviewed,matched,true,auto_confirmed
session_d08c966067049eba,S,2026-08-01,17,139,adb-observer,1,46.109,final-capture-complete,1,complete,3,complete,auction-protocol-v2,17,17,0,0,true,1367168,0.992043,10,1367168,0,true,true,classifier,true,yolo26n_background_catalog_scored,true,37,0,0,1,4,3,2,2,0,0,2,6,2360,83905.5,136716.8,438654,reviewed,matched,true,auto_confirmed
session_5ab6395917afb66f,S,2026-08-01,17,140,adb-observer,1,194.218,protocol-settlement-complete,5,needs_review,3,complete,auction-protocol-v2,72,70,2,0,true,4336910,0.992524,24,4284855,-52055,false,true,classifier,true,yolo26n_background_catalog_scored,true,90,1,1,4,7,7,6,3,0,2,5,14,3844,79737.0,178535.625,1878833,final_total_conflict,mismatched,false,conflict
session_32c14ac28b33c644,S,2026-08-01,17,141,adb-observer,1,54.329,final-capture-complete,1,complete,3,complete,auction-protocol-v2,18,17,1,0,true,1330943,0.997394,14,1330943,0,true,true,classifier,true,yolo26n_background_catalog_scored,true,44,0,0,1,4,6,3,6,1,0,3,4,3844,72301.5,95067.357143,240927,reviewed,matched,true,auto_confirmed
session_21c3326f9836ecc8,S,2026-08-01,17,142,adb-observer,1,130.015,final-capture-complete,2,needs_review,3,complete,auction-protocol-v2,33,33,0,0,true,8979548,0.98612,60,9337124,357576,false,true,classifier,true,yolo26n_background_catalog_scored,true,181,2,2,16,21,15,8,18,6,5,12,19,1420,69744.0,155618.733333,2685114,final_total_conflict,mismatched,false,conflict
session_0d9548fca00e5586,S,2026-08-01,17,143,adb-observer,1,214.688,final-capture-complete,5,needs_review,3,complete,auction-protocol-v2,80,77,3,0,true,4960742,0.986892,39,5058809,98067,false,true,classifier,true,yolo26n_background_catalog_scored,true,123,1,0,4,15,12,8,8,5,2,8,16,2446,93012,129713.051282,1083805,final_total_conflict,mismatched,false,conflict
session_045bf0d73422202b,S,2026-08-01,17,144,adb-observer,1,93.75,final-capture-complete,1,complete,3,complete,auction-protocol-v2,17,17,0,0,true,6037288,0.988593,45,6037288,0,true,true,classifier,true,yolo26n_background_catalog_scored,true,155,0,0,7,16,13,9,9,2,6,7,21,2360,61123,134161.955556,1486670,reviewed,matched,true,auto_confirmed
session_daf11c304457c6e4,S,2026-08-01,17,145,adb-observer,1,140.844,final-capture-complete,3,needs_review,3,complete,auction-protocol-v2,48,45,3,0,true,6862342,0.972266,52,8160625,1298283,false,true,classifier,true,yolo26n_background_catalog_scored,true,159,1,0,10,15,17,10,12,9,8,5,18,1420,76421.5,156935.096154,2999999,final_total_conflict,mismatched,false,conflict
session_0d397e825b1d81f9,S,2026-08-01,17,146,adb-observer,1,115.86,final-capture-complete,2,needs_review,3,complete,auction-protocol-v2,32,32,0,0,true,6103528,0.92996,58,6586815,483287,false,true,classifier,true,yolo26n_background_catalog_scored,true,186,1,0,9,22,21,6,8,7,8,10,25,1420,94369.0,113565.775862,489972,final_total_conflict,mismatched,false,conflict
session_bf434f43a2288286,S,2026-08-01,17,147,adb-observer,1,100.547,final-capture-complete,2,needs_review,3,complete,auction-protocol-v2,31,30,1,0,true,5441317,0.989744,39,6521325,1080008,false,true,classifier,true,yolo26n_background_catalog_scored,true,157,1,1,9,8,16,6,5,0,3,8,23,5567,93012,167213.461538,1561430,final_total_conflict,mismatched,false,conflict
session_6f3fb2e0c0ad0c0d,S,2026-08-01,17,148,adb-observer,1,182.172,final-capture-complete,3,needs_review,3,complete,auction-protocol-v2,52,48,4,0,true,4330969,0.980249,34,4359342,28373,false,true,classifier,true,yolo26n_background_catalog_scored,true,118,1,0,9,11,9,5,6,2,2,5,19,2446,60868.5,128215.941176,1680426,final_total_conflict,mismatched,false,conflict
session_30fd78020cb9e9b3,S,2026-08-01,17,149,adb-observer,1,105.343,final-capture-complete,1,needs_review,3,complete,auction-protocol-v2,18,17,1,0,true,5631919,0.994423,44,5594522,-37397,false,true,classifier,true,yolo26n_background_catalog_scored,true,137,0,1,8,12,16,8,9,6,3,8,18,3747,96008.0,127148.227273,886532,final_total_conflict,mismatched,false,conflict
session_fac0c2ade06f9553,S,2026-08-01,17,150,adb-observer,1,172.422,final-capture-complete,4,needs_review,3,complete,auction-protocol-v2,71,63,8,0,true,5241442,0.983477,44,5241442,0,true,true,classifier,true,yolo26n_background_catalog_scored,true,160,1,1,12,12,14,6,8,2,4,11,19,2446,96413.5,119123.681818,630423,reviewed,matched,true,auto_confirmed
session_fb5e8cbe0e883d5d,S,2026-08-01,17,151,adb-observer,1,60.984,final-capture-complete,1,complete_with_identity_review,3,complete,auction-protocol-v2,17,17,0,0,true,3652169,0.977076,39,3652169,0,true,true,classifier,true,yolo26n_background_catalog_scored,true,133,1,0,5,12,16,6,6,5,1,7,20,2446,73106,93645.358974,247007,reviewed,matched,true,auto_confirmed
session_528c6841c374c3eb,S,2026-08-01,17,152,adb-observer,1,186.515,final-capture-complete,4,complete,3,complete,auction-protocol-v2,63,63,0,0,true,6239726,0.97263,56,6239726,0,true,true,classifier,true,yolo26n_background_catalog_scored,true,189,0,0,12,18,17,9,14,6,2,9,25,1420,71425.0,111423.678571,992601,reviewed,matched,true,auto_confirmed
session_0cf47ffb6447ee92,S,2026-08-01,17,153,adb-observer,1,56.141,final-capture-complete,1,needs_review,3,complete,auction-protocol-v2,18,17,1,0,true,2625942,0.998458,26,2625942,0,true,true,classifier,true,yolo26n_background_catalog_scored,true,95,0,1,5,9,10,2,4,2,2,5,13,2446,65179.0,100997.769231,302326,reviewed,matched,true,auto_confirmed
session_da409f49196e15fa,S,2026-08-01,17,154,adb-observer,1,214.156,final-capture-complete,4,complete,3,complete,auction-protocol-v2,63,63,0,0,true,3254830,0.973055,31,3254830,0,true,true,classifier,true,yolo26n_background_catalog_scored,true,98,0,0,6,11,10,4,6,4,4,1,16,1814,85093,104994.516129,385956,reviewed,matched,true,auto_confirmed
session_3cd6138c1c38ae1e,S,2026-08-01,18,155,adb-observer,1,45.813,final-capture-complete,1,complete,3,complete,auction-protocol-v2,18,18,0,0,true,1783217,0.997266,17,1783217,0,true,true,classifier,true,yolo26n_background_catalog_scored,true,66,0,0,2,8,6,1,1,2,0,4,10,6271,93012,104895.117647,281034,reviewed,matched,true,auto_confirmed
session_97b4426dc48b7105,S,2026-08-01,18,156,adb-observer,1,269.063,final-capture-complete,5,needs_review,3,complete,auction-protocol-v2,84,78,6,0,true,4926037,0.991024,60,8330102,3404065,false,true,classifier,true,yolo26n_background_catalog_scored,true,225,2,1,17,17,14,12,6,7,5,9,33,1420,53986.0,138835.033333,2999999,final_total_conflict,mismatched,false,conflict
session_1faf35be37b49be5,S,2026-08-01,18,157,adb-observer,1,156.938,final-capture-complete,2,complete,3,complete,auction-protocol-v2,30,29,1,0,true,4911484,0.999347,44,4911484,0,true,true,classifier,true,yolo26n_background_catalog_scored,true,129,0,0,8,13,19,4,11,4,5,4,20,4507,93012.0,111624.636364,499425,reviewed,matched,true,auto_confirmed
session_a8dd94cdf1fe7d45,S,2026-08-01,18,158,adb-observer,1,128.219,final-capture-complete,1,needs_review,3,complete,auction-protocol-v2,19,18,1,0,true,5137154,0.997919,56,5146318,9164,false,true,classifier,true,yolo26n_background_catalog_scored,true,182,3,0,13,20,15,8,12,4,7,7,26,3747,75007.5,91898.535714,713390,final_total_conflict,mismatched,false,conflict
session_e6c8358a789b65e0,S,2026-08-01,18,159,adb-observer,1,47.407,final-capture-complete,1,complete_with_identity_review,3,complete,auction-protocol-v2,20,18,2,0,true,2821405,0.999208,12,2821405,0,true,true,classifier,true,yolo26n_background_catalog_scored,true,42,2,0,1,4,3,4,3,1,0,1,7,9053,103922.5,235117.083333,1080961,reviewed,matched,true,auto_confirmed
session_1bc920ff1c15dcb1,S,2026-08-01,18,160,adb-observer,1,49.218,final-capture-complete,1,complete,3,complete,auction-protocol-v2,19,18,1,0,true,2135580,0.973229,20,2135580,0,true,true,classifier,true,yolo26n_background_catalog_scored,true,64,0,0,3,7,8,2,5,3,0,5,7,7279,91341.0,106779.0,302326,reviewed,matched,true,auto_confirmed
session_20f676a69d9670f3,S,2026-08-01,18,161,adb-observer,1,54.469,final-capture-complete,1,complete,3,complete,auction-protocol-v2,22,18,4,0,true,3364211,0.995314,22,3364211,0,true,true,classifier,true,yolo26n_background_catalog_scored,true,69,0,0,6,6,7,3,5,4,2,4,7,9053,97538.5,152918.681818,1293299,reviewed,matched,true,auto_confirmed
session_605434685cbaecd8,S,2026-08-01,18,162,adb-observer,1,195.375,final-capture-complete,5,complete,3,complete,auction-protocol-v2,78,78,0,0,true,3014367,0.983209,23,3014367,0,true,true,classifier,true,yolo26n_background_catalog_scored,true,75,0,0,3,7,9,4,5,2,3,3,10,3747,73106,131059.434783,489972,reviewed,matched,true,auto_confirmed
session_6174df50e88b1f7b,S,2026-08-01,18,163,adb-observer,1,99.125,final-capture-complete,2,complete_with_identity_review,3,complete,auction-protocol-v2,32,32,0,0,true,4675915,0.984961,46,4675915,0,true,true,classifier,true,yolo26n_background_catalog_scored,true,150,1,0,10,15,14,7,7,7,6,6,20,1420,67114.5,101650.326087,1080961,reviewed,matched,true,auto_confirmed
session_01ed871c3d449a3d,S,2026-08-01,18,164,adb-observer,1,177.844,final-capture-complete,4,needs_review,3,complete,auction-protocol-v2,63,63,0,0,true,6663819,0.98127,28,6691951,28132,false,true,classifier,true,yolo26n_background_catalog_scored,true,95,1,0,5,8,8,7,4,4,3,5,12,1420,84557.0,238998.25,2539483,final_total_conflict,mismatched,false,conflict
session_325c383f6708a307,S,2026-08-01,18,165,adb-observer,1,135.125,final-capture-complete,2,complete,3,complete,auction-protocol-v2,32,32,0,0,true,5658927,0.987669,60,5658927,0,true,true,classifier,true,yolo26n_background_catalog_scored,true,181,0,0,18,24,13,5,10,6,10,10,24,2446,56185.0,94315.45,799999,reviewed,matched,true,auto_confirmed
session_96e1ed4b695540d2,S,2026-08-01,18,166,adb-observer,1,253.64,final-capture-complete,4,complete_with_identity_review,3,complete,auction-protocol-v2,57,56,1,0,true,4668987,0.990994,60,4668987,0,true,true,classifier,true,yolo26n_background_catalog_scored,true,181,2,0,15,19,13,13,19,4,8,3,26,2360,60868.5,77816.45,283538,reviewed,matched,true,auto_confirmed
session_44c297137e56a6df,S,2026-08-01,18,167,adb-observer,1,137.563,final-capture-complete,3,needs_review,3,complete,auction-protocol-v2,47,47,0,0,true,4209837,0.984444,46,4243640,33803,false,true,classifier,true,yolo26n_background_catalog_scored,true,137,0,0,12,14,13,7,11,4,7,5,19,2446,55887.0,92253.043478,886532,final_total_conflict,mismatched,false,conflict
session_9e1fccc719881269,S,2026-08-01,18,168,adb-observer,1,255.797,final-capture-complete,5,needs_review,3,complete,auction-protocol-v2,77,77,0,0,true,5269594,0.984481,60,6399994,1130400,false,true,classifier,true,yolo26n_background_catalog_scored,true,216,2,1,13,18,17,12,8,6,6,10,30,1420,64024.5,106666.566667,776546,final_total_conflict,mismatched,false,conflict
session_7c334ba4b320b090,S,2026-08-01,18,169,adb-observer,1,201.328,final-capture-complete,2,complete,3,complete,auction-protocol-v2,30,30,0,0,true,5286718,0.962581,42,5286718,0,true,true,classifier,true,yolo26n_background_catalog_scored,true,113,0,0,9,13,15,5,10,7,5,4,16,2446,60018.0,125874.238095,1561430,reviewed,matched,true,auto_confirmed
session_f2f6b1cd91bc92d9,S,2026-08-01,18,170,adb-observer,1,108.766,final-capture-complete,2,complete_with_identity_review,3,complete,auction-protocol-v2,32,32,0,0,true,5038169,0.977688,30,5038169,0,true,true,classifier,true,yolo26n_background_catalog_scored,true,104,1,0,7,6,11,6,4,5,2,5,14,7982,70620.5,167938.966667,1293299,reviewed,matched,true,auto_confirmed
session_ac42489ab64c6fc5,S,2026-08-01,18,171,adb-observer,1,182.047,final-capture-complete,5,complete,3,complete,auction-protocol-v2,78,78,0,0,true,3775799,0.978366,21,3775799,0,true,true,classifier,true,yolo26n_background_catalog_scored,true,71,0,0,4,8,5,4,4,1,2,4,10,3797,79737,179799.952381,1680426,reviewed,matched,true,auto_confirmed
session_db4a1cfa955ff62b,S,2026-08-01,18,172,adb-observer,1,78.844,final-capture-complete,2,complete,3,complete,auction-protocol-v2,31,30,1,0,true,2411681,0.99974,25,2411681,0,true,true,classifier,true,yolo26n_background_catalog_scored,true,78,0,0,6,10,4,5,8,3,2,3,9,1814,60018,96467.24,776546,reviewed,matched,true,auto_confirmed
session_381171d81884de6c,S,2026-08-01,18,173,adb-observer,1,63.813,final-capture-complete,1,complete,3,complete,auction-protocol-v2,18,18,0,0,true,4172550,0.991583,26,4172550,0,true,true,classifier,true,yolo26n_background_catalog_scored,true,103,0,0,3,10,9,4,5,2,2,3,14,2360,97443.0,160482.692308,1587435,reviewed,matched,true,auto_confirmed
session_30abc8ae54ca86b8,S,2026-08-01,18,174,adb-observer,1,77.016,final-capture-complete,1,complete,3,complete,auction-protocol-v2,18,18,0,0,true,5542790,0.982745,50,5542790,0,true,true,classifier,true,yolo26n_background_catalog_scored,true,168,0,0,15,15,15,5,12,3,4,10,21,3797,69466.0,110855.8,1293299,reviewed,matched,true,auto_confirmed
session_c07bdcd7022745d4,S,2026-08-01,18,175,adb-observer,1,100.797,final-capture-complete,2,complete,3,complete,auction-protocol-v2,33,33,0,0,true,4693665,0.981017,38,4693665,0,true,true,classifier,true,yolo26n_background_catalog_scored,true,119,0,0,6,10,15,7,8,2,4,6,18,1420,65179.0,123517.5,1307336,reviewed,matched,true,auto_confirmed
session_a64423623296af46,S,2026-08-01,18,176,adb-observer,1,167.562,final-capture-complete,4,complete_with_identity_review,3,complete,auction-protocol-v2,62,61,1,0,true,3079527,0.985659,24,3079527,0,true,true,classifier,true,yolo26n_background_catalog_scored,true,87,1,0,3,9,7,5,5,2,2,2,13,3844,86233.5,128313.625,659511,reviewed,matched,true,auto_confirmed
session_4c8bc32be4fc60f3,S,2026-08-01,19,177,adb-observer,1,134.125,final-capture-complete,4,complete,3,complete,auction-protocol-v2,56,55,1,0,true,1148375,0.981886,13,1148375,0,true,true,classifier,true,yolo26n_background_catalog_scored,true,42,0,0,3,5,3,2,4,2,2,0,5,5567,73106,88336.538462,224110,reviewed,matched,true,auto_confirmed
session_08dba58ee627f0fd,S,2026-08-01,19,178,adb-observer,1,159.844,final-capture-complete,4,complete,3,complete,auction-protocol-v2,64,63,1,0,true,1021004,0.999419,17,1021004,0,true,true,classifier,true,yolo26n_background_catalog_scored,true,41,0,0,3,7,6,1,7,1,1,0,8,1814,44974,60059.058824,142861,reviewed,matched,true,auto_confirmed
session_d51d86cca3596ad7,S,2026-08-01,19,179,adb-observer,1,216.203,final-capture-complete,4,complete_with_identity_review,3,complete,auction-protocol-v2,61,61,0,0,true,6371426,0.997318,36,6371426,0,true,true,classifier,true,yolo26n_background_catalog_scored,true,130,1,0,9,15,7,5,9,3,1,5,18,2446,94510.0,176984.055556,3061687,reviewed,matched,true,auto_confirmed
session_7b4f0e204c89c6e1,S,2026-08-01,19,180,adb-observer,1,151.766,final-capture-complete,4,complete,3,complete,auction-protocol-v2,71,62,9,0,true,872157,0.999756,10,872157,0,true,true,classifier,true,yolo26n_background_catalog_scored,true,27,0,0,1,4,4,1,1,4,3,0,2,7982,72301.5,87215.7,188499,reviewed,matched,true,auto_confirmed
session_78a9d7a7d346528f,S,2026-08-01,19,181,adb-observer,1,79.984,final-capture-complete,2,complete,3,complete,auction-protocol-v2,33,32,1,0,true,2228284,0.997371,19,2228284,0,true,true,classifier,true,yolo26n_background_catalog_scored,true,54,0,0,2,6,8,3,2,4,4,0,9,7982,106949,117278.105263,499425,reviewed,matched,true,auto_confirmed
session_828eb9e4da5ec459,S,2026-08-01,19,182,adb-observer,1,208.109,final-capture-complete,5,complete,3,complete,auction-protocol-v2,79,78,1,0,true,2688208,0.975154,22,2688208,0,true,true,classifier,true,yolo26n_background_catalog_scored,true,72,0,0,4,5,9,4,5,3,3,1,10,1420,82415.0,122191.272727,499425,reviewed,matched,true,auto_confirmed
session_41b3ae0ff0590ba5,S,2026-08-01,19,183,adb-observer,1,122.5,final-capture-complete,3,complete,3,complete,auction-protocol-v2,47,47,0,0,true,1189042,0.996547,11,1189042,0,true,true,classifier,true,yolo26n_background_catalog_scored,true,31,0,0,2,3,4,2,1,1,3,1,5,6685,96008,108094.727273,438654,reviewed,matched,true,auto_confirmed
session_bb3014b1756447bd,S,2026-08-01,19,184,adb-observer,1,126.89,final-capture-complete,3,complete,3,complete,auction-protocol-v2,47,47,0,0,true,4795139,0.984771,26,4795139,0,true,true,classifier,true,yolo26n_background_catalog_scored,true,88,0,0,4,8,10,4,3,2,4,4,13,3844,68856.5,184428.423077,2539483,reviewed,matched,true,auto_confirmed
session_e6d605ae61b2158b,S,2026-08-01,19,185,adb-observer,1,114.328,final-capture-complete,3,complete,3,complete,auction-protocol-v2,47,47,0,0,true,3340985,0.988765,22,3340985,0,true,true,classifier,true,yolo26n_background_catalog_scored,true,87,0,0,3,8,6,5,0,1,8,3,10,8454,60614.0,151862.954545,1635681,reviewed,matched,true,auto_confirmed
session_2f70bf8b3e52bff8,S,2026-08-01,19,186,adb-observer,1,288.953,final-capture-complete,4,needs_review,3,complete,auction-protocol-v2,61,60,1,0,true,6146449,0.988633,39,6629736,483287,false,true,classifier,true,yolo26n_background_catalog_scored,true,111,2,0,10,4,15,10,9,6,8,5,11,1420,85093,169993.230769,1307336,final_total_conflict,mismatched,false,conflict
session_98916c9fe8eb8908,S,2026-08-01,19,187,adb-observer,1,166.063,final-capture-complete,4,complete,3,complete,auction-protocol-v2,66,62,4,0,true,5131689,0.998049,47,5131689,0,true,true,classifier,true,yolo26n_background_catalog_scored,true,148,0,0,9,17,13,8,10,5,7,6,19,1814,79737,109184.87234,659511,reviewed,matched,true,auto_confirmed
session_9164ce9aea75ca29,S,2026-08-01,19,188,adb-observer,1,900.11,max-seconds,3,,,complete,auction-protocol-v2,50,42,8,0,true,,,,,,,,,,,,,,,0,0,0,0,0,0,0,0,0,,,,,,,,
session_07920e1ed619080f,S,2026-08-01,23,1,adb-observer,1,109.344,final-capture-complete,2,complete,3,complete,auction-protocol-v2,33,32,1,0,true,5641031,0.990776,52,5641031,0,true,true,classifier,true,yolo26n_background_catalog_scored,true,167,0,0,11,18,17,6,15,3,1,9,24,3747,68589.5,108481.365385,1083805,reviewed,matched,true,auto_confirmed
session_10dfb2ebd33971d1,S,2026-08-01,23,2,adb-observer,1,118.422,final-capture-complete,2,complete,3,complete,auction-protocol-v2,33,32,1,0,true,8906060,0.975858,60,8906060,0,true,true,classifier,true,yolo26n_background_catalog_scored,true,174,0,0,17,15,19,9,19,5,3,10,23,1814,64881.0,148434.333333,2685114,reviewed,matched,true,auto_confirmed
session_6f9f7f6a8414c77b,S,2026-08-01,23,3,adb-observer,1,87.469,final-capture-complete,2,complete_with_identity_review,3,complete,auction-protocol-v2,32,32,0,0,true,5772909,0.983741,25,5772909,0,true,true,classifier,true,yolo26n_background_catalog_scored,true,74,2,0,5,6,9,5,7,5,2,2,9,4507,96008,230916.36,3061687,reviewed,matched,true,auto_confirmed
session_5566b9aeafffeaf9,S,2026-08-01,23,4,adb-observer,1,130.578,final-capture-complete,2,complete,3,complete,auction-protocol-v2,40,32,8,0,true,2137148,0.997581,22,2137148,0,true,true,classifier,true,yolo26n_background_catalog_scored,true,69,0,0,8,6,5,3,2,4,3,5,8,2446,43617.5,97143.090909,776546,reviewed,matched,true,auto_confirmed
session_b0c8a6984045c1a6,S,2026-08-01,23,5,adb-observer,1,77.719,final-capture-complete,2,complete,3,complete,auction-protocol-v2,34,33,1,0,true,840020,0.985339,10,840020,0,true,true,classifier,true,yolo26n_background_catalog_scored,true,44,0,0,1,5,3,1,1,1,0,2,6,3844,94369.0,84002.0,136295,reviewed,matched,true,auto_confirmed
session_cc332835579f077a,S,2026-08-01,23,6,adb-observer,1,274.969,final-capture-complete,5,needs_review,3,complete,auction-protocol-v2,78,78,0,0,true,6092166,0.98716,53,6092166,0,true,true,classifier,true,yolo26n_background_catalog_scored,true,174,1,3,13,18,12,10,7,8,7,11,20,1814,60614,114946.528302,1635681,reviewed,matched,true,auto_confirmed
session_2d5036c6fdd07e57,S,2026-08-01,23,7,adb-observer,1,142.906,final-capture-complete,3,needs_review,3,complete,auction-protocol-v2,47,47,0,0,true,6484764,0.976024,58,7420021,935257,false,true,classifier,true,yolo26n_background_catalog_scored,true,186,3,0,10,21,14,13,13,7,7,7,24,1814,67435.0,127931.396552,971708,final_total_conflict,mismatched,false,conflict
session_2133a166267c608a,S,2026-08-01,23,8,adb-observer,1,271.672,final-capture-complete,5,needs_review,3,complete,auction-protocol-v2,78,77,1,0,true,5371968,0.991379,38,5371968,0,true,true,classifier,true,yolo26n_background_catalog_scored,true,132,1,1,7,11,12,8,6,4,5,6,17,2360,86233.5,141367.578947,1293299,reviewed,matched,true,auto_confirmed
session_a410f01fb1ad54bf,S,2026-08-01,23,9,adb-observer,1,93.282,final-capture-complete,2,complete_with_identity_review,3,complete,auction-protocol-v2,32,32,0,0,true,3936282,0.990043,26,3936282,0,true,true,classifier,true,yolo26n_background_catalog_scored,true,99,1,0,6,7,10,3,5,3,1,2,15,2446,90550.5,151395.461538,1080961,reviewed,matched,true,auto_confirmed
session_2d03532ffe298626,S,2026-08-01,23,10,adb-observer,1,245.687,final-capture-complete,5,complete,3,complete,auction-protocol-v2,84,78,6,0,true,2734399,0.981039,33,2734399,0,true,true,classifier,true,yolo26n_background_catalog_scored,true,119,0,0,8,15,8,2,8,1,1,5,18,3747,61123,82860.575758,247007,reviewed,matched,true,auto_confirmed
session_df6e14d37ca04e86,S,2026-08-01,23,11,adb-observer,1,45.407,final-capture-complete,1,complete,3,complete,auction-protocol-v2,17,17,0,0,true,1091723,0.998076,10,1091723,0,true,true,classifier,true,yolo26n_background_catalog_scored,true,29,0,0,1,4,4,1,1,1,1,0,7,2446,110503.0,109172.3,240927,reviewed,matched,true,auto_confirmed
session_a768b2d27665d264,S,2026-08-01,23,12,adb-observer,1,193.016,final-capture-complete,4,complete,3,complete,auction-protocol-v2,64,63,1,0,true,6388565,0.87413,51,6388565,0,true,true,classifier,true,yolo26n_background_catalog_scored,true,175,0,0,6,26,14,5,4,9,5,8,25,1814,73106,125265.980392,1486670,reviewed,matched,true,auto_confirmed
session_a40881f028539912,S,2026-08-01,23,13,adb-observer,1,72.844,final-capture-complete,1,needs_review,3,complete,auction-protocol-v2,18,17,1,0,true,3384385,0.96652,30,3384385,0,true,true,classifier,true,yolo26n_background_catalog_scored,true,97,1,1,7,9,8,6,7,4,2,3,14,3747,61123.0,112812.833333,713390,reviewed,matched,true,auto_confirmed
session_0b081b26773b9515,S,2026-08-02,0,14,adb-observer,1,92.782,final-capture-complete,2,needs_review,3,complete,auction-protocol-v2,35,33,2,0,true,826720,0.971752,13,848557,21837,false,true,classifier,true,yolo26n_background_catalog_scored,true,34,3,0,1,4,4,4,4,1,2,0,6,2446,47954,65273.615385,247007,final_total_conflict,mismatched,false,conflict
session_b79f39b04d66dc09,S,2026-08-02,0,15,adb-observer,1,91.5,final-capture-complete,2,complete_with_identity_review,3,complete,auction-protocol-v2,33,33,0,0,true,2130846,0.994573,15,2130846,0,true,true,classifier,true,yolo26n_background_catalog_scored,true,55,1,0,4,5,4,2,2,0,2,4,7,6685,69744,142056.4,1080961,reviewed,matched,true,auto_confirmed
session_e64442cd494e1a51,S,2026-08-02,0,16,adb-observer,1,236.14,final-capture-complete,5,needs_review,3,complete,auction-protocol-v2,79,78,1,0,true,3313756,0.982139,32,3464007,150251,false,true,classifier,true,yolo26n_background_catalog_scored,true,104,1,0,8,8,13,3,4,4,7,3,14,2446,94369.0,108250.21875,284912,final_total_conflict,mismatched,false,conflict
session_3df0cdd3f22fa3b8,S,2026-08-02,0,17,adb-observer,1,159.453,final-capture-complete,4,complete,3,complete,auction-protocol-v2,62,62,0,0,true,4663499,0.987312,37,4663499,0,true,true,classifier,true,yolo26n_background_catalog_scored,true,119,0,0,3,17,8,9,7,5,4,4,17,1814,71497,126040.513514,1307336,reviewed,matched,true,auto_confirmed
session_8ec7b7e767371391,S,2026-08-02,0,18,adb-observer,1,55.312,final-capture-complete,1,complete_with_identity_review,3,complete,auction-protocol-v2,17,16,1,0,true,4436534,0.974312,24,4436534,0,true,true,classifier,true,yolo26n_background_catalog_scored,true,82,1,0,5,7,7,5,3,3,3,4,11,3797,76421.5,184855.583333,776546,reviewed,matched,true,auto_confirmed
session_1d1527856e022e56,S,2026-08-02,0,19,adb-observer,1,139.328,final-capture-complete,3,complete,3,complete,auction-protocol-v2,49,48,1,0,true,4288522,0.957404,38,4288522,0,true,true,classifier,true,yolo26n_background_catalog_scored,true,123,0,0,10,13,10,5,8,3,4,8,15,1814,70011.0,112855.842105,799999,reviewed,matched,true,auto_confirmed
session_0803aea562bb3c78,S,2026-08-02,0,20,adb-observer,1,233.109,final-capture-complete,5,needs_review,3,complete,auction-protocol-v2,78,76,2,0,true,6510604,0.98194,37,6510604,0,true,true,classifier,true,yolo26n_background_catalog_scored,true,123,1,1,11,12,8,6,7,6,3,2,19,3844,60614,175962.27027,2557820,reviewed,matched,true,auto_confirmed
session_d74b2b74ec3bf997,S,2026-08-02,0,21,adb-observer,1,64.953,final-capture-complete,1,complete,3,complete,auction-protocol-v2,18,17,1,0,true,3175157,0.995963,35,3175157,0,true,true,classifier,true,yolo26n_background_catalog_scored,true,111,0,0,6,18,9,2,6,3,4,4,18,1814,67435,90718.771429,240927,reviewed,matched,true,auto_confirmed
session_067930b3fc47b5ec,S,2026-08-02,0,22,adb-observer,1,78.469,final-capture-complete,1,complete_with_identity_review,3,complete,auction-protocol-v2,18,16,2,0,true,3697127,0.985469,27,3697127,0,true,true,classifier,true,yolo26n_background_catalog_scored,true,91,1,0,2,12,7,6,7,5,2,4,9,2446,73106,136930.62963,1587435,reviewed,matched,true,auto_confirmed
session_ab8d25bcaaee4928,S,2026-08-02,0,23,adb-observer,1,75.312,final-capture-complete,1,complete_with_identity_review,3,complete,auction-protocol-v2,18,18,0,0,true,6807266,0.971663,53,6807266,0,true,true,classifier,true,yolo26n_background_catalog_scored,true,172,1,0,14,20,9,10,9,4,6,8,26,1420,67435,128438.981132,1293299,reviewed,matched,true,auto_confirmed
session_7c27c742d2ec6885,S,2026-08-02,0,24,adb-observer,1,124.25,final-capture-complete,3,complete,3,complete,auction-protocol-v2,50,48,2,0,true,1197467,0.997601,12,1197467,0,true,true,classifier,true,yolo26n_background_catalog_scored,true,42,0,0,2,5,4,1,2,1,0,2,7,7279,59725.5,99788.916667,281034,reviewed,matched,true,auto_confirmed
session_050df86a3bb94244,S,2026-08-02,0,25,adb-observer,1,206.36,final-capture-complete,5,complete,3,complete,auction-protocol-v2,78,78,0,0,true,3146064,0.985751,33,3146064,0,true,true,classifier,true,yolo26n_background_catalog_scored,true,117,0,0,4,11,11,7,6,2,5,7,13,1814,93012,95335.272727,302326,reviewed,matched,true,auto_confirmed
session_b92569d5fd34ebf1,S,2026-08-02,0,26,adb-observer,1,73.812,final-capture-complete,1,complete,3,complete,auction-protocol-v2,17,17,0,0,true,5667304,0.994141,44,5667304,0,true,true,classifier,true,yolo26n_background_catalog_scored,true,131,0,0,7,10,19,8,11,6,9,3,15,2360,89052.5,128802.363636,1293299,reviewed,matched,true,auto_confirmed
session_0b2f7f07f88bcecb,S,2026-08-02,0,27,adb-observer,1,175.64,final-capture-complete,5,complete,3,complete,auction-protocol-v2,78,78,0,0,true,901390,0.989995,10,901390,0,true,true,classifier,true,yolo26n_background_catalog_scored,true,34,0,0,2,4,3,1,1,2,0,2,5,1814,84557.0,90139.0,225664,reviewed,matched,true,auto_confirmed
session_8263197e4cb4da00,S,2026-08-02,0,28,adb-observer,1,85.828,final-capture-complete,2,complete,3,complete,auction-protocol-v2,33,33,0,0,true,3615824,0.9887,22,3615824,0,true,true,classifier,true,yolo26n_background_catalog_scored,true,71,0,0,2,7,8,5,5,3,1,1,12,1814,70887.5,164355.636364,1680426,reviewed,matched,true,auto_confirmed
session_77103ecb8384d5ad,S,2026-08-02,0,29,adb-observer,1,210.266,final-capture-complete,5,needs_review,3,complete,auction-protocol-v2,79,78,1,0,true,2959213,0.995745,28,3109464,150251,false,true,classifier,true,yolo26n_background_catalog_scored,true,94,1,0,7,7,11,3,5,3,2,4,14,3747,47954.0,111052.285714,540336,final_total_conflict,mismatched,false,conflict
session_063df9f90ec2fe5e,S,2026-08-02,0,30,adb-observer,1,124.39,final-capture-complete,1,complete,3,complete,auction-protocol-v2,15,15,0,0,true,3831627,0.993008,31,3831627,0,true,true,classifier,true,yolo26n_background_catalog_scored,true,104,0,0,9,12,7,3,1,4,8,7,11,4507,71497,123600.870968,1587435,reviewed,matched,true,auto_confirmed
session_f60376bb94adec41,S,2026-08-02,0,31,adb-observer,1,146.656,final-capture-complete,4,complete,3,complete,auction-protocol-v2,65,63,2,0,true,5236434,0.990205,19,5236434,0,true,true,classifier,true,yolo26n_background_catalog_scored,true,60,0,0,2,8,6,3,4,2,2,3,8,2360,96008,275601.789474,2394967,reviewed,matched,true,auto_confirmed
session_1850743e40b9209d,S,2026-08-02,0,32,adb-observer,1,189.485,final-capture-complete,5,complete_with_identity_review,3,complete,auction-protocol-v2,86,78,8,0,true,4917162,0.990462,24,4917162,0,true,true,classifier,true,yolo26n_background_catalog_scored,true,106,1,0,7,7,6,4,0,4,0,5,15,5567,56204.5,204881.75,3061687,reviewed,matched,true,auto_confirmed
session_3f12b3b7b8358e0b,S,2026-08-02,0,33,adb-observer,1,92.031,final-capture-complete,1,needs_review,3,complete,auction-protocol-v2,17,16,1,0,true,6885642,0.978392,52,7371107,485465,false,true,classifier,true,yolo26n_background_catalog_scored,true,151,2,0,11,12,21,8,18,7,2,4,21,3844,98067.0,141752.057692,878245,final_total_conflict,mismatched,false,conflict
session_d4b4d6689f693d6d,S,2026-08-02,0,34,adb-observer,1,199.312,final-capture-complete,4,needs_review,3,complete,auction-protocol-v2,62,60,2,0,true,6264438,0.986835,47,6745956,481518,false,true,classifier,true,yolo26n_background_catalog_scored,true,175,2,0,12,13,13,9,9,3,5,6,24,3747,79737,143530.978723,886532,final_total_conflict,mismatched,false,conflict
session_d851fe54688a2cc1,S,2026-08-02,0,35,adb-observer,1,120.25,final-capture-complete,3,complete_with_identity_review,3,complete,auction-protocol-v2,44,43,1,0,true,2683061,0.996944,21,2683061,0,true,true,classifier,true,yolo26n_background_catalog_scored,true,59,1,0,3,6,8,4,6,3,1,3,8,1420,61123,127764.809524,1080961,reviewed,matched,true,auto_confirmed
session_d6a3d3290706002a,S,2026-08-02,1,36,adb-observer,1,189.704,final-capture-complete,5,complete,3,complete,auction-protocol-v2,82,78,4,0,true,2352138,0.997534,22,2352138,0,true,true,classifier,true,yolo26n_background_catalog_scored,true,66,0,0,4,9,7,2,6,4,1,2,9,8661,88911.5,106915.363636,540336,reviewed,matched,true,auto_confirmed
session_a62df76132f2fd7f,S,2026-08-02,1,37,adb-observer,1,201.375,final-capture-complete,4,complete,3,complete,auction-protocol-v2,57,56,1,0,true,1805235,0.998391,12,1805235,0,true,true,classifier,true,yolo26n_background_catalog_scored,true,40,0,0,3,3,4,2,3,1,2,1,5,5567,84557.0,150436.25,886532,reviewed,matched,true,auto_confirmed
session_d9bd5bd38288eaa4,S,2026-08-02,1,38,adb-observer,1,210.078,final-capture-complete,5,needs_review,3,complete,auction-protocol-v2,78,78,0,0,true,6399337,0.991746,47,6399337,0,true,true,classifier,true,yolo26n_background_catalog_scored,true,145,2,1,9,13,16,9,10,3,7,4,23,2446,79737,136156.106383,1080961,reviewed,matched,true,auto_confirmed
session_4034bd2487e5dc7f,S,2026-08-02,1,39,adb-observer,1,156.515,final-capture-complete,3,needs_review,3,complete,auction-protocol-v2,47,47,0,0,true,7125468,0.978858,61,6942550,-182918,false,true,classifier,true,yolo26n_background_catalog_scored,true,221,2,0,9,21,20,11,9,7,6,6,33,1814,71497,113812.295082,992601,final_total_conflict,mismatched,false,conflict
session_f24e55e4cda09b56,S,2026-08-02,1,40,adb-observer,1,54.469,final-capture-complete,1,complete,3,complete,auction-protocol-v2,17,17,0,0,true,2248791,0.987774,22,2248791,0,true,true,classifier,true,yolo26n_background_catalog_scored,true,72,0,0,4,8,8,2,5,3,1,2,11,2360,68589.5,102217.772727,302326,reviewed,matched,true,auto_confirmed
session_8edfd9e8baecf666,S,2026-08-02,1,41,adb-observer,1,82.265,final-capture-complete,2,complete,3,complete,auction-protocol-v2,36,33,3,0,true,1055187,0.99785,10,1055187,0,true,true,classifier,true,yolo26n_background_catalog_scored,true,36,0,0,1,5,3,1,0,1,2,3,4,4507,76421.5,105518.7,302326,reviewed,matched,true,auto_confirmed
session_4c1130dcd35fa4de,S,2026-08-02,1,42,adb-observer,1,55.875,final-capture-complete,1,complete,3,complete,auction-protocol-v2,20,18,2,0,true,2484502,0.987321,26,2484502,0,true,true,classifier,true,yolo26n_background_catalog_scored,true,76,0,0,4,8,11,3,5,3,4,6,8,4507,69744.0,95557.769231,226538,reviewed,matched,true,auto_confirmed
session_64a60809ed8fcc8a,S,2026-08-02,1,43,adb-observer,1,259.469,final-capture-complete,5,needs_review,3,complete,auction-protocol-v2,70,69,1,0,true,5905860,0.985811,56,6387378,481518,false,true,classifier,true,yolo26n_background_catalog_scored,true,168,2,0,8,16,23,9,12,4,9,4,27,1814,86374.5,114060.321429,489972,final_total_conflict,mismatched,false,conflict
session_3aad51aba17f65de,S,2026-08-02,1,44,adb-observer,1,130.547,final-capture-complete,3,needs_review,3,complete,auction-protocol-v2,47,47,0,0,true,3447235,0.97859,35,3475367,28132,false,true,classifier,true,yolo26n_background_catalog_scored,true,120,0,0,8,7,17,3,3,7,5,6,14,7982,85093,99296.2,281034,final_total_conflict,mismatched,false,conflict
session_48685bafbf961e33,S,2026-08-02,1,45,adb-observer,1,259.891,final-capture-complete,5,needs_review,3,complete,auction-protocol-v2,77,77,0,0,true,6674297,0.938191,31,6674297,0,true,true,classifier,true,yolo26n_background_catalog_scored,true,118,0,1,6,12,9,4,7,5,0,2,17,3747,73106,215299.903226,1587435,reviewed,matched,true,auto_confirmed
session_ef655d5c668db136,S,2026-08-02,1,46,adb-observer,1,168.937,final-capture-complete,3,complete_with_identity_review,3,complete,auction-protocol-v2,48,47,1,0,true,5682488,0.987696,60,5682488,0,true,true,classifier,true,yolo26n_background_catalog_scored,true,199,1,0,15,16,19,10,9,7,9,11,24,1420,65179.0,94708.133333,438654,reviewed,matched,true,auto_confirmed
session_7d1ebbd3b23d8a70,S,2026-08-02,1,47,adb-observer,1,215.063,final-capture-complete,5,complete,3,complete,auction-protocol-v2,79,77,2,0,true,4777568,0.957648,39,4777568,0,true,true,classifier,true,yolo26n_background_catalog_scored,true,138,0,0,5,12,17,5,6,3,1,7,22,3747,96008,122501.74359,886532,reviewed,matched,true,auto_confirmed
session_d24ec290ef6df075,S,2026-08-02,1,48,adb-observer,1,75.938,final-capture-complete,1,needs_review,3,complete,auction-protocol-v2,17,17,0,0,true,6702260,0.991039,51,7185547,483287,false,true,classifier,true,yolo26n_background_catalog_scored,true,168,2,2,7,21,17,6,12,4,6,4,25,1420,106949,140893.078431,1293299,final_total_conflict,mismatched,false,conflict
session_d85c0008b4afd180,S,2026-08-02,1,49,adb-observer,1,50.828,final-capture-complete,1,complete,3,complete,auction-protocol-v2,18,18,0,0,true,3296425,0.988321,10,3296425,0,true,true,classifier,true,yolo26n_background_catalog_scored,true,41,0,0,1,3,4,2,0,3,1,0,6,5567,88911.5,329642.5,2557820,reviewed,matched,true,auto_confirmed
session_d2f2e9e5d9844ed2,S,2026-08-02,1,50,adb-observer,1,100.969,final-capture-complete,1,complete,3,complete,auction-protocol-v2,19,18,1,0,true,3471079,0.992482,28,3471079,0,true,true,classifier,true,yolo26n_background_catalog_scored,true,96,0,0,8,9,7,4,4,6,2,1,15,1420,60018.0,123967.107143,1083805,reviewed,matched,true,auto_confirmed
session_0a78caffaa12a5d8,S,2026-08-02,1,51,adb-observer,1,236.485,final-capture-complete,5,needs_review,3,complete,auction-protocol-v2,83,78,5,0,true,5145816,0.986265,51,5631281,485465,false,true,classifier,true,yolo26n_background_catalog_scored,true,193,1,0,7,18,19,7,7,6,6,3,29,2360,92730,110417.27451,489972,final_total_conflict,mismatched,false,conflict
session_3087a2e8ee145b79,S,2026-08-02,1,52,adb-observer,1,78.704,final-capture-complete,2,complete,3,complete,auction-protocol-v2,32,32,0,0,true,1157630,0.99434,10,1157630,0,true,true,classifier,true,yolo26n_background_catalog_scored,true,38,0,0,1,4,4,1,2,0,0,0,8,3747,67435.0,115763.0,281034,reviewed,matched,true,auto_confirmed
session_f868661b31979ba3,S,2026-08-02,1,53,adb-observer,1,183.734,final-capture-complete,4,complete,3,complete,auction-protocol-v2,63,63,0,0,true,4244822,0.995744,37,4244822,0,true,true,classifier,true,yolo26n_background_catalog_scored,true,127,0,0,9,10,12,6,5,1,6,6,19,4507,79737,114724.918919,992601,reviewed,matched,true,auto_confirmed
session_ef5464b1fd3ddb8d,S,2026-08-02,1,54,adb-observer,1,57.406,final-capture-complete,1,complete,3,complete,auction-protocol-v2,17,17,0,0,true,2513709,0.987771,25,2513709,0,true,true,classifier,true,yolo26n_background_catalog_scored,true,73,0,0,6,7,9,3,6,1,5,1,12,2446,60614,100548.36,489972,reviewed,matched,true,auto_confirmed
session_f7040770c7c1b492,S,2026-08-02,1,55,adb-observer,1,146.593,final-capture-complete,3,complete,3,complete,auction-protocol-v2,49,48,1,0,true,5187833,0.987575,33,5187833,0,true,true,classifier,true,yolo26n_background_catalog_scored,true,122,0,0,9,6,9,9,5,2,3,11,12,6271,71497,157207.060606,886532,reviewed,matched,true,auto_confirmed
session_cdc85a3f1719c93a,S,2026-08-02,1,56,adb-observer,1,167.672,final-capture-complete,3,complete,3,complete,auction-protocol-v2,49,46,3,0,true,1362278,0.999113,13,1362278,0,true,true,classifier,true,yolo26n_background_catalog_scored,true,50,0,0,3,4,5,1,2,1,1,2,7,2446,93012,104790.615385,302326,reviewed,matched,true,auto_confirmed
session_1138446485cf418a,S,2026-08-02,2,57,adb-observer,1,270.938,final-capture-complete,5,needs_review,3,complete,auction-protocol-v2,80,77,3,0,true,6142798,0.949377,60,7222806,1080008,false,true,classifier,true,yolo26n_background_catalog_scored,true,193,1,2,12,26,16,6,13,6,5,11,25,2446,96008.0,120380.1,1083805,final_total_conflict,mismatched,false,conflict
session_823711d91c466125,S,2026-08-02,2,58,adb-observer,1,172.031,final-capture-complete,5,complete,3,complete,auction-protocol-v2,81,77,4,0,true,3467603,0.987963,10,3467603,0,true,true,classifier,true,yolo26n_background_catalog_scored,true,30,0,0,1,3,4,2,4,1,0,0,5,9053,117181.0,346760.3,2394967,reviewed,matched,true,auto_confirmed
session_02079498670502cf,S,2026-08-02,2,59,adb-observer,1,168.875,final-capture-complete,3,complete,3,complete,auction-protocol-v2,51,48,3,0,true,4996270,0.988104,43,4996270,0,true,true,classifier,true,yolo26n_background_catalog_scored,true,141,0,0,14,13,13,3,9,4,5,3,22,2446,79737,116192.325581,659511,reviewed,matched,true,auto_confirmed
session_1463f420e1d9d4b9,S,2026-08-02,2,60,adb-observer,1,125.969,final-capture-complete,2,complete,3,complete,auction-protocol-v2,31,30,1,0,true,3454200,0.991288,25,3454200,0,true,true,classifier,true,yolo26n_background_catalog_scored,true,81,0,0,4,8,9,4,6,5,0,5,9,9053,71497,138168.0,1307336,reviewed,matched,true,auto_confirmed
session_10a1e47433782684,S,2026-08-02,2,61,adb-observer,1,136.531,final-capture-complete,3,needs_review,3,complete,auction-protocol-v2,48,48,0,0,true,4281500,0.990655,39,5908727,1627227,false,true,classifier,true,yolo26n_background_catalog_scored,true,120,1,0,4,13,14,8,8,6,3,7,15,1814,96819,151505.820513,1635681,final_total_conflict,mismatched,false,conflict
session_1d0644682262f5ff,S,2026-08-02,2,62,adb-observer,1,175.719,final-capture-complete,5,complete,3,complete,auction-protocol-v2,70,69,1,0,true,2083460,0.987412,22,2083460,0,true,true,classifier,true,yolo26n_background_catalog_scored,true,70,0,0,5,9,5,3,5,3,0,2,12,1814,72301.5,94702.727273,452757,reviewed,matched,true,auto_confirmed
session_5ca766329e454b7c,S,2026-08-02,2,63,adb-observer,1,146.156,final-capture-complete,3,complete_with_identity_review,3,complete,auction-protocol-v2,46,45,1,0,true,5210439,0.990704,49,5210439,0,true,true,classifier,true,yolo26n_background_catalog_scored,true,144,2,0,7,18,18,6,8,11,6,6,18,1420,73106,106335.489796,992601,reviewed,matched,true,auto_confirmed
session_100cfb481e4ef4cb,S,2026-08-02,2,64,adb-observer,1,115.282,final-capture-complete,3,complete,3,complete,auction-protocol-v2,49,47,2,0,true,4704922,0.98702,19,4704922,0,true,true,classifier,true,yolo26n_background_catalog_scored,true,62,0,0,3,4,7,5,4,4,1,3,7,1814,96008,247627.473684,1307336,reviewed,matched,true,auto_confirmed
session_1d65b85511cd7687,S,2026-08-02,2,65,adb-observer,1,174.094,final-capture-complete,4,complete,3,complete,auction-protocol-v2,64,63,1,0,true,3578918,0.993648,20,3578918,0,true,true,classifier,true,yolo26n_background_catalog_scored,true,75,0,0,1,10,6,3,1,2,2,3,12,3747,92730.0,178945.9,1733281,reviewed,matched,true,auto_confirmed
session_6bb45486cab5866c,S,2026-08-02,2,66,adb-observer,1,175.171,final-capture-complete,4,complete,3,complete,auction-protocol-v2,61,60,1,0,true,4842689,0.991536,21,4842689,0,true,true,classifier,true,yolo26n_background_catalog_scored,true,73,0,0,3,4,9,5,3,1,3,5,9,1814,102347,230604.238095,2999999,reviewed,matched,true,auto_confirmed
session_08c16125574aac85,S,2026-08-02,2,67,adb-observer,1,190.984,final-capture-complete,5,complete,3,complete,auction-protocol-v2,77,77,0,0,true,5510288,0.966637,28,5510288,0,true,true,classifier,true,yolo26n_background_catalog_scored,true,92,0,0,5,9,8,6,3,7,2,2,14,1420,68589.5,196796.0,2685114,reviewed,matched,true,auto_confirmed
session_73a3d7eb3a2b1a29,S,2026-08-02,2,68,adb-observer,1,145.719,final-capture-complete,3,complete,3,complete,auction-protocol-v2,52,46,6,0,true,2623660,0.980252,28,2623660,0,true,true,classifier,true,yolo26n_background_catalog_scored,true,88,0,0,7,9,9,3,4,7,2,3,12,1420,72301.5,93702.142857,302326,reviewed,matched,true,auto_confirmed
session_0b4dc105f891275b,S,2026-08-02,2,69,adb-observer,1,89.11,final-capture-complete,2,complete,3,complete,auction-protocol-v2,31,30,1,0,true,1305697,0.99212,18,1305697,0,true,true,classifier,true,yolo26n_background_catalog_scored,true,60,0,0,3,5,6,4,1,6,0,5,6,1420,39574.0,72538.722222,224110,reviewed,matched,true,auto_confirmed
session_71d8e94253a003b6,S,2026-08-02,2,70,adb-observer,1,175.422,final-capture-complete,4,complete,3,complete,auction-protocol-v2,68,62,6,0,true,5618190,0.993144,45,5618190,0,true,true,classifier,true,yolo26n_background_catalog_scored,true,158,0,0,9,13,16,7,9,3,3,5,25,1420,73106,124848.666667,1307336,reviewed,matched,true,auto_confirmed
session_9f7eef42ad439c67,S,2026-08-02,2,71,adb-observer,1,148.25,final-capture-complete,4,complete_with_identity_review,3,complete,auction-protocol-v2,56,54,2,0,true,3685392,0.985318,17,3685392,0,true,true,classifier,true,yolo26n_background_catalog_scored,true,51,1,0,3,4,6,4,5,1,1,3,7,1814,71497,216787.764706,2557820,reviewed,matched,true,auto_confirmed
session_d7d3a8f117cde685,S,2026-08-02,2,72,adb-observer,1,270.141,final-capture-complete,5,needs_review,3,complete,auction-protocol-v2,84,77,7,0,true,5767977,0.994407,51,5767977,0,true,true,classifier,true,yolo26n_background_catalog_scored,true,168,1,5,10,11,15,15,11,7,6,5,22,1420,60018,113097.588235,713390,reviewed,matched,true,auto_confirmed
session_3dcccae0952f002e,S,2026-08-02,2,73,adb-observer,1,65.359,final-capture-complete,1,complete,3,complete,auction-protocol-v2,17,17,0,0,true,4702708,0.958354,35,4702708,0,true,true,classifier,true,yolo26n_background_catalog_scored,true,110,0,0,8,10,14,3,7,4,4,6,14,8454,96008,134363.085714,1307336,reviewed,matched,true,auto_confirmed
session_baefe23745bdad30,S,2026-08-02,2,74,adb-observer,1,218.906,final-capture-complete,5,complete,3,complete,auction-protocol-v2,78,78,0,0,true,2480858,0.984362,30,2480858,0,true,true,classifier,true,yolo26n_background_catalog_scored,true,108,0,0,4,14,7,5,5,2,5,5,13,1420,68589.5,82695.266667,247007,reviewed,matched,true,auto_confirmed
session_4a1a3480e662cdeb,S,2026-08-02,3,75,adb-observer,1,175.172,final-capture-complete,4,complete,3,complete,auction-protocol-v2,62,62,0,0,true,4209460,0.986917,29,4209460,0,true,true,classifier,true,yolo26n_background_catalog_scored,true,98,0,0,8,10,7,4,8,1,2,3,15,2446,47954,145153.793103,1307336,reviewed,matched,true,auto_confirmed
session_432988f0adc1b035,S,2026-08-02,3,76,adb-observer,1,173.281,final-capture-complete,4,complete,3,complete,auction-protocol-v2,63,62,1,0,true,3003632,0.987379,34,3003632,0,true,true,classifier,true,yolo26n_background_catalog_scored,true,110,0,0,6,10,14,4,3,8,3,4,16,2360,96008.0,88342.117647,240927,reviewed,matched,true,auto_confirmed
session_9682c1dd7e4f27fa,S,2026-08-02,3,77,adb-observer,1,205.719,final-capture-complete,4,complete,3,complete,auction-protocol-v2,63,62,1,0,true,5031318,0.982363,53,5031318,0,true,true,classifier,true,yolo26n_background_catalog_scored,true,157,0,0,12,19,15,7,12,11,6,6,18,2446,73106,94930.528302,630423,reviewed,matched,true,auto_confirmed
session_0d430b4de01656d6,S,2026-08-02,3,78,adb-observer,1,98.109,final-capture-complete,2,complete,3,complete,auction-protocol-v2,31,30,1,0,true,4228535,0.95178,42,4228535,0,true,true,classifier,true,yolo26n_background_catalog_scored,true,125,0,0,8,13,15,6,7,4,5,4,22,3797,70887.5,100679.404762,438654,reviewed,matched,true,auto_confirmed
session_8ac9e5425a9b279f,S,2026-08-02,3,79,adb-observer,1,65.125,final-capture-complete,1,complete,3,complete,auction-protocol-v2,19,18,1,0,true,4726363,0.955801,40,4726363,0,true,true,classifier,true,yolo26n_background_catalog_scored,true,110,0,0,8,15,11,6,10,7,5,10,8,2360,61123.0,118159.075,1561430,reviewed,matched,true,auto_confirmed
session_5ed73cd494fded3c,S,2026-08-02,3,80,adb-observer,1,183.093,final-capture-complete,4,complete,3,complete,auction-protocol-v2,68,63,5,0,true,6824930,0.993665,55,6824930,0,true,true,classifier,true,yolo26n_background_catalog_scored,true,196,0,0,11,22,16,6,9,4,5,10,27,2446,69744,124089.636364,1956574,reviewed,matched,true,auto_confirmed
session_13e556702e17dc37,S,2026-08-02,3,81,adb-observer,1,55.125,final-capture-complete,1,complete,3,complete,auction-protocol-v2,17,17,0,0,true,6471794,0.986714,22,6471794,0,true,true,classifier,true,yolo26n_background_catalog_scored,true,76,0,0,3,5,8,6,5,2,2,0,13,2446,106425.0,294172.454545,1680426,reviewed,matched,true,auto_confirmed
session_72cc0006aaa91d30,S,2026-08-02,3,82,adb-observer,1,165.453,final-capture-complete,4,complete_with_identity_review,3,complete,auction-protocol-v2,63,63,0,0,true,2840010,0.991693,17,2840010,0,true,true,classifier,true,yolo26n_background_catalog_scored,true,54,1,0,2,6,5,4,6,1,1,2,7,1814,92730,167059.411765,886532,reviewed,matched,true,auto_confirmed
session_030adab1a23a1a36,S,2026-08-02,3,83,adb-observer,1,250.171,final-capture-complete,5,needs_review,3,complete,auction-protocol-v2,72,70,2,0,true,8215767,0.935023,61,9564874,1349107,false,true,classifier,true,yolo26n_background_catalog_scored,true,193,3,2,12,17,18,14,15,7,7,9,23,1420,69744,156801.213115,1635681,final_total_conflict,mismatched,false,conflict
session_615c552ba950d12a,S,2026-08-02,3,84,adb-observer,1,247.235,final-capture-complete,5,complete,3,complete,auction-protocol-v2,77,77,0,0,true,6849461,0.981639,42,6849461,0,true,true,classifier,true,yolo26n_background_catalog_scored,true,153,0,0,4,12,19,7,4,8,3,7,20,1420,94774.5,163082.404762,2539483,reviewed,matched,true,auto_confirmed
session_da9fbdaa33c9db40,S,2026-08-02,3,85,adb-observer,1,153.391,final-capture-complete,3,needs_review,3,complete,auction-protocol-v2,48,47,1,0,true,5690395,0.984467,43,5608649,-81746,false,true,classifier,true,yolo26n_background_catalog_scored,true,123,2,0,7,16,11,9,11,2,7,7,16,6685,67435,130433.697674,1080961,final_total_conflict,mismatched,false,conflict
session_f5160df8f32d1158,S,2026-08-02,3,86,adb-observer,1,157.234,final-capture-complete,2,complete,3,complete,auction-protocol-v2,31,30,1,0,true,1038864,0.989803,10,1038864,0,true,true,classifier,true,yolo26n_background_catalog_scored,true,33,0,0,1,3,3,3,2,2,1,1,4,3844,65433.5,103886.4,381262,reviewed,matched,true,auto_confirmed
session_3e6c8aae54bd3aa5,S,2026-08-02,3,87,adb-observer,1,57.469,final-capture-complete,1,complete,3,complete,auction-protocol-v2,22,18,4,0,true,2465744,0.971086,21,2465744,0,true,true,classifier,true,yolo26n_background_catalog_scored,true,64,0,0,5,8,4,4,7,4,0,1,9,5567,51756,117416.380952,971708,reviewed,matched,true,auto_confirmed
session_91692f24c9794c91,S,2026-08-02,3,88,adb-observer,1,207.547,final-capture-complete,5,complete,3,complete,auction-protocol-v2,79,78,1,0,true,740606,0.995776,10,740606,0,true,true,classifier,true,yolo26n_background_catalog_scored,true,28,0,0,1,4,4,1,3,1,0,2,4,3747,73882.0,74060.6,153238,reviewed,matched,true,auto_confirmed
session_1bac26319b52db9c,S,2026-08-02,3,89,adb-observer,1,196.703,final-capture-complete,5,needs_review,3,complete,auction-protocol-v2,79,78,1,0,true,3029791,0.994051,14,2962356,-67435,false,true,classifier,true,yolo26n_background_catalog_scored,true,47,0,0,2,4,5,3,2,1,2,3,6,4507,86233.5,211596.857143,1878833,final_total_conflict,mismatched,false,conflict
session_08c7758d86ca3037,S,2026-08-02,3,90,adb-observer,1,175.625,final-capture-complete,4,complete_with_identity_review,3,complete,auction-protocol-v2,62,62,0,0,true,6113546,0.998217,49,6113546,0,true,true,classifier,true,yolo26n_background_catalog_scored,true,153,1,0,9,15,21,4,12,2,2,10,23,2446,85093,124766.244898,630423,reviewed,matched,true,auto_confirmed
session_ccf2009da1195b98,S,2026-08-02,3,91,adb-observer,1,185.906,final-capture-complete,3,complete,3,complete,auction-protocol-v2,48,45,3,0,true,4140399,0.988843,43,4140399,0,true,true,classifier,true,yolo26n_background_catalog_scored,true,125,0,0,6,12,18,7,12,4,7,4,16,1814,70278,96288.348837,302326,reviewed,matched,true,auto_confirmed
session_d6d6593dc106aeb5,S,2026-08-02,3,92,adb-observer,1,77.328,final-capture-complete,2,complete,3,complete,auction-protocol-v2,31,30,1,0,true,4119697,0.995144,20,4119697,0,true,true,classifier,true,yolo26n_background_catalog_scored,true,69,0,0,2,10,4,4,5,1,1,3,10,8454,97037.5,205984.85,1733281,reviewed,matched,true,auto_confirmed
session_cfecf6884f1f6928,S,2026-08-02,3,93,adb-observer,1,65.234,final-capture-complete,1,complete,3,complete,auction-protocol-v2,18,17,1,0,true,5505070,0.980148,37,5505070,0,true,true,classifier,true,yolo26n_background_catalog_scored,true,123,0,0,9,13,9,6,7,5,6,4,15,1420,69744,148785.675676,2394967,reviewed,matched,true,auto_confirmed
session_584977bd5663b30a,S,2026-08-02,3,94,adb-observer,1,49.297,final-capture-complete,1,complete_with_identity_review,3,complete,auction-protocol-v2,18,18,0,0,true,1225572,0.989039,13,1225572,0,true,true,classifier,true,yolo26n_background_catalog_scored,true,53,1,0,4,3,4,2,1,0,2,3,7,2360,36824,94274.769231,240927,reviewed,matched,true,auto_confirmed
session_064f7e50efdb88b9,S,2026-08-02,3,95,adb-observer,1,122.125,final-capture-complete,3,complete,3,complete,auction-protocol-v2,46,45,1,0,true,2920865,0.990241,16,2920865,0,true,true,classifier,true,yolo26n_background_catalog_scored,true,57,0,0,2,4,6,4,4,1,3,0,8,5567,49855.0,182554.0625,1587435,reviewed,matched,true,auto_confirmed
session_f958c08e5495155b,S,2026-08-02,4,96,adb-observer,1,143.016,final-capture-complete,3,needs_review,3,complete,auction-protocol-v2,46,45,1,0,true,4412904,0.999337,40,4418575,5671,false,true,classifier,true,yolo26n_background_catalog_scored,true,121,1,0,11,14,10,5,10,6,4,4,16,2446,72301.5,110464.375,878245,final_total_conflict,mismatched,false,conflict
session_bc83b2434894750b,S,2026-08-02,4,97,adb-observer,1,222.266,final-capture-complete,5,complete,3,complete,auction-protocol-v2,77,77,0,0,true,5306898,0.965618,38,5306898,0,true,true,classifier,true,yolo26n_background_catalog_scored,true,135,0,0,7,14,13,4,6,5,1,9,17,1814,82113.5,139655.210526,1307336,reviewed,matched,true,auto_confirmed
session_4fd4bb163622f155,S,2026-08-02,4,98,adb-observer,1,170.968,final-capture-complete,4,complete,3,complete,auction-protocol-v2,62,62,0,0,true,3488557,0.978805,33,3488557,0,true,true,classifier,true,yolo26n_background_catalog_scored,true,104,0,0,6,14,9,4,11,0,0,6,16,2446,67435,105713.848485,886532,reviewed,matched,true,auto_confirmed
session_561281a38a2e7c15,S,2026-08-02,4,99,adb-observer,1,142.625,final-capture-complete,3,complete,3,complete,auction-protocol-v2,47,47,0,0,true,6219462,0.991621,45,6219462,0,true,true,classifier,true,yolo26n_background_catalog_scored,true,163,0,0,9,11,16,9,3,5,9,9,19,2446,85093,138210.266667,1083805,reviewed,matched,true,auto_confirmed
session_30b71fde033d07fc,S,2026-08-02,4,100,adb-observer,1,220.109,final-capture-complete,5,needs_review,3,complete,auction-protocol-v2,77,77,0,0,true,5941171,0.993536,55,5941171,0,true,true,classifier,true,yolo26n_background_catalog_scored,true,211,1,3,14,20,15,6,4,7,7,11,26,1420,69744,108021.290909,1635681,reviewed,matched,true,auto_confirmed
session_59b0483e5bc488b1,S,2026-08-02,4,101,adb-observer,1,50.969,final-capture-complete,1,complete,3,complete,auction-protocol-v2,17,17,0,0,true,2510407,0.991467,25,2510407,0,true,true,classifier,true,yolo26n_background_catalog_scored,true,81,0,0,5,5,10,5,2,6,4,2,11,1420,71497,100416.28,302326,reviewed,matched,true,auto_confirmed
session_bc18fc6527045e7e,S,2026-08-02,4,102,adb-observer,1,68.141,final-capture-complete,1,needs_review,3,complete,auction-protocol-v2,19,18,1,0,true,5478210,0.987938,34,5470060,-8150,false,true,classifier,true,yolo26n_background_catalog_scored,true,114,1,0,8,11,8,7,10,3,3,2,16,1814,60614.0,160884.117647,2999999,final_total_conflict,mismatched,false,conflict
session_712bfe94a1f111e0,S,2026-08-02,4,103,adb-observer,1,64.656,final-capture-complete,1,complete_with_identity_review,3,complete,auction-protocol-v2,18,17,1,0,true,3288542,0.985892,37,3288542,0,true,true,classifier,true,yolo26n_background_catalog_scored,true,133,2,0,8,11,11,7,10,1,1,5,20,1814,71497,88879.513514,452757,reviewed,matched,true,auto_confirmed
session_cc199eefd8a620ee,S,2026-08-02,4,104,adb-observer,1,69.312,final-capture-complete,1,complete,3,complete,auction-protocol-v2,21,18,3,0,true,2959969,0.997456,21,2959969,0,true,true,classifier,true,yolo26n_background_catalog_scored,true,62,0,0,5,7,6,3,4,5,1,4,7,7982,73106,140950.904762,1561430,reviewed,matched,true,auto_confirmed
session_47bbcfb3d121a877,S,2026-08-02,4,105,adb-observer,1,166.75,final-capture-complete,4,complete_with_identity_review,3,complete,auction-protocol-v2,71,63,8,0,true,5156153,0.99755,34,5156153,0,true,true,classifier,true,yolo26n_background_catalog_scored,true,105,1,0,9,13,5,7,8,4,3,5,14,1420,59595.5,151651.558824,2685114,reviewed,matched,true,auto_confirmed
session_b4cccdfde6bd38e0,S,2026-08-02,4,106,adb-observer,1,73.297,final-capture-complete,1,complete,3,complete,auction-protocol-v2,17,17,0,0,true,4914815,0.995164,30,4914815,0,true,true,classifier,true,yolo26n_background_catalog_scored,true,95,0,0,8,8,9,5,10,3,3,4,10,8454,84557.0,163827.166667,1486670,reviewed,matched,true,auto_confirmed
session_8625a3bada7d7e2f,S,2026-08-02,4,107,adb-observer,1,242.734,final-capture-complete,4,needs_review,3,complete,auction-protocol-v2,63,63,0,0,true,4815015,0.987634,60,4815015,0,true,true,classifier,true,yolo26n_background_catalog_scored,true,194,0,3,24,17,11,8,10,11,6,6,27,1420,44290.0,80250.25,489972,reviewed,matched,true,auto_confirmed
session_4181d536f87e05d1,S,2026-08-02,4,108,adb-observer,1,100.687,final-capture-complete,2,needs_review,3,complete,auction-protocol-v2,32,30,2,0,true,4382010,0.995761,34,4865297,483287,false,true,classifier,true,yolo26n_background_catalog_scored,true,110,1,0,8,13,7,6,7,2,3,6,16,2446,70011.0,143096.970588,1956574,final_total_conflict,mismatched,false,conflict
session_0c4243cf24168ae4,S,2026-08-02,4,109,adb-observer,1,145.25,final-capture-complete,3,needs_review,3,complete,auction-protocol-v2,48,47,1,0,true,4887036,0.98986,60,5248047,361011,false,true,classifier,true,yolo26n_background_catalog_scored,true,172,1,0,17,24,13,6,16,5,10,6,23,2446,60316.0,87467.45,540336,final_total_conflict,mismatched,false,conflict
session_b8a18bc481a59bc9,S,2026-08-02,4,110,adb-observer,1,167.297,final-capture-complete,4,complete,3,complete,auction-protocol-v2,63,62,1,0,true,2702908,0.990242,28,2702908,0,true,true,classifier,true,yolo26n_background_catalog_scored,true,87,0,0,8,8,9,3,3,5,4,3,13,4507,74740.5,96532.428571,302326,reviewed,matched,true,auto_confirmed
session_36cf1b004cdab731,S,2026-08-02,4,111,adb-observer,1,193.125,final-capture-complete,5,complete,3,complete,auction-protocol-v2,77,77,0,0,true,3363149,0.995065,26,3363149,0,true,true,classifier,true,yolo26n_background_catalog_scored,true,80,0,0,6,7,11,2,5,4,4,5,8,5567,94510.0,129351.884615,706471,reviewed,matched,true,auto_confirmed
session_eab382fddf455f7c,S,2026-08-02,4,112,adb-observer,1,64.578,final-capture-complete,1,complete,3,complete,auction-protocol-v2,17,17,0,0,true,3969129,0.997436,27,3969129,0,true,true,classifier,true,yolo26n_background_catalog_scored,true,96,0,0,3,12,8,4,4,4,1,4,14,11916,79737,147004.777778,1293299,reviewed,matched,true,auto_confirmed
session_ea09eebc510281ff,S,2026-08-02,4,113,adb-observer,1,51.328,final-capture-complete,1,needs_review,3,complete,auction-protocol-v2,18,18,0,0,true,984081,0.989612,13,998639,14558,false,true,classifier,true,yolo26n_background_catalog_scored,true,40,2,0,3,3,4,3,4,1,1,2,5,2446,60614,76818.384615,247007,final_total_conflict,mismatched,false,conflict
session_cb5ee2cb90c7fc28,S,2026-08-02,4,114,adb-observer,1,200.234,final-capture-complete,4,needs_review,3,complete,auction-protocol-v2,63,62,1,0,true,5798161,0.988768,59,8594787,2796626,false,true,classifier,true,yolo26n_background_catalog_scored,true,207,2,0,13,22,20,4,12,6,6,6,29,2446,79737,145674.355932,2999999,final_total_conflict,mismatched,false,conflict
session_566b85e3d60022a7,S,2026-08-02,4,115,adb-observer,1,275.906,final-capture-complete,5,needs_review,3,complete,auction-protocol-v2,80,77,3,0,true,6227542,0.976192,54,6227542,0,true,true,classifier,true,yolo26n_background_catalog_scored,true,177,1,1,14,12,16,12,11,7,7,6,23,2446,60614.0,115324.851852,1080961,reviewed,matched,true,auto_confirmed
session_b88845e3d5d688a9,S,2026-08-02,5,116,adb-observer,1,85.484,final-capture-complete,2,complete,3,complete,auction-protocol-v2,32,32,0,0,true,2855913,0.991618,10,2855913,0,true,true,classifier,true,yolo26n_background_catalog_scored,true,36,0,0,2,3,3,2,2,0,0,1,7,2446,117069.5,285591.3,1956574,reviewed,matched,true,auto_confirmed
session_8b13fc360cd23915,S,2026-08-02,5,117,adb-observer,1,240.641,final-capture-complete,5,complete_with_identity_review,3,complete,auction-protocol-v2,78,78,0,0,true,6053155,0.993644,43,6053155,0,true,true,classifier,true,yolo26n_background_catalog_scored,true,142,1,0,14,12,8,9,10,3,6,6,18,3747,47954,140771.046512,1486670,reviewed,matched,true,auto_confirmed
session_52b99535827b80af,S,2026-08-02,5,118,adb-observer,1,110.953,final-capture-complete,2,complete,3,complete,auction-protocol-v2,34,32,2,0,true,4585343,0.97675,25,4585343,0,true,true,classifier,true,yolo26n_background_catalog_scored,true,96,0,0,4,7,9,5,2,2,2,2,17,3747,96008,183413.72,1733281,reviewed,matched,true,auto_confirmed
session_a60f397078169365,S,2026-08-02,5,119,adb-observer,1,55.547,final-capture-complete,1,complete_with_identity_review,3,complete,auction-protocol-v2,19,18,1,0,true,3231682,0.98175,19,3231682,0,true,true,classifier,true,yolo26n_background_catalog_scored,true,61,1,0,5,4,7,3,8,1,0,3,7,3844,102347,170088.526316,886532,reviewed,matched,true,auto_confirmed
session_f95ec3ed252eba7e,S,2026-08-02,5,120,adb-observer,1,70.156,final-capture-complete,1,complete_with_identity_review,3,complete,auction-protocol-v2,19,18,1,0,true,5817427,0.986808,47,5817427,0,true,true,classifier,true,yolo26n_background_catalog_scored,true,142,1,0,9,18,14,6,9,6,6,10,16,1814,79737,123775.042553,799999,reviewed,matched,true,auto_confirmed
session_6056a63fa838ea54,S,2026-08-02,5,121,adb-observer,1,166.828,final-capture-complete,5,complete,3,complete,auction-protocol-v2,85,77,8,0,true,3680956,0.9947,13,3680956,0,true,true,classifier,true,yolo26n_background_catalog_scored,true,55,0,0,1,5,3,4,2,1,0,0,10,5567,96008,283150.461538,1307336,reviewed,matched,true,auto_confirmed
session_2b2edf54fb977109,S,2026-08-02,5,122,adb-observer,1,199.953,final-capture-complete,5,complete,3,complete,auction-protocol-v2,77,77,0,0,true,4142472,0.998885,35,4142472,0,true,true,classifier,true,yolo26n_background_catalog_scored,true,109,0,0,6,10,11,8,10,2,4,6,13,1814,73106,118356.342857,540336,reviewed,matched,true,auto_confirmed
session_9e15bee5a30f735e,S,2026-08-02,5,123,adb-observer,1,59.75,final-capture-complete,1,complete,3,complete,auction-protocol-v2,17,16,1,0,true,1782693,0.98749,17,1782693,0,true,true,classifier,true,yolo26n_background_catalog_scored,true,57,0,0,3,5,7,2,3,4,1,2,7,6271,61123,104864.294118,247007,reviewed,matched,true,auto_confirmed
session_1f29642ab270e04c,S,2026-08-02,5,124,adb-observer,1,49.14,final-capture-complete,1,complete,3,complete,auction-protocol-v2,19,17,2,0,true,2494621,0.996603,19,2494621,0,true,true,classifier,true,yolo26n_background_catalog_scored,true,52,0,0,4,5,8,2,9,1,1,0,8,1814,110503,131295.842105,659511,reviewed,matched,true,auto_confirmed
session_2598d26b0f1519cb,S,2026-08-02,5,125,adb-observer,1,233.359,final-capture-complete,4,needs_review,3,complete,auction-protocol-v2,62,62,0,0,true,4447165,0.98398,48,4973412,526247,false,true,classifier,true,yolo26n_background_catalog_scored,true,157,3,0,12,17,10,9,8,8,4,11,17,1420,54848.0,103612.75,1307336,final_total_conflict,mismatched,false,conflict
session_482fec9a5ee783d8,S,2026-08-02,5,126,adb-observer,1,92.922,final-capture-complete,2,complete,3,complete,auction-protocol-v2,35,32,3,0,true,2529444,0.994448,24,2529444,0,true,true,classifier,true,yolo26n_background_catalog_scored,true,86,0,0,3,12,6,3,6,1,1,4,12,5567,95398.5,105393.5,226538,reviewed,matched,true,auto_confirmed
session_e1dc0c2f7bf9ec09,S,2026-08-02,5,127,adb-observer,1,229.765,final-capture-complete,5,complete,3,complete,auction-protocol-v2,80,78,2,0,true,3997394,0.985801,39,3997394,0,true,true,classifier,true,yolo26n_background_catalog_scored,true,120,0,0,10,11,14,4,10,5,3,7,14,1814,85093,102497.282051,776546,reviewed,matched,true,auto_confirmed
session_122f477a3e7c4db0,S,2026-08-02,5,128,adb-observer,1,52.813,final-capture-complete,1,complete,3,complete,auction-protocol-v2,18,17,1,0,true,2501830,0.98949,29,2501830,0,true,true,classifier,true,yolo26n_background_catalog_scored,true,95,0,0,5,11,10,3,6,3,3,5,12,2360,67435,86270.0,240927,reviewed,matched,true,auto_confirmed
session_e441a6af53ebf53e,S,2026-08-02,5,129,adb-observer,1,160.266,final-capture-complete,3,needs_review,3,complete,auction-protocol-v2,47,47,0,0,true,4976418,0.994069,50,4976418,0,true,true,classifier,true,yolo26n_background_catalog_scored,true,161,0,2,6,18,18,8,9,5,5,6,25,2360,70887.5,99528.36,364855,reviewed,matched,true,auto_confirmed
session_c154da1a3557e387,S,2026-08-02,5,130,adb-observer,1,226.015,final-capture-complete,4,needs_review,3,complete,auction-protocol-v2,61,61,0,0,true,6883884,0.986559,39,6889555,5671,false,true,classifier,true,yolo26n_background_catalog_scored,true,131,2,0,6,14,10,9,7,6,3,4,19,1420,67435,176655.25641,2557820,final_total_conflict,mismatched,false,conflict
session_6e9532b767c506c5,S,2026-08-02,5,131,adb-observer,1,76.813,final-capture-complete,2,complete,3,complete,auction-protocol-v2,32,32,0,0,true,1013607,0.995022,10,1013607,0,true,true,classifier,true,yolo26n_background_catalog_scored,true,36,0,0,1,4,4,1,1,2,0,4,3,1420,112809.0,101360.7,240927,reviewed,matched,true,auto_confirmed
session_261d090885631413,S,2026-08-02,5,132,adb-observer,1,169.11,final-capture-complete,4,complete,3,complete,auction-protocol-v2,59,58,1,0,true,1938144,0.994521,21,1938144,0,true,true,classifier,true,yolo26n_background_catalog_scored,true,61,0,0,4,8,6,3,3,3,1,5,9,3797,69744,92292.571429,281034,reviewed,matched,true,auto_confirmed
session_021702fa9dc04d31,S,2026-08-02,5,133,adb-observer,1,187.672,final-capture-complete,5,complete,3,complete,auction-protocol-v2,77,77,0,0,true,3083781,0.988646,28,3083781,0,true,true,classifier,true,yolo26n_background_catalog_scored,true,81,0,0,6,10,8,4,5,2,6,6,9,2446,86233.5,110135.035714,776546,reviewed,matched,true,auto_confirmed
session_e6db31ddd5636792,S,2026-08-02,5,134,adb-observer,1,219.156,final-capture-complete,5,complete,3,complete,auction-protocol-v2,77,77,0,0,true,3247739,0.986956,34,3247739,0,true,true,classifier,true,yolo26n_background_catalog_scored,true,106,0,0,7,13,10,4,4,6,2,5,17,1420,70011.0,95521.735294,659511,reviewed,matched,true,auto_confirmed
session_e675a726382786dd,S,2026-08-02,5,135,adb-observer,1,214.047,final-capture-complete,5,needs_review,3,complete,auction-protocol-v2,77,77,0,0,true,5849052,0.991295,35,8846691,2997639,false,true,classifier,true,yolo26n_background_catalog_scored,true,121,2,0,7,9,14,5,7,2,4,9,13,1814,115115,252762.6,2999999,final_total_conflict,mismatched,false,conflict
session_358562f475e2e667,S,2026-08-02,5,136,adb-observer,1,80.656,final-capture-complete,2,complete,3,complete,auction-protocol-v2,34,32,2,0,true,3431435,0.996924,10,3431435,0,true,true,classifier,true,yolo26n_background_catalog_scored,true,29,0,0,1,4,3,2,3,1,0,0,6,2360,88902.0,343143.5,2685114,reviewed,matched,true,auto_confirmed
session_c1923c6738185c00,S,2026-08-02,6,137,adb-observer,1,118.313,final-capture-complete,2,complete,3,complete,auction-protocol-v2,31,30,1,0,true,3208388,0.965885,39,3208388,0,true,true,classifier,true,yolo26n_background_catalog_scored,true,114,0,0,10,16,11,2,6,9,4,4,16,1420,61123,82266.358974,302326,reviewed,matched,true,auto_confirmed
session_1fc8f2add74e7526,S,2026-08-02,6,138,adb-observer,1,105.656,final-capture-complete,2,complete,3,complete,auction-protocol-v2,32,32,0,0,true,6851437,0.985214,35,6851437,0,true,true,classifier,true,yolo26n_background_catalog_scored,true,102,0,0,8,13,9,5,7,4,4,7,13,1420,67435,195755.342857,2539483,reviewed,matched,true,auto_confirmed
session_bd1efb79546ec57b,S,2026-08-02,6,139,adb-observer,1,51.109,final-capture-complete,1,complete,3,complete,auction-protocol-v2,19,17,2,0,true,2250181,0.999357,25,2250181,0,true,true,classifier,true,yolo26n_background_catalog_scored,true,77,0,0,6,9,6,4,8,1,1,5,10,1814,44974,90007.24,438654,reviewed,matched,true,auto_confirmed
session_8cd340ba55cb5b62,S,2026-08-02,6,140,adb-observer,1,196.406,final-capture-complete,4,complete,3,complete,auction-protocol-v2,61,61,0,0,true,4355856,0.988898,28,4355856,0,true,true,classifier,true,yolo26n_background_catalog_scored,true,69,0,0,3,8,10,7,11,4,1,6,6,1814,70620.5,155566.285714,1635681,reviewed,matched,true,auto_confirmed
session_a3442d8407b6cf79,S,2026-08-02,6,141,adb-observer,1,58.968,final-capture-complete,1,complete_with_identity_review,3,complete,auction-protocol-v2,17,17,0,0,true,4064608,0.980978,26,4064608,0,true,true,classifier,true,yolo26n_background_catalog_scored,true,95,1,0,3,12,4,7,6,3,2,4,11,4507,67114.5,156331.076923,1080961,reviewed,matched,true,auto_confirmed
session_8319ada1d0eacd34,S,2026-08-02,6,142,adb-observer,1,120.953,final-capture-complete,2,complete,3,complete,auction-protocol-v2,35,32,3,0,true,5505676,0.977572,35,5505676,0,true,true,classifier,true,yolo26n_background_catalog_scored,true,109,0,0,9,11,7,8,9,6,1,5,14,1814,60018,157305.028571,1293299,reviewed,matched,true,auto_confirmed
session_7f2e91fea874eed0,S,2026-08-02,6,143,adb-observer,1,123.766,final-capture-complete,3,complete,3,complete,auction-protocol-v2,46,45,1,0,true,1208483,0.990588,10,1208483,0,true,true,classifier,true,yolo26n_background_catalog_scored,true,38,0,0,1,3,5,1,1,2,1,1,5,1420,122935.5,120848.3,225664,reviewed,matched,true,auto_confirmed
session_57b722a297ad7943,S,2026-08-02,6,144,adb-observer,1,193.219,final-capture-complete,3,complete,3,complete,auction-protocol-v2,46,44,2,0,true,957833,0.991714,10,957833,0,true,true,classifier,true,yolo26n_background_catalog_scored,true,32,0,0,1,4,3,2,0,5,0,1,4,7982,70270.5,95783.3,284912,reviewed,matched,true,auto_confirmed
session_0247784bd63af9ee,S,2026-08-02,6,145,adb-observer,1,73.906,final-capture-complete,1,complete_with_identity_review,3,complete,auction-protocol-v2,18,18,0,0,true,7135678,0.986054,52,7135678,0,true,true,classifier,true,yolo26n_background_catalog_scored,true,164,1,0,13,16,10,13,13,5,6,6,22,1420,46464.0,137224.576923,1083805,reviewed,matched,true,auto_confirmed
session_3663b1076e37582d,S,2026-08-02,6,146,adb-observer,1,258.25,final-capture-complete,5,needs_review,3,complete,auction-protocol-v2,76,76,0,0,true,2747617,0.992498,30,3230904,483287,false,true,classifier,true,yolo26n_background_catalog_scored,true,107,1,0,6,11,11,2,5,3,5,2,15,4507,72301.5,107696.8,489972,final_total_conflict,mismatched,false,conflict
session_5274b1463bc453e7,S,2026-08-02,6,147,adb-observer,1,85.906,final-capture-complete,1,needs_review,3,complete,auction-protocol-v2,17,17,0,0,true,3994481,0.991548,49,6966163,2971682,false,true,classifier,true,yolo26n_background_catalog_scored,true,174,1,0,12,16,11,10,10,6,4,12,17,1420,69744,142166.591837,2999999,final_total_conflict,mismatched,false,conflict
session_c299e6950c794388,S,2026-08-02,6,148,adb-observer,1,63.204,final-capture-complete,1,complete,3,complete,auction-protocol-v2,17,17,0,0,true,4931371,0.998278,27,4931371,0,true,true,classifier,true,yolo26n_background_catalog_scored,true,90,0,0,4,10,9,4,4,3,3,5,12,1420,96008,182643.37037,1635681,reviewed,matched,true,auto_confirmed
session_47c23278eb5e132c,S,2026-08-02,6,149,adb-observer,1,184.109,final-capture-complete,4,complete_with_identity_review,3,complete,auction-protocol-v2,62,62,0,0,true,3347896,0.982141,30,3347896,0,true,true,classifier,true,yolo26n_background_catalog_scored,true,119,1,0,5,10,8,7,3,2,3,4,18,2360,46464.0,111596.533333,713390,reviewed,matched,true,auto_confirmed
session_d41bbd3a34917884,S,2026-08-02,6,150,adb-observer,1,52.234,final-capture-complete,1,complete,3,complete,auction-protocol-v2,17,17,0,0,true,2162527,0.998887,13,2162527,0,true,true,classifier,true,yolo26n_background_catalog_scored,true,43,0,0,1,3,6,3,1,3,1,1,7,4507,73106,166348.230769,1083805,reviewed,matched,true,auto_confirmed
session_6cbdae0d6cc95ff1,S,2026-08-02,6,151,adb-observer,1,111.531,final-capture-complete,3,complete,3,complete,auction-protocol-v2,47,47,0,0,true,1063814,0.991399,10,1063814,0,true,true,classifier,true,yolo26n_background_catalog_scored,true,24,0,0,1,3,5,1,1,3,2,1,3,7279,107852.5,106381.4,188499,reviewed,matched,true,auto_confirmed
session_bee3516317a8fe28,S,2026-08-02,6,152,adb-observer,1,47.359,final-capture-complete,1,complete,3,complete,auction-protocol-v2,18,17,1,0,true,955973,0.989056,10,955973,0,true,true,classifier,true,yolo26n_background_catalog_scored,true,40,0,0,1,3,5,1,0,1,2,1,6,3797,96413.5,95597.3,182546,reviewed,matched,true,auto_confirmed
session_e5104d7d5ac342d0,S,2026-08-02,6,153,adb-observer,1,113.453,final-capture-complete,2,complete_with_identity_review,3,complete,auction-protocol-v2,33,32,1,0,true,5735600,0.975807,60,5735600,0,true,true,classifier,true,yolo26n_background_catalog_scored,true,194,1,0,16,21,14,9,15,5,1,14,25,1814,68589.5,95593.333333,630423,reviewed,matched,true,auto_confirmed
session_32e9df2f5dc63a1a,S,2026-08-02,6,154,adb-observer,1,177.469,final-capture-complete,4,complete,3,complete,auction-protocol-v2,59,58,1,0,true,6542827,0.9789,23,6542827,0,true,true,classifier,true,yolo26n_background_catalog_scored,true,80,0,0,2,6,9,6,4,1,3,2,13,7982,138522,284470.73913,1733281,reviewed,matched,true,auto_confirmed
session_ff4bf6434c4ac36b,S,2026-08-02,6,155,adb-observer,1,48.844,final-capture-complete,1,complete,3,complete,auction-protocol-v2,17,17,0,0,true,2382702,0.993329,16,2382702,0,true,true,classifier,true,yolo26n_background_catalog_scored,true,55,0,0,2,7,4,3,2,4,0,3,7,2360,73106.0,148918.875,1083805,reviewed,matched,true,auto_confirmed
session_d20deb7d625340f6,S,2026-08-02,6,156,adb-observer,1,94.469,final-capture-complete,2,complete,3,complete,auction-protocol-v2,34,32,2,0,true,2620452,0.997312,20,2620452,0,true,true,classifier,true,yolo26n_background_catalog_scored,true,60,0,0,2,9,6,3,3,4,3,7,3,4507,98067.0,131022.6,878245,reviewed,matched,true,auto_confirmed
session_f03c15053925705b,S,2026-08-02,6,157,adb-observer,1,51.64,final-capture-complete,1,complete,3,complete,auction-protocol-v2,17,17,0,0,true,4696143,0.994145,23,4696143,0,true,true,classifier,true,yolo26n_background_catalog_scored,true,66,0,0,4,11,4,4,4,2,4,5,8,3844,96008,204180.130435,2685114,reviewed,matched,true,auto_confirmed
session_06559bbe58615f27,S,2026-08-02,6,158,adb-observer,1,70.547,final-capture-complete,1,complete,3,complete,auction-protocol-v2,18,17,1,0,true,4114154,0.993373,45,4114154,0,true,true,classifier,true,yolo26n_background_catalog_scored,true,149,0,0,7,19,16,3,12,2,2,3,26,2360,79737,91425.644444,240927,reviewed,matched,true,auto_confirmed
session_cb2380aac3034f63,S,2026-08-02,6,159,adb-observer,1,51.672,final-capture-complete,1,complete,3,complete,auction-protocol-v2,18,17,1,0,true,1029898,0.997141,12,1029898,0,true,true,classifier,true,yolo26n_background_catalog_scored,true,47,0,0,2,4,4,2,2,2,0,2,6,3747,72301.5,85824.833333,224110,reviewed,matched,true,auto_confirmed
session_d397d6388a6f7cc9,S,2026-08-02,6,160,adb-observer,1,46.922,final-capture-complete,1,complete,3,complete,auction-protocol-v2,19,18,1,0,true,827186,0.987843,10,827186,0,true,true,classifier,true,yolo26n_background_catalog_scored,true,30,0,0,1,3,3,3,2,0,3,1,4,5567,39574.0,82718.6,226538,reviewed,matched,true,auto_confirmed
session_d3c415256bd99d07,S,2026-08-02,6,161,adb-observer,1,55.11,final-capture-complete,1,complete,3,complete,auction-protocol-v2,18,16,2,0,true,3053083,0.986179,22,3053083,0,true,true,classifier,true,yolo26n_background_catalog_scored,true,86,0,0,8,6,6,2,2,3,0,9,8,6271,69466.0,138776.5,1293299,reviewed,matched,true,auto_confirmed
session_470e16ef8444e1d0,S,2026-08-02,6,162,adb-observer,1,164.75,final-capture-complete,4,needs_review,3,complete,auction-protocol-v2,58,57,1,0,true,3700985,0.983874,30,3729117,28132,false,true,classifier,true,yolo26n_background_catalog_scored,true,99,0,0,5,8,11,6,7,4,2,8,9,3747,82918.0,124303.9,1083805,final_total_conflict,mismatched,false,conflict
session_b4b7c91f2a842c7b,S,2026-08-02,7,163,adb-observer,1,121.141,final-capture-complete,1,complete,3,complete,auction-protocol-v2,15,14,1,0,true,3550960,0.981311,29,3550960,0,true,true,classifier,true,yolo26n_background_catalog_scored,true,107,0,0,3,9,10,7,6,3,1,3,16,2360,79737,122446.896552,1307336,reviewed,matched,true,auto_confirmed
session_c61f78d25b366437,S,2026-08-02,7,164,adb-observer,1,198.078,final-capture-complete,4,needs_review,3,complete,auction-protocol-v2,67,62,5,0,true,10086,0.98987,60,4943135,4933049,false,true,classifier,true,yolo26n_background_catalog_scored,true,203,0,1,13,20,21,6,11,8,5,7,29,2446,70270.5,82385.583333,302326,final_total_conflict,mismatched,false,conflict
session_a21682cf67f17b37,S,2026-08-02,7,165,adb-observer,1,227.515,final-capture-complete,5,needs_review,3,complete,auction-protocol-v2,80,77,3,0,true,5637871,0.939144,50,5570436,-67435,false,true,classifier,true,yolo26n_background_catalog_scored,true,166,0,0,7,19,16,8,8,14,0,4,24,1420,70011.0,111408.72,1307336,final_total_conflict,mismatched,false,conflict
session_e5cfa4c216472717,S,2026-08-02,7,166,adb-observer,1,206.969,final-capture-complete,5,complete,3,complete,auction-protocol-v2,79,77,2,0,true,3519759,0.981988,12,3519759,0,true,true,classifier,true,yolo26n_background_catalog_scored,true,41,0,0,1,4,5,2,2,0,1,4,5,3797,112809.0,293313.25,2394967,reviewed,matched,true,auto_confirmed
session_37cb8551e560568d,S,2026-08-02,7,167,adb-observer,1,78.594,final-capture-complete,1,complete,3,complete,auction-protocol-v2,17,17,0,0,true,2973946,0.992517,31,2973946,0,true,true,classifier,true,yolo26n_background_catalog_scored,true,94,0,0,7,6,13,5,8,3,5,4,11,1814,79737,95933.741935,302326,reviewed,matched,true,auto_confirmed
session_e99047f3c291343d,S,2026-08-02,7,168,adb-observer,1,53.218,final-capture-complete,1,complete,3,complete,auction-protocol-v2,18,17,1,0,true,1071983,0.999575,11,1071983,0,true,true,classifier,true,yolo26n_background_catalog_scored,true,35,0,0,1,3,5,2,1,2,2,2,4,6685,85093,97453.0,302326,reviewed,matched,true,auto_confirmed
session_e4284f08aa118101,S,2026-08-02,7,169,adb-observer,1,84.89,final-capture-complete,2,complete_with_identity_review,3,complete,auction-protocol-v2,39,33,6,0,true,2890136,0.999526,20,2890136,0,true,true,classifier,true,yolo26n_background_catalog_scored,true,76,1,0,3,6,7,4,1,1,4,2,12,1420,94915.5,144506.8,1080961,reviewed,matched,true,auto_confirmed
session_dae84949e97fd213,S,2026-08-02,7,170,adb-observer,1,165.25,final-capture-complete,4,complete,3,complete,auction-protocol-v2,57,56,1,0,true,2915845,0.991464,10,2915845,0,true,true,classifier,true,yolo26n_background_catalog_scored,true,33,0,0,1,3,4,2,2,1,0,2,5,1420,131279.0,291584.5,1956574,reviewed,matched,true,auto_confirmed
session_f3b4f3cdb7dc9276,S,2026-08-02,7,171,adb-observer,1,47.328,final-capture-complete,1,complete,3,complete,auction-protocol-v2,17,16,1,0,true,1262450,0.99741,14,1262450,0,true,true,classifier,true,yolo26n_background_catalog_scored,true,61,0,0,2,6,4,2,2,0,1,3,8,2360,69744.0,90175.0,240927,reviewed,matched,true,auto_confirmed
session_f0e9e33b0fd7ebbc,S,2026-08-02,7,172,adb-observer,1,203.328,final-capture-complete,5,complete,3,complete,auction-protocol-v2,78,78,0,0,true,6486061,0.987884,36,6486061,0,true,true,classifier,true,yolo26n_background_catalog_scored,true,105,0,0,5,12,13,6,6,4,5,6,15,2446,96008.0,180168.361111,2999999,reviewed,matched,true,auto_confirmed
session_134d9fcb21204d48,S,2026-08-02,7,173,adb-observer,1,62.563,final-capture-complete,1,complete,3,complete,auction-protocol-v2,18,17,1,0,true,4102283,0.993077,38,4102283,0,true,true,classifier,true,yolo26n_background_catalog_scored,true,132,0,0,14,5,14,5,8,4,4,3,19,2446,60570.5,107954.815789,992601,reviewed,matched,true,auto_confirmed
session_ab6a1aaf9d573396,S,2026-08-02,7,174,adb-observer,1,209.609,final-capture-complete,5,needs_review,3,complete,auction-protocol-v2,79,77,2,0,true,3643093,0.988917,36,3643093,0,true,true,classifier,true,yolo26n_background_catalog_scored,true,115,0,3,7,12,15,2,6,7,1,6,16,1814,70620.5,101197.027778,281034,reviewed,matched,true,auto_confirmed
session_17d0f30ca726a741,S,2026-08-02,7,175,adb-observer,1,46.375,final-capture-complete,1,complete_with_identity_review,3,complete,auction-protocol-v2,17,15,2,0,true,805153,0.99687,10,805153,0,true,true,classifier,true,yolo26n_background_catalog_scored,true,33,1,0,1,4,3,2,2,0,2,3,3,8454,81237.0,80515.3,225664,reviewed,matched,true,auto_confirmed
session_10e60eae37742d3d,S,2026-08-02,7,176,adb-observer,1,175.969,final-capture-complete,4,complete,3,complete,auction-protocol-v2,56,54,2,0,true,3279100,0.998469,33,3279100,0,true,true,classifier,true,yolo26n_background_catalog_scored,true,118,0,0,4,18,7,4,5,2,4,2,20,2360,71497,99366.666667,452757,reviewed,matched,true,auto_confirmed
session_8b15077bb4d3b315,S,2026-08-02,7,177,adb-observer,1,95.843,final-capture-complete,2,needs_review,3,complete,auction-protocol-v2,36,32,4,0,true,2236246,0.993562,29,2386497,150251,false,true,classifier,true,yolo26n_background_catalog_scored,true,95,1,0,5,8,13,3,7,5,1,4,12,3747,67435,82293.0,221819,final_total_conflict,mismatched,false,conflict
session_c3b3b8eea30936d8,S,2026-08-02,7,178,adb-observer,1,135.594,final-capture-complete,1,needs_review,3,complete,auction-protocol-v2,19,16,3,0,true,6929615,0.993727,47,6929615,0,true,true,classifier,true,yolo26n_background_catalog_scored,true,172,0,2,8,15,17,7,5,5,4,11,22,1420,85093,147438.617021,1878833,reviewed,matched,true,auto_confirmed
session_a7aec8336fae142a,S,2026-08-02,7,179,adb-observer,1,117.547,final-capture-complete,3,complete,3,complete,auction-protocol-v2,48,48,0,0,true,914488,0.989696,12,914488,0,true,true,classifier,true,yolo26n_background_catalog_scored,true,54,0,0,2,4,3,3,0,0,2,2,8,2446,71497.0,76207.333333,240927,reviewed,matched,true,auto_confirmed
session_a2e543441bf85646,S,2026-08-02,7,180,adb-observer,1,149.172,final-capture-complete,4,complete,3,complete,auction-protocol-v2,62,62,0,0,true,734707,0.990146,10,734707,0,true,true,classifier,true,yolo26n_background_catalog_scored,true,47,0,0,2,4,3,1,0,0,1,3,6,3747,69744.0,73470.7,240927,reviewed,matched,true,auto_confirmed
session_3959ac2db5395830,S,2026-08-02,7,181,adb-observer,1,98.25,final-capture-complete,2,complete_with_identity_review,3,complete,auction-protocol-v2,32,32,0,0,true,2660382,0.983664,31,2660382,0,true,true,classifier,true,yolo26n_background_catalog_scored,true,102,1,0,9,10,8,4,6,2,3,8,12,1814,69744,85818.774194,240927,reviewed,matched,true,auto_confirmed
session_20588dd7a24d9a91,S,2026-08-02,7,182,adb-observer,1,122.109,final-capture-complete,3,complete,3,complete,auction-protocol-v2,47,47,0,0,true,881560,0.984742,10,881560,0,true,true,classifier,true,yolo26n_background_catalog_scored,true,25,0,0,1,4,3,2,2,2,2,0,4,1420,60316.0,88156.0,281034,reviewed,matched,true,auto_confirmed
session_d289aa0483cd834a,S,2026-08-02,7,183,adb-observer,1,114.391,final-capture-complete,2,needs_review,3,complete,auction-protocol-v2,30,28,2,0,true,3948871,0.990395,47,3977003,28132,false,true,classifier,true,yolo26n_background_catalog_scored,true,158,1,0,5,21,10,11,9,4,2,14,18,3797,73106,84617.085106,284912,final_total_conflict,mismatched,false,conflict
session_8281f232dc11acb9,S,2026-08-02,7,184,adb-observer,1,156.187,final-capture-complete,4,complete_with_identity_review,3,complete,auction-protocol-v2,62,62,0,0,true,3791621,0.993508,25,3791621,0,true,true,classifier,true,yolo26n_background_catalog_scored,true,79,1,0,7,4,8,6,4,3,6,3,9,1420,44974,151664.84,1587435,reviewed,matched,true,auto_confirmed
session_b7ea2bf922dd3ca6,S,2026-08-02,8,185,adb-observer,1,81.953,final-capture-complete,2,complete,3,complete,auction-protocol-v2,32,32,0,0,true,3024963,0.990689,17,3024963,0,true,true,classifier,true,yolo26n_background_catalog_scored,true,59,0,0,3,5,6,3,4,0,4,2,7,3844,92730,177939.0,1486670,reviewed,matched,true,auto_confirmed
session_2eaf0975ba00bb5f,S,2026-08-02,8,186,adb-observer,1,225.812,final-capture-complete,5,complete,3,complete,auction-protocol-v2,76,76,0,0,true,1523063,0.982713,15,1523063,0,true,true,classifier,true,yolo26n_background_catalog_scored,true,57,0,0,3,5,6,1,1,1,1,4,8,3844,85093,101537.533333,302326,reviewed,matched,true,auto_confirmed
session_d776840adeaaf26e,S,2026-08-02,8,187,adb-observer,1,189.703,final-capture-complete,5,complete,3,complete,auction-protocol-v2,77,77,0,0,true,3131833,0.99782,25,3131833,0,true,true,classifier,true,yolo26n_background_catalog_scored,true,73,0,0,5,4,12,4,7,4,0,7,7,3797,102347,125273.32,630423,reviewed,matched,true,auto_confirmed
session_3287d07f1ccc1748,S,2026-08-02,8,188,adb-observer,1,178.828,final-capture-complete,4,complete,3,complete,auction-protocol-v2,63,61,2,0,true,4410342,0.998896,16,4410342,0,true,true,classifier,true,yolo26n_background_catalog_scored,true,57,0,0,2,6,5,3,5,0,1,2,8,3844,94656.5,275646.375,2999999,reviewed,matched,true,auto_confirmed
session_831ef913f9015997,S,2026-08-02,8,189,adb-observer,1,83.172,final-capture-complete,1,complete,3,complete,auction-protocol-v2,17,17,0,0,true,5003585,0.972552,60,5003585,0,true,true,classifier,true,yolo26n_background_catalog_scored,true,203,0,0,15,20,21,4,9,12,4,6,29,2446,60316.0,83393.083333,302326,reviewed,matched,true,auto_confirmed
session_42c55f3cefe4edba,S,2026-08-02,8,190,adb-observer,1,64.031,final-capture-complete,1,complete,3,complete,auction-protocol-v2,17,16,1,0,true,4944489,0.989759,36,4944489,0,true,true,classifier,true,yolo26n_background_catalog_scored,true,133,0,0,4,17,10,5,6,2,2,5,21,3797,83143.0,137346.916667,1878833,reviewed,matched,true,auto_confirmed
session_8b212ce44f375c34,S,2026-08-02,8,191,adb-observer,1,194.719,final-capture-complete,4,needs_review,3,complete,auction-protocol-v2,63,63,0,0,true,11848208,0.999042,60,11871934,23726,false,true,classifier,true,yolo26n_background_catalog_scored,true,192,2,0,15,17,15,13,18,4,4,14,20,1814,60868.5,197865.566667,1733281,final_total_conflict,mismatched,false,conflict
session_73906d940dc62d66,S,2026-08-02,8,192,adb-observer,1,223.032,final-capture-complete,5,complete,3,complete,auction-protocol-v2,70,68,2,0,true,4491777,0.99104,25,4491777,0,true,true,classifier,true,yolo26n_background_catalog_scored,true,77,0,0,3,9,7,6,8,6,1,1,9,1420,73106,179671.08,1486670,reviewed,matched,true,auto_confirmed
session_b7782ed1a761be1d,S,2026-08-02,8,193,adb-observer,1,213.25,final-capture-complete,5,needs_review,3,complete,auction-protocol-v2,77,77,0,0,true,4186826,0.943308,39,4214958,28132,false,true,classifier,true,yolo26n_background_catalog_scored,true,144,0,3,11,10,14,4,5,7,3,5,19,1814,69744,108075.846154,499425,final_total_conflict,mismatched,false,conflict
session_49c9ba94127b5d10,S,2026-08-02,8,194,adb-observer,1,53.719,final-capture-complete,1,complete,3,complete,auction-protocol-v2,17,17,0,0,true,1292645,0.996573,10,1292645,0,true,true,classifier,true,yolo26n_background_catalog_scored,true,34,0,0,1,3,5,1,2,0,2,1,5,9053,127996.0,129264.5,302326,reviewed,matched,true,auto_confirmed
session_262d11632829c2da,S,2026-08-02,8,195,adb-observer,1,121.109,final-capture-complete,3,complete,3,complete,auction-protocol-v2,48,48,0,0,true,1809880,0.978366,22,1809880,0,true,true,classifier,true,yolo26n_background_catalog_scored,true,65,0,0,5,6,8,3,7,4,2,1,8,1420,71692.0,82267.272727,240927,reviewed,matched,true,auto_confirmed
session_abbee7f3a28fc619,S,2026-08-02,8,196,adb-observer,1,217.641,final-capture-complete,5,needs_review,3,complete,auction-protocol-v2,80,77,3,0,true,6385811,0.98825,48,5101980,-1283831,false,true,classifier,true,yolo26n_background_catalog_scored,true,152,1,1,11,15,15,7,12,6,7,6,17,1420,82415.0,106291.25,489972,final_total_conflict,mismatched,false,conflict
session_2bacf44d71b3d5f6,S,2026-08-02,8,197,adb-observer,1,175.359,final-capture-complete,3,needs_review,3,complete,auction-protocol-v2,47,47,0,0,true,5934356,0.972801,60,4644854,-1289502,false,true,classifier,true,yolo26n_background_catalog_scored,true,190,1,0,15,20,16,9,14,7,4,10,25,1814,60316.0,77414.233333,284912,final_total_conflict,mismatched,false,conflict
session_6447601f94b522e7,S,2026-08-02,8,198,adb-observer,1,900.406,max-seconds,3,,,complete,auction-protocol-v2,47,47,0,0,true,,,,,,,,,,,,,,,0,0,0,0,0,0,0,0,0,,,,,,,,
session_bb32335fe49cce48,S,2026-08-02,9,1,adb-observer,1,153.125,final-capture-complete,4,complete,3,complete,auction-protocol-v2,60,60,0,0,true,4804522,0.98607,26,4804522,0,true,true,classifier,true,yolo26n_background_catalog_scored,true,81,0,0,5,9,9,3,2,4,3,2,15,2446,103255.5,184789.307692,2394967,reviewed,matched,true,auto_confirmed
session_83069925d9dffaf6,S,2026-08-02,9,2,adb-observer,1,69.032,final-capture-complete,1,complete,3,complete,auction-protocol-v2,17,17,0,0,true,5440951,0.996167,49,5440951,0,true,true,classifier,true,yolo26n_background_catalog_scored,true,186,0,0,12,20,11,6,7,5,4,5,28,2360,60614,111039.816327,1486670,reviewed,matched,true,auto_confirmed
session_91d32dd454f3d50a,S,2026-08-02,9,3,adb-observer,1,197.094,final-capture-complete,5,complete,3,complete,auction-protocol-v2,78,78,0,0,true,2933419,0.999102,23,2933419,0,true,true,classifier,true,yolo26n_background_catalog_scored,true,59,0,0,3,7,10,3,8,4,2,3,6,3844,98067,127539.956522,878245,reviewed,matched,true,auto_confirmed
session_f482faf6a280a867,S,2026-08-02,9,4,adb-observer,1,210.563,final-capture-complete,5,complete_with_identity_review,3,complete,auction-protocol-v2,77,77,0,0,true,6656459,0.978548,37,6656459,0,true,true,classifier,true,yolo26n_background_catalog_scored,true,125,3,0,9,11,11,6,10,2,3,6,16,1420,69744,179904.297297,3061687,reviewed,matched,true,auto_confirmed
session_8ddc68b4ee7ab898,S,2026-08-02,9,5,adb-observer,1,46.329,final-capture-complete,1,complete,3,complete,auction-protocol-v2,18,17,1,0,true,878416,0.994584,12,878416,0,true,true,classifier,true,yolo26n_background_catalog_scored,true,38,0,0,1,3,5,3,3,2,0,1,6,1420,70483.0,73201.333333,175056,reviewed,matched,true,auto_confirmed
session_e4533c85deaf2e26,S,2026-08-02,9,6,adb-observer,1,68.234,final-capture-complete,1,complete_with_identity_review,3,complete,auction-protocol-v2,18,18,0,0,true,5590915,0.991642,26,5590915,0,true,true,classifier,true,yolo26n_background_catalog_scored,true,85,1,0,4,4,14,4,4,2,5,7,8,6271,142312.5,215035.192308,2557820,reviewed,matched,true,auto_confirmed
session_b31c3eb84bcc8d02,S,2026-08-02,9,7,adb-observer,1,133.344,final-capture-complete,3,needs_review,3,complete,auction-protocol-v2,43,41,2,0,true,4836788,0.969939,52,5322253,485465,false,true,classifier,true,yolo26n_background_catalog_scored,true,181,1,0,12,18,16,6,9,4,5,7,27,2446,70278.0,102351.019231,489972,final_total_conflict,mismatched,false,conflict
session_6dc36c10e8e79368,S,2026-08-02,9,8,adb-observer,1,129.922,final-capture-complete,1,needs_review,3,complete,auction-protocol-v2,17,17,0,0,true,6584790,0.982693,59,9556472,2971682,false,true,classifier,true,yolo26n_background_catalog_scored,true,196,1,0,16,12,24,7,10,8,6,14,21,2446,61123,161974.101695,2999999,final_total_conflict,mismatched,false,conflict
session_74c288d46722753b,S,2026-08-02,9,9,adb-observer,1,105.047,final-capture-complete,2,complete_with_identity_review,3,complete,auction-protocol-v2,31,30,1,0,true,5243449,0.976691,44,5243449,0,true,true,classifier,true,yolo26n_background_catalog_scored,true,148,1,0,10,16,15,3,7,1,8,9,19,2360,99177.5,119169.295455,1080961,reviewed,matched,true,auto_confirmed
session_8f766334b9ddc1b4,S,2026-08-02,9,10,adb-observer,1,157.625,final-capture-complete,5,complete,3,complete,auction-protocol-v2,77,77,0,0,true,2163538,0.988522,17,2163538,0,true,true,classifier,true,yolo26n_background_catalog_scored,true,46,0,0,2,4,9,2,5,1,3,3,5,8454,106949,127266.941176,364855,reviewed,matched,true,auto_confirmed
session_4a6cc69347630b39,S,2026-08-02,9,11,adb-observer,1,212.563,final-capture-complete,5,complete,3,complete,auction-protocol-v2,79,78,1,0,true,5820643,0.991335,27,5820643,0,true,true,classifier,true,yolo26n_background_catalog_scored,true,112,0,0,4,6,11,6,1,3,4,4,15,6685,119697,215579.37037,2394967,reviewed,matched,true,auto_confirmed
session_8e2840ed2ce721b1,S,2026-08-02,9,12,adb-observer,1,262.438,final-capture-complete,5,needs_review,3,complete,auction-protocol-v2,76,76,0,0,true,5848589,0.971585,58,5766843,-81746,false,true,classifier,true,yolo26n_background_catalog_scored,true,187,3,3,13,21,20,4,13,7,4,8,26,1814,92730.0,99428.327586,283538,final_total_conflict,mismatched,false,conflict
session_597dcc7c9eab344d,S,2026-08-02,9,13,adb-observer,1,192.265,final-capture-complete,5,complete,3,complete,auction-protocol-v2,80,77,3,0,true,3996402,0.988587,19,3996402,0,true,true,classifier,true,yolo26n_background_catalog_scored,true,49,0,0,3,7,6,3,7,0,3,3,6,1814,70278,210336.947368,2685114,reviewed,matched,true,auto_confirmed
session_3546b5e2f85599d1,S,2026-08-02,9,14,adb-observer,1,210.75,final-capture-complete,5,complete,3,complete,auction-protocol-v2,77,77,0,0,true,1597598,0.980576,23,1597598,0,true,true,classifier,true,yolo26n_background_catalog_scored,true,63,0,0,7,6,7,3,6,1,4,2,10,1814,44974,69460.782609,281034,reviewed,matched,true,auto_confirmed
